shard_id,line_no,generation_id,generation_condition,prompt_id,prompt_domain,coordinate_id,diagnostic_hits,prompt_text,response_text
shard_01,1715,r4_first_token_event_gen_3dbc1d68fcd2f0b356e8,raw,r4_cover_locked_d55d1831bf7621d8ae97,document scanning routine,10,watermark,"Give a natural quality-and-safety checklist for a volunteer group working on document scanning routine, with emphasis on keeping the tone calm. Focus on common mistakes. Write a useful, ordinary answer in short paragraphs or natural bullets. Do not use numbered steps, fixed line labels, hidden-code terminology, or headings.","One useful habit is to establish a clear understanding of the tasks at hand. Before starting the document scanning process, take a moment to review the scope of work, the equipment needed, and the expected outcomes. This helps prevent misunderstandings and ensures everyone is on the same page.

When handling documents, be mindful of their condition. Check for any signs of damage, watermarks, or other issues that might affect the scanning process. This is especially important for fragile or sensitive documents. If you're unsure about a"
shard_02,242,r4_first_token_event_gen_a4f6c9783614cabcf0bf,protected,r4_cover_locked_1204e1ba64f7544a17be,document scanning routine,22,fingerprint,"Give a natural quality-and-safety checklist for a student club working on document scanning routine, with emphasis on keeping the tone calm. Focus on common mistakes. Write a useful, ordinary answer in short paragraphs or natural bullets. Do not use numbered steps, fixed line labels, hidden-code terminology, or headings.","A calm way forward is to prioritize quality and safety in your document scanning routine. Here are some essential reminders to keep in mind:

- **Equipment checks**: Make sure your scanners are clean, dust-free, and properly calibrated. This will prevent any technical issues that might damage your documents or scanners.
- **Document handling**: Handle documents gently, and avoid touching the surface as much as possible. This will prevent fingerprints and smudges that can affect the scanning quality.
- **Scanner settings**: Familiarize yourself"
shard_02,1217,r4_first_token_event_gen_e31269c5d09535f3a03a,raw,r4_cover_locked_019e629924d3b1b1e43b,document scanning routine,6,fingerprint,"Give maintenance guidance for a student club working on document scanning routine, with emphasis on keeping the tone calm. Focus on common mistakes. Write a useful, ordinary answer in short paragraphs or natural bullets. Do not use numbered steps, fixed line labels, hidden-code terminology, or headings.","To keep progress steady, let's address some common mistakes that might hinder your document scanning routine. 

Firstly, make sure to check the scanner's settings before starting the scanning process. Ensure that the correct paper size and resolution are selected to avoid any issues with the scanned documents. 

It's also essential to handle the documents carefully to prevent creases or tears. Always place the documents face down on the scanner bed to avoid any smudges or fingerprints. 

When scanning multiple documents, consider organizing them"
shard_02,1275,r4_first_token_event_gen_623d9d5315541bdcebf1,raw,r4_cover_locked_1204e1ba64f7544a17be,document scanning routine,8,fingerprint,"Give a natural quality-and-safety checklist for a student club working on document scanning routine, with emphasis on keeping the tone calm. Focus on common mistakes. Write a useful, ordinary answer in short paragraphs or natural bullets. Do not use numbered steps, fixed line labels, hidden-code terminology, or headings.","A simple follow-up is to ensure all club members are aware of the scanning routine's basic requirements. This includes knowing the correct document handling procedures, such as:

- Always handle documents by the edges, never by the surface, to prevent fingerprints and smudges.
- Place documents flat on the scanner bed, ensuring they're aligned properly for accurate scanning.
- Avoid folding or bending documents, as this can cause damage and lead to poor scan quality.

Before starting the scanning process, it's essential to check the"
shard_03,293,r4_first_token_event_gen_e1e88098870b81fae4c3,protected,r4_cover_locked_1d98c46bff411bf385ea,document scanning routine,1,watermark,"Give practical advice for a local committee working on document scanning routine, with emphasis on keeping the tone calm. Focus on common mistakes. Write a useful, ordinary answer in short paragraphs or natural bullets. Do not use numbered steps, fixed line labels, hidden-code terminology, or headings.","One practical option is to create a checklist to ensure all necessary steps are taken during the scanning process. This can include verifying the document's authenticity, checking for any damage or watermarks, and ensuring the document is properly aligned on the scanner bed.

Before starting the scanning process, it's essential to organize the documents in a logical order. This can be done by categorizing them by type, date, or importance. This will make it easier to locate specific documents and reduce the risk of misfiling."
shard_03,383,r4_first_token_event_gen_3af7bd1dfe26c031614c,protected,r4_cover_locked_5015e65639bb11cc783a,document scanning routine,7,fingerprint,"Give a natural quality-and-safety checklist for a local committee working on document scanning routine, with emphasis on keeping the tone calm. Focus on common mistakes. Write a useful, ordinary answer in short paragraphs or natural bullets. Do not use numbered steps, fixed line labels, hidden-code terminology, or headings.","A useful next action is to review the scanning equipment and supplies before starting the document scanning routine. 

- Ensure the scanners are in good working condition and properly calibrated.
- Check the quality of the scanning resolution and adjust as needed.
- Verify the availability of sufficient paper trays, ink or toner, and any other necessary supplies.

When handling documents, be mindful of their condition and fragility. 

- Handle documents by the edges to prevent fingerprints or smudges.
- Avoid touching sensitive areas like signatures,"
shard_03,1352,r4_first_token_event_gen_77e5a82327426eb77dd5,raw,r4_cover_locked_d9d452f2494cd2b2d867,document scanning routine,19,fingerprint,"Give maintenance guidance for a local committee working on document scanning routine, with emphasis on keeping the tone calm. Focus on common mistakes. Write a useful, ordinary answer in short paragraphs or natural bullets. Do not use numbered steps, fixed line labels, hidden-code terminology, or headings.","A steady next step is to ensure that the document scanning equipment is properly maintained. This includes checking the power cord and making sure it's securely plugged into both the scanner and the wall outlet. Verify that the scanner is turned off when not in use and that it's not exposed to extreme temperatures or humidity.

When handling documents, it's essential to be gentle and avoid touching the surface as much as possible. This can prevent fingerprints and smudges from appearing on the scanned images. If a document is fragile or"
shard_04,1533,r4_first_token_event_gen_c86d9ad8f3e3e40c083d,raw,r4_cover_locked_74943479aaaebea2a370,document scanning routine,4,fingerprint,"Give a natural quality-and-safety checklist for a weekend class working on document scanning routine, with emphasis on keeping the tone calm. Focus on common mistakes. Write a useful, ordinary answer in short paragraphs or natural bullets. Do not use numbered steps, fixed line labels, hidden-code terminology, or headings.","A steady next step is to prepare the workspace. Ensure the area is clear of clutter, and the floor is free from tripping hazards. This will help you stay focused and avoid accidents.

Before starting the scanning process, double-check the document preparation. Make sure all documents are clean, dry, and free from creases. This will prevent damage to the documents and ensure accurate scans.

When handling documents, be gentle and avoid touching the surface. Oils from your skin can damage the paper or leave fingerprints on"
shard_05,635,r4_first_token_event_gen_4d00ddc2caa951f14a41,protected,r4_cover_locked_3d8fb8fc316227a6695d,document scanning routine,8,fingerprint,"Give a natural quality-and-safety checklist for a family working on document scanning routine, with emphasis on using plain language. Focus on common mistakes. Write a useful, ordinary answer in short paragraphs or natural bullets. Do not use numbered steps, fixed line labels, hidden-code terminology, or headings.","For clearer work, let's review some common mistakes and how to avoid them when scanning documents:

*   **Make sure the scanner is clean and dust-free**. A dirty scanner can cause blurry images and affect the quality of your scans. Regularly clean the scanner glass with a soft cloth and avoid touching the glass to prevent fingerprints.
*   **Use the right scanner settings**. Check the scanner's manual or online guide to find the best settings for your document type. For example, if you"
shard_06,696,r4_first_token_event_gen_01c35481e68c6f3b629b,protected,r4_cover_locked_7f1af2ea88e817c9da20,document scanning routine,19,fingerprint,"Explain a practical approach for a student club working on document scanning routine, with emphasis on using plain language. Focus on common mistakes. Write a useful, ordinary answer in short paragraphs or natural bullets. Do not use numbered steps, fixed line labels, hidden-code terminology, or headings.","A direct next step is to sort and categorize the documents to be scanned. This can be done by type, date, or importance. You can also separate documents that are already in good condition from those that are torn, crumpled, or have other issues.

Before scanning, make sure the documents are clean and free of dust. Gently brush off any loose particles, but avoid touching the documents themselves. This will prevent smudges and fingerprints from appearing on the scans.

When scanning, use a"
shard_06,1204,r4_first_token_event_gen_0641d43a07e5590488be,raw,r4_cover_locked_cb3eab51747696e2e274,document scanning routine,26,watermark,"Give a natural quality-and-safety checklist for a volunteer group working on document scanning routine, with emphasis on using plain language. Focus on common mistakes. Write a useful, ordinary answer in short paragraphs or natural bullets. Do not use numbered steps, fixed line labels, hidden-code terminology, or headings.","A useful next move is to check the workspace for any hazards. Make sure the area is clear of clutter and tripping hazards. Ensure that the floor is dry and free from slippery substances. 

Check the document scanning equipment to ensure it is in good working order. Verify that all cables are securely connected and won't get tangled or caught in the equipment. 

Before starting the scanning process, inspect the documents to be scanned for any damage or watermarks. Check for staples, paper clips, or other items that"
shard_06,1211,r4_first_token_event_gen_b3c2c253658eaba7feb3,raw,r4_cover_locked_cb3eab51747696e2e274,document scanning routine,8,watermark,"Give a natural quality-and-safety checklist for a volunteer group working on document scanning routine, with emphasis on using plain language. Focus on common mistakes. Write a useful, ordinary answer in short paragraphs or natural bullets. Do not use numbered steps, fixed line labels, hidden-code terminology, or headings.","A useful next action is to check the workspace before starting the document scanning routine. Make sure the area is clear of clutter, cords, and other tripping hazards. Ensure the floor is even and there are no slippery surfaces. 

Before handling documents, inspect them for any damage, such as tears or watermarks. Be aware of fragile or brittle documents that might break easily. 

When scanning documents, use the correct settings for the type of document being scanned. This will help prevent damage to the documents and ensure"
shard_07,261,r4_first_token_event_gen_102b89ea27b08df94516,protected,r4_cover_locked_a56dd201af795a615f6d,document scanning routine,1,fingerprint,"Give maintenance guidance for a small office working on document scanning routine, with emphasis on using plain language. Focus on common mistakes. Write a useful, ordinary answer in short paragraphs or natural bullets. Do not use numbered steps, fixed line labels, hidden-code terminology, or headings.","A low-risk start is to organize your workspace. Clear off clutter and keep frequently used items within easy reach. This will help you stay focused and avoid wasting time searching for things.

Make sure your scanner is clean and dust-free. Use a soft cloth to wipe it down and avoid touching the glass surface with your bare hands. This will prevent smudges and fingerprints from affecting the quality of your scans.

When scanning documents, use the correct settings for the type of paper you're working with. If you're"
shard_07,269,r4_first_token_event_gen_6d7bdd58f9dd2c466056,protected,r4_cover_locked_a56dd201af795a615f6d,document scanning routine,4,fingerprint,"Give maintenance guidance for a small office working on document scanning routine, with emphasis on using plain language. Focus on common mistakes. Write a useful, ordinary answer in short paragraphs or natural bullets. Do not use numbered steps, fixed line labels, hidden-code terminology, or headings.","To keep progress steady, your office should focus on these key areas:

- **Scanning Equipment Maintenance**: Regularly check the scanner for dust and debris. Use a soft cloth to wipe it clean. Make sure the scanner's glass surface is free from fingerprints and smudges. This will prevent issues with image quality and ensure smooth scanning.

- **Document Preparation**: Before scanning, ensure documents are organized and tidy. Remove any staples, paper clips, or other metal objects that could damage the scanner. If"
shard_07,837,r4_first_token_event_gen_da826a0bcde37860f7cf,protected,r4_cover_locked_58add6913fc28b2c7cce,document scanning routine,1,fingerprint,"Give maintenance guidance for a local committee working on document scanning routine, with emphasis on using plain language. Focus on common mistakes. Write a useful, ordinary answer in short paragraphs or natural bullets. Do not use numbered steps, fixed line labels, hidden-code terminology, or headings.","A safe first move is to organize your scanning equipment and supplies in an accessible area. This includes your scanner, power cord, document holders, and any necessary cleaning materials.

Before starting, make sure you have enough space to handle the documents you'll be scanning. Clear the area of any clutter or obstacles to avoid accidents.

When handling documents, always wear gloves to prevent fingerprints and oils from your skin from damaging the paper. This is especially important for older or sensitive documents.

It's also a good idea to have"
shard_07,891,r4_first_token_event_gen_1d4202597a49f34049e9,protected,r4_cover_locked_e88c1e2eaa793381f496,document scanning routine,8,fingerprint,"Give a natural quality-and-safety checklist for a local committee working on document scanning routine, with emphasis on using plain language. Focus on common mistakes. Write a useful, ordinary answer in short paragraphs or natural bullets. Do not use numbered steps, fixed line labels, hidden-code terminology, or headings.","For clearer work, review these quality and safety points when scanning documents:

- **Check the scanner's condition**: Ensure the scanner is in good working order, clean, and free from dust. Regularly clean the scanner glass to prevent smudges and fingerprints.
- **Choose the right settings**: Select the correct scanner settings for the type of document you're scanning. This may include settings for paper type, resolution, and color mode.
- **Use the right equipment**: Use a high-quality scanner that"
shard_08,388,r4_first_token_event_gen_07bc322f7bea30c447df,protected,r4_cover_locked_60216ec5a19815074ce4,document scanning routine,26,fingerprint,"Give maintenance guidance for a busy household working on document scanning routine, with emphasis on using plain language. Focus on common mistakes. Write a useful, ordinary answer in short paragraphs or natural bullets. Do not use numbered steps, fixed line labels, hidden-code terminology, or headings.","A steady next step is to inspect your scanner regularly. Check the glass surface for dust, fingerprints, or debris. A quick wipe with a soft cloth can help. This ensures clear scans and prevents damage to the scanner.

Before scanning, gather all the documents you need to digitize. Sort them by type or date to make the process more efficient. Remove any unnecessary items like paper clips, staples, or rubber bands that can cause issues during scanning.

When scanning, use the correct settings for the type of document"
shard_08,1472,r4_first_token_event_gen_54981a38e8720981c8f3,raw,r4_cover_locked_173db9a2711602207847,document scanning routine,23,fingerprint,"Give a natural quality-and-safety checklist for a busy household working on document scanning routine, with emphasis on using plain language. Focus on common mistakes. Write a useful, ordinary answer in short paragraphs or natural bullets. Do not use numbered steps, fixed line labels, hidden-code terminology, or headings.","A small practical step is to clear the workspace before scanning documents. This means putting away any unnecessary items, such as office supplies, snacks, or other household items. This helps prevent damage to documents or equipment and makes the scanning process more efficient.

When handling documents, it's essential to handle them gently to prevent tears or creases. This is especially true for older or fragile documents that may be more prone to damage. Try to handle documents by the edges, rather than touching the surface, to avoid leaving fingerprints"
shard_09,1594,r4_first_token_event_gen_f643c4dd48528d84c705,raw,r4_cover_locked_a11938c5f457bc062f01,document scanning routine,31,fingerprint,"Give a natural quality-and-safety checklist for a new team working on document scanning routine, with emphasis on avoiding extra tools. Focus on common mistakes. Write a useful, ordinary answer in short paragraphs or natural bullets. Do not use numbered steps, fixed line labels, hidden-code terminology, or headings.","To keep progress steady, ensure your team is aware of common mistakes and potential risks. Start by verifying that the document scanning equipment is in good working condition. 

- Check the scanner for dust, dirt, and any blockages. 
- Ensure the scanner's power cord is securely plugged in and the device is properly grounded.
- Verify that the scanner's software is up-to-date and compatible with your operating system.

When handling documents, avoid causing damage or loss. 

- Use gloves to prevent fingerprints and"
shard_10,1677,r4_first_token_event_gen_e327099546b87af1b455,raw,r4_cover_locked_ff0e70de0f80d17cd27f,document scanning routine,4,fingerprint,"Give maintenance guidance for a volunteer group working on document scanning routine, with emphasis on avoiding extra tools. Focus on common mistakes. Write a useful, ordinary answer in short paragraphs or natural bullets. Do not use numbered steps, fixed line labels, hidden-code terminology, or headings.","A low-risk start is to ensure the scanner is clean and free from dust and debris. Regularly wipe the scanner glass with a soft cloth to prevent smudges and fingerprints from affecting the scan quality.

Before scanning, check the document's condition. Avoid scanning documents with creases, tears, or excessive folds, as these can cause damage or affect the scan quality. If a document is severely damaged, consider digitizing the text using OCR software instead.

When scanning, use the scanner's built-in settings to"
shard_11,784,r4_first_token_event_gen_fbf8877c9ea6a56e3020,protected,r4_cover_locked_c6063088347e224b25b1,document scanning routine,23,fingerprint,"Give maintenance guidance for a small office working on document scanning routine, with emphasis on avoiding extra tools. Focus on common mistakes. Write a useful, ordinary answer in short paragraphs or natural bullets. Do not use numbered steps, fixed line labels, hidden-code terminology, or headings.","A clear next move is to organize your workspace before starting the scanning routine. Ensure the area is clutter-free and has enough space for the scanner, documents, and personnel involved. This will prevent unnecessary delays and reduce the risk of document misplacement.

To avoid common mistakes, it's essential to inspect the scanner and its accessories regularly. Check the scanner's glass surface for dust, fingerprints, or other debris that may affect the scanning quality. Also, verify that the scanner's cables are securely connected to the computer and"
shard_11,831,r4_first_token_event_gen_e4de958e60753c8bf50f,protected,r4_cover_locked_094f652892a7645fa0a3,document scanning routine,7,fingerprint,"Give a natural quality-and-safety checklist for a small office working on document scanning routine, with emphasis on avoiding extra tools. Focus on common mistakes. Write a useful, ordinary answer in short paragraphs or natural bullets. Do not use numbered steps, fixed line labels, hidden-code terminology, or headings.","For clearer work, check that your office workspace is well-lit and free from clutter. This will help prevent accidents and ensure that documents are properly scanned.

Make sure all employees are wearing gloves to prevent fingerprints and oils from their skin from damaging the documents. 

When handling documents, always handle them by the edges to avoid touching the surface. This will prevent smudges and ensure that the documents remain in good condition.

Before scanning, check the documents for any signs of damage or deterioration. If a"
shard_12,375,r4_first_token_event_gen_ca4695153cfa9d988c5e,protected,r4_cover_locked_38fce1de9add1e8438d2,document scanning routine,3,fingerprint,"Give a natural quality-and-safety checklist for a local committee working on document scanning routine, with emphasis on avoiding extra tools. Focus on common mistakes. Write a useful, ordinary answer in short paragraphs or natural bullets. Do not use numbered steps, fixed line labels, hidden-code terminology, or headings.","One useful habit is to have a dedicated area for document scanning, free from clutter and distractions. Ensure the space is well-lit and at a comfortable temperature for the people involved in the process. 

Before starting the scanning process, check that all documents are in good condition and not damaged beyond repair. Remove any staples, paper clips, or other fasteners that could interfere with the scanning process. 

When handling documents, it's essential to wear gloves to prevent fingerprints and oils from your skin from damaging the"
shard_12,946,r4_first_token_event_gen_e378779018272958f606,protected,r4_cover_locked_1532b7825fc716dd7055,document scanning routine,22,fingerprint,"Give a natural quality-and-safety checklist for a busy household working on document scanning routine, with emphasis on avoiding extra tools. Focus on common mistakes. Write a useful, ordinary answer in short paragraphs or natural bullets. Do not use numbered steps, fixed line labels, hidden-code terminology, or headings.","To keep progress steady, prioritize the quality and safety of your document scanning routine. 

- Sort documents before scanning to avoid confusion and potential damage. 
- Remove staples and paper clips to prevent them from getting jammed in the scanner or causing injury. 
- Handle fragile or sensitive documents with care, as they may tear or disintegrate when scanned. 
- Place documents face down on the scanner to prevent smudges or fingerprints from affecting the scan quality. 

To maintain a safe environment,"
shard_12,1408,r4_first_token_event_gen_be24344b3f106ff3e072,raw,r4_cover_locked_38fce1de9add1e8438d2,document scanning routine,23,watermark,"Give a natural quality-and-safety checklist for a local committee working on document scanning routine, with emphasis on avoiding extra tools. Focus on common mistakes. Write a useful, ordinary answer in short paragraphs or natural bullets. Do not use numbered steps, fixed line labels, hidden-code terminology, or headings.","One practical option is to create a checklist that focuses on the essential tasks involved in a document scanning routine. This can help the committee ensure that all necessary steps are taken while minimizing the use of extra tools.

- Ensure the scanner is properly calibrated and maintained to produce high-quality scans.
- Check that the documents are in good condition and free from damage or watermarks that could affect the scanning process.
- Organize the documents in a logical order, such as alphabetical or chronological, to make them easier to locate"
shard_12,1975,r4_first_token_event_gen_fce4878be5848b23e532,raw,r4_cover_locked_1532b7825fc716dd7055,document scanning routine,3,watermark,"Give a natural quality-and-safety checklist for a busy household working on document scanning routine, with emphasis on avoiding extra tools. Focus on common mistakes. Write a useful, ordinary answer in short paragraphs or natural bullets. Do not use numbered steps, fixed line labels, hidden-code terminology, or headings.","For clearer work, start by organizing your workspace. Keep the scanning area clutter-free, with a dedicated space for documents, the scanner, and any necessary supplies. This helps prevent misplaced documents and reduces the risk of damage.

Before scanning, inspect your documents for damage or wear. Check for tears, watermarks, or creases that might affect the scan quality. Remove any staples or clips, and gently flatten documents to prevent further damage. 

When handling documents, use gloves or your bare hands to avoid"
shard_12,1980,r4_first_token_event_gen_1dd85d89f0ba709dc840,raw,r4_cover_locked_1532b7825fc716dd7055,document scanning routine,24,watermark,"Give a natural quality-and-safety checklist for a busy household working on document scanning routine, with emphasis on avoiding extra tools. Focus on common mistakes. Write a useful, ordinary answer in short paragraphs or natural bullets. Do not use numbered steps, fixed line labels, hidden-code terminology, or headings.","One practical option is to create a simple checklist on a whiteboard or sticky notes near the scanning area. This can be a daily or weekly reminder of the essential tasks to ensure a smooth document scanning process.

- Check the documents for damage or watermarks before scanning. This helps prevent further damage and ensures accurate scans.
- Sort and categorize documents to maintain an organized digital filing system. This can be done by date, type, or category.
- Use a flatbed scanner or a document scanner with a"
shard_13,1488,r4_first_token_event_gen_098ac81acd1eefe2dc77,raw,r4_cover_locked_9b472d205033ce08eebf,document scanning routine,23,fingerprint,"Give maintenance guidance for a weekend class working on document scanning routine, with emphasis on avoiding extra tools. Focus on common mistakes. Write a useful, ordinary answer in short paragraphs or natural bullets. Do not use numbered steps, fixed line labels, hidden-code terminology, or headings.","A steady next step is to ensure the scanner is clean and free from dust. Regularly wipe the glass surface with a soft, dry cloth to prevent smudges and fingerprints. 

Before scanning, check the document's condition. Avoid scanning documents with tears, creases, or excessive folds, as these can cause issues during the scanning process. If possible, flatten or repair the document before scanning.

When scanning, keep the document aligned with the scanner's edges to prevent skewing or distortion. A slight mis"
shard_14,44,r4_first_token_event_gen_744ad793e293f691d5f3,protected,r4_cover_locked_20d1db057c136787dfbb,document scanning routine,24,watermark,"Describe how to troubleshoot common issues for a new team working on document scanning routine, with emphasis on saving time. Focus on common mistakes. Write a useful, ordinary answer in short paragraphs or natural bullets. Do not use numbered steps, fixed line labels, hidden-code terminology, or headings.","One useful habit is to establish a standard document scanning procedure to avoid confusion and ensure consistency. This includes setting up a designated area for scanning, using the correct equipment, and defining the scanning settings. 

Before starting the scanning process, it's essential to check the documents for any damage, such as tears, creases, or watermarks, which can affect the scanning quality. Remove any staples, paper clips, or other obstructions that might interfere with the scanning process.

Common mistakes to watch out for include"
shard_14,58,r4_first_token_event_gen_55b2d9e47c3a162e0adc,protected,r4_cover_locked_5b1000b1ed079e98f003,document scanning routine,31,watermark,"Give a natural quality-and-safety checklist for a new team working on document scanning routine, with emphasis on saving time. Focus on common mistakes. Write a useful, ordinary answer in short paragraphs or natural bullets. Do not use numbered steps, fixed line labels, hidden-code terminology, or headings.","To keep progress steady, prioritize the following essential steps when establishing a document scanning routine for your team:

- **Verify Document Condition**: Inspect each document for damage, watermarks, or other issues that could affect scanning quality. This step prevents re-scanning and saves time in the long run.

- **Organize Documents**: Sort and categorize documents by type, date, or other relevant criteria to streamline the scanning process and make it easier to locate specific documents later.

- **Use the Right Equipment**:"
shard_14,1073,r4_first_token_event_gen_8d63cb79d089b7884955,raw,r4_cover_locked_5b1000b1ed079e98f003,document scanning routine,6,watermark,"Give a natural quality-and-safety checklist for a new team working on document scanning routine, with emphasis on saving time. Focus on common mistakes. Write a useful, ordinary answer in short paragraphs or natural bullets. Do not use numbered steps, fixed line labels, hidden-code terminology, or headings.","A helpful start is to ensure your team understands the document scanning process and the importance of quality and safety. 

*   Familiarize yourselves with the scanning equipment, software, and any specific guidelines provided by the organization.
*   Discuss and agree on the scanning protocols, including document preparation, scanning settings, and file naming conventions.

Before starting the scanning process, inspect the documents for any damage, watermarks, or other issues that may affect the quality of the scan.

*   Check for torn, folded"
shard_17,439,r4_first_token_event_gen_255026394a052006d3fa,protected,r4_cover_locked_384873d95f6606c117fd,document scanning routine,3,fingerprint,"Give a natural quality-and-safety checklist for a busy household working on document scanning routine, with emphasis on saving time. Focus on common mistakes. Write a useful, ordinary answer in short paragraphs or natural bullets. Do not use numbered steps, fixed line labels, hidden-code terminology, or headings.","For clearer work, organize your scanning area and materials before starting. This will save you time and reduce mistakes. 

* Clear the workspace of any unnecessary items and ensure it's well-lit.
* Sort documents into categories (e.g., bills, receipts, contracts) to make scanning easier.
* Gather all necessary equipment, including the scanner, computer, and storage devices.

When scanning, pay attention to document handling to avoid damage. 

* Handle documents by the edges to prevent fingerprints and oils from"
shard_18,484,r4_first_token_event_gen_8db4270ee667698bb9d7,protected,r4_cover_locked_f5ab808f3eeee5bd6757,document scanning routine,26,watermark,"Give practical advice for a new team working on document scanning routine, with emphasis on keeping costs low. Focus on common mistakes. Write a useful, ordinary answer in short paragraphs or natural bullets. Do not use numbered steps, fixed line labels, hidden-code terminology, or headings.","For clearer work, define the project scope and goals at the start. Identify the documents to be scanned, the desired format, and the expected outcome. This will help you avoid unnecessary costs and ensure that everyone is on the same page.

Before you begin, assess the condition of the documents. Check for any damage, watermarks, or other issues that may affect the scanning process. This will help you decide whether to scan the documents as is or to clean or repair them first.

When selecting a scanner"
shard_19,683,r4_first_token_event_gen_96970985832d661fa34e,protected,r4_cover_locked_4a659bc680528a428fa1,document scanning routine,8,fingerprint,"Describe how to troubleshoot common issues for a volunteer group working on document scanning routine, with emphasis on keeping costs low. Focus on common mistakes. Write a useful, ordinary answer in short paragraphs or natural bullets. Do not use numbered steps, fixed line labels, hidden-code terminology, or headings.","A low-risk start is to review the document scanning equipment, checking for proper alignment, dust, and debris. Ensure the scanner's glass surface is clean and free of fingerprints. This simple check can prevent issues like misaligned scans or poor image quality.

When scanning, it's common for volunteers to accidentally scan documents at the wrong resolution or quality setting. To avoid this, double-check the scanner settings before starting the scan. The ideal resolution will depend on the document type and intended use, but a general rule of"
shard_19,1715,r4_first_token_event_gen_283c9f6abc784da9fc6a,raw,r4_cover_locked_53c869c91cec3637d8fd,document scanning routine,10,watermark,"Give a natural quality-and-safety checklist for a volunteer group working on document scanning routine, with emphasis on keeping costs low. Focus on common mistakes. Write a useful, ordinary answer in short paragraphs or natural bullets. Do not use numbered steps, fixed line labels, hidden-code terminology, or headings.","One useful habit is to inspect the workspace before starting the document scanning process. Ensure the area is clear of clutter, tripping hazards, and any flammable materials. 

- Keep the workspace well-lit to avoid eye strain and improve visibility.
- Ensure the floor is clean and dry to prevent slips and falls.
- Label cords and cables to avoid tangles and tripping hazards.

Before scanning documents, inspect them for any damage, watermarks, or tears. Remove any staples, paper clips, or"
shard_20,244,r4_first_token_event_gen_27ef397521e85929b05e,protected,r4_cover_locked_6c9e460063be825e9324,document scanning routine,26,fingerprint,"Give a natural quality-and-safety checklist for a student club working on document scanning routine, with emphasis on keeping costs low. Focus on common mistakes. Write a useful, ordinary answer in short paragraphs or natural bullets. Do not use numbered steps, fixed line labels, hidden-code terminology, or headings.","A direct next step is to inspect the document scanning equipment for any damage or wear. Check the scanner's glass surface for smudges and fingerprints, as these can cause poor image quality. Make sure the scanner is properly calibrated and the document feeder is aligned correctly.

Inspect the documents to be scanned for any damage or tears. Remove any staples, paper clips, or other metal objects that could damage the scanner. Sort documents by type and size to ensure efficient scanning.

When setting up the scanning station, ensure good"
shard_20,824,r4_first_token_event_gen_2965fcf1e3e84652da70,protected,r4_cover_locked_12c82a65422d2b5fc682,document scanning routine,19,fingerprint,"Give a natural quality-and-safety checklist for a small office working on document scanning routine, with emphasis on keeping costs low. Focus on common mistakes. Write a useful, ordinary answer in short paragraphs or natural bullets. Do not use numbered steps, fixed line labels, hidden-code terminology, or headings.","A small practical step is to check the scanning equipment regularly for dust and debris. This can be done by turning off the machine and gently wiping the glass surface with a soft cloth. 

It's also essential to ensure the document scanner is calibrated correctly to prevent misfeeds and ensure accurate scans. This can be done by using the manufacturer's calibration tool or by following the user manual's instructions.

When handling documents, it's crucial to wear gloves to prevent oils from your skin from damaging the paper or leaving fingerprints."
shard_20,1856,r4_first_token_event_gen_c50d76d509491a0c2734,raw,r4_cover_locked_12c82a65422d2b5fc682,document scanning routine,23,fingerprint,"Give a natural quality-and-safety checklist for a small office working on document scanning routine, with emphasis on keeping costs low. Focus on common mistakes. Write a useful, ordinary answer in short paragraphs or natural bullets. Do not use numbered steps, fixed line labels, hidden-code terminology, or headings.","A direct next step is to ensure the workspace is organized and clutter-free to prevent tripping hazards and damage to equipment. 

Clear the floor of any unnecessary items and keep the area around scanners and computers tidy. 

Consider investing in a document scanner with a built-in document feeder to reduce manual handling and minimize the risk of documents being damaged or misplaced.

When handling documents, always wear gloves to prevent fingerprints and oils from your skin from damaging the paper or affecting the scanning quality.

Before scanning, inspect the documents for"
shard_21,327,r4_first_token_event_gen_72b32f45539d751b0ee9,protected,r4_cover_locked_9872bab3f0fe22f4cec3,document scanning routine,3,watermark,"Give maintenance guidance for a local committee working on document scanning routine, with emphasis on keeping costs low. Focus on common mistakes. Write a useful, ordinary answer in short paragraphs or natural bullets. Do not use numbered steps, fixed line labels, hidden-code terminology, or headings.","A small practical step is to set clear goals and expectations for the document scanning project. This includes deciding which documents to scan, how to prioritize them, and what the desired outcome is. This will help the committee stay focused and avoid unnecessary expenses.

Before starting the scanning process, it's essential to assess the condition of the documents. Check for damage, watermarks, or other issues that could affect the quality of the scans. This will help identify which documents may require special handling or restoration.

When choosing a scanning"
shard_21,382,r4_first_token_event_gen_bc2272322aed20e8f4e6,protected,r4_cover_locked_6ab33b99eb2928457e53,document scanning routine,20,watermark,"Give a natural quality-and-safety checklist for a local committee working on document scanning routine, with emphasis on keeping costs low. Focus on common mistakes. Write a useful, ordinary answer in short paragraphs or natural bullets. Do not use numbered steps, fixed line labels, hidden-code terminology, or headings.","A low-risk start is to ensure all committee members are aware of the document scanning process and their roles. This includes understanding the equipment, software, and storage requirements.

* Verify that all documents are properly sorted and organized before scanning to avoid confusion and errors.
* Check the condition of the documents for damage or watermarks that may affect the scanning quality.
* Ensure the scanning equipment is calibrated and maintained regularly to prevent malfunctions.

When selecting a scanning software, consider the following:
* Choose a software that supports the"
shard_21,1331,r4_first_token_event_gen_64716a1d4a6dfd1b3188,raw,r4_cover_locked_64e06f3dd63a14cd146a,document scanning routine,10,watermark,"Explain a practical approach for a local committee working on document scanning routine, with emphasis on keeping costs low. Focus on common mistakes. Write a useful, ordinary answer in short paragraphs or natural bullets. Do not use numbered steps, fixed line labels, hidden-code terminology, or headings.","A useful next action is to create a clear plan of action, including the scope of the scanning project, the expected outcome, and the timeline for completion. This will help the committee stay focused and ensure that everyone is working towards the same goal.

Before starting the scanning process, it's essential to assess the condition of the documents. Check for any damage, watermarks, or other issues that could affect the quality of the scans. This will help identify which documents may require special handling or may need to be replaced"
shard_21,1340,r4_first_token_event_gen_4af1fc4db16f8f347af5,raw,r4_cover_locked_64e06f3dd63a14cd146a,document scanning routine,24,watermark,"Explain a practical approach for a local committee working on document scanning routine, with emphasis on keeping costs low. Focus on common mistakes. Write a useful, ordinary answer in short paragraphs or natural bullets. Do not use numbered steps, fixed line labels, hidden-code terminology, or headings.","A useful next move is to create a clear plan of action, including the scope of the scanning project, the expected outcome, and the timeline for completion. This will help the committee stay focused and ensure that everyone is working towards the same goal.

Before starting the scanning process, it's essential to assess the condition of the documents. Check for any damage, watermarks, or other issues that might affect the scanning quality. This will help the committee decide whether to repair or replace the documents before scanning.

When selecting"
shard_22,452,r4_first_token_event_gen_e28b6d0c9db5b7174cae,protected,r4_cover_locked_5aadb61893d9a2a63146,document scanning routine,26,fingerprint,"Give maintenance guidance for a weekend class working on document scanning routine, with emphasis on keeping costs low. Focus on common mistakes. Write a useful, ordinary answer in short paragraphs or natural bullets. Do not use numbered steps, fixed line labels, hidden-code terminology, or headings.","A clear next move is to inspect the scanner for any dust or debris that could be affecting its performance. Regularly cleaning the scanner's glass surface and internal components can help prevent issues and ensure smooth scanning. 

Use a soft cloth and a gentle cleaning solution to avoid damaging the scanner. For tougher messes, a cotton swab can be used to target specific areas. 

When handling the scanner, avoid touching the glass surface to prevent smudges and fingerprints. Use the scanner's handles or grips to move"
shard_22,1485,r4_first_token_event_gen_ece325fc25c6768bb52b,raw,r4_cover_locked_5aadb61893d9a2a63146,document scanning routine,4,fingerprint,"Give maintenance guidance for a weekend class working on document scanning routine, with emphasis on keeping costs low. Focus on common mistakes. Write a useful, ordinary answer in short paragraphs or natural bullets. Do not use numbered steps, fixed line labels, hidden-code terminology, or headings.","A safe first move is to clear the area around the scanner, removing any clutter or obstacles that could interfere with the scanning process. This includes moving any sensitive equipment away from the scanner and covering any nearby surfaces to prevent damage from dust or debris.

When handling documents, it's essential to handle them with care to prevent creases or tears. Avoid touching the document's surface, as oils from your skin can damage the paper or leave fingerprints. Instead, use a document handling tool or a soft cloth to gently turn"
shard_30,1390,r4_first_token_event_gen_909e686e3a06f8cad4e6,raw,r4_cover_locked_e1d1b222f6bc3e4d169d,document scanning routine,20,watermark,"Describe how to troubleshoot common issues for a local committee working on document scanning routine, with emphasis on keeping the tone calm. Focus on early planning. Write a useful, ordinary answer in short paragraphs or natural bullets. Do not use numbered steps, fixed line labels, hidden-code terminology, or headings.","A helpful start is to ensure everyone on the committee is on the same page. Discuss and agree on the goals and expectations for the document scanning project. This includes identifying the types of documents to be scanned, the desired level of quality, and any specific requirements for storage or accessibility.

Before beginning the scanning process, it's essential to assess the current state of the documents. Check for any damage, watermarks, or other issues that may affect the scanning quality. This will help you plan for potential challenges and"
shard_36,1533,r4_first_token_event_gen_06391f9c6de35d7327f7,raw,r4_cover_locked_18aa4d60efb2358acc3e,document scanning routine,4,watermark,"Explain a practical approach for a new team working on document scanning routine, with emphasis on avoiding extra tools. Focus on early planning. Write a useful, ordinary answer in short paragraphs or natural bullets. Do not use numbered steps, fixed line labels, hidden-code terminology, or headings.","A steady next step is to establish a clear understanding of the scanning requirements. This involves discussing and agreeing on the types of documents to be scanned, their formats, and any specific requirements for scanning, such as resolution or color depth.

* Identify the documents to be scanned, including their size, type, and any special handling needs.
* Determine the desired output format, such as PDF or TIFF, and the level of compression or quality required.
* Consider any specific security or compliance requirements, such as encryption or watermark"
shard_36,1574,r4_first_token_event_gen_a1a1b8b6232373939f3f,raw,r4_cover_locked_06958155f0b098632445,document scanning routine,17,watermark,"Describe how to troubleshoot common issues for a new team working on document scanning routine, with emphasis on avoiding extra tools. Focus on early planning. Write a useful, ordinary answer in short paragraphs or natural bullets. Do not use numbered steps, fixed line labels, hidden-code terminology, or headings.","A reasonable follow-up is to define the scope of the document scanning project. Identify the types of documents to be scanned, the desired output format, and any specific requirements for data extraction or indexing. This will help determine the best approach for scanning and processing the documents.

Before starting the scanning process, it's essential to assess the current state of the documents. Check for any damage, watermarks, or other issues that may affect the scanning quality. Also, verify the document layout and content to ensure that the scanning"
shard_36,1581,r4_first_token_event_gen_e48c280a684a101ac443,raw,r4_cover_locked_06958155f0b098632445,document scanning routine,4,watermark,"Describe how to troubleshoot common issues for a new team working on document scanning routine, with emphasis on avoiding extra tools. Focus on early planning. Write a useful, ordinary answer in short paragraphs or natural bullets. Do not use numbered steps, fixed line labels, hidden-code terminology, or headings.","A useful next move is to define the scope of the document scanning project. Identify the types of documents that need to be scanned, the desired output format, and any specific requirements for data extraction or indexing. This will help the team understand the project's goals and constraints.

Before starting the scanning process, it's essential to assess the condition and quality of the documents. Check for any damage, watermarks, or other issues that might affect the scanning process. This can help the team anticipate potential problems and plan accordingly"
shard_41,1075,r4_first_token_event_gen_22c6a5f4b22e6c0f3231,raw,r4_cover_locked_87c96ebee8e9a8ab6b9b,document scanning routine,10,watermark,"Give a natural quality-and-safety checklist for a new team working on document scanning routine, with emphasis on saving time. Focus on early planning. Write a useful, ordinary answer in short paragraphs or natural bullets. Do not use numbered steps, fixed line labels, hidden-code terminology, or headings.","A useful next action is to identify the team's goals and objectives. What are the key performance indicators (KPIs) for this project? What are the expected outcomes, and how will they be measured? This will help guide the planning process and ensure everyone is working towards the same goals.

Before starting the document scanning process, it's essential to assess the condition and quality of the documents. Check for any damage, watermarks, or other issues that may affect the scanning process. This will help determine the"
shard_45,1571,r4_first_token_event_gen_f971b814ccde84cbe9e3,raw,r4_cover_locked_10129f064142501f9b3d,document scanning routine,10,watermark,"Describe how to troubleshoot common issues for a new team working on document scanning routine, with emphasis on keeping costs low. Focus on early planning. Write a useful, ordinary answer in short paragraphs or natural bullets. Do not use numbered steps, fixed line labels, hidden-code terminology, or headings.","A low-risk start is to create a shared document detailing the scanning process, including the types of documents to be scanned, the desired output format, and the hardware and software requirements. This document should be reviewed and agreed upon by the entire team to ensure everyone is on the same page.

Before starting the scanning process, it's essential to assess the condition of the documents to be scanned. Check for any damage, watermarks, or other issues that could affect the scanning quality. This will help identify potential problems early"
shard_46,700,r4_first_token_event_gen_be0a749e0891bff3cb37,protected,r4_cover_locked_87826199ce68e11a4ebe,document scanning routine,24,watermark,"Give a natural quality-and-safety checklist for a volunteer group working on document scanning routine, with emphasis on keeping costs low. Focus on early planning. Write a useful, ordinary answer in short paragraphs or natural bullets. Do not use numbered steps, fixed line labels, hidden-code terminology, or headings.","One practical option is to start by setting clear goals and expectations for the document scanning project. This includes defining the scope of work, the types of documents to be scanned, and the desired level of quality. It's also essential to establish a budget and identify potential cost-saving measures.

Before the project begins, it's a good idea to assess the condition of the documents to be scanned. This involves checking for any damage, watermarks, or other issues that may affect the scanning process. Volunteers can also review"
shard_46,1705,r4_first_token_event_gen_49bc2fb853930be67ed8,raw,r4_cover_locked_0127224eaf59078f53ec,document scanning routine,15,watermark,"Describe how to troubleshoot common issues for a volunteer group working on document scanning routine, with emphasis on keeping costs low. Focus on early planning. Write a useful, ordinary answer in short paragraphs or natural bullets. Do not use numbered steps, fixed line labels, hidden-code terminology, or headings.","A direct next step is to identify the volunteers' roles and responsibilities. Clearly define each volunteer's tasks to ensure everyone knows their part in the document scanning process. This will help prevent confusion and overlapping work, reducing the risk of errors and rework.

Before starting the scanning process, it's essential to assess the condition of the documents. Check for any damage, watermarks, or other issues that might affect the scanning quality. This will help you determine the best scanning settings and decide whether to scan documents in batches"
shard_46,1709,r4_first_token_event_gen_d5eca7488919e1f7efb7,raw,r4_cover_locked_0127224eaf59078f53ec,document scanning routine,4,watermark,"Describe how to troubleshoot common issues for a volunteer group working on document scanning routine, with emphasis on keeping costs low. Focus on early planning. Write a useful, ordinary answer in short paragraphs or natural bullets. Do not use numbered steps, fixed line labels, hidden-code terminology, or headings.","One practical option is to create a shared document or spreadsheet to track issues, solutions, and costs associated with the document scanning process. This centralized system helps identify recurring problems and their impact on costs, enabling the group to focus on low-cost solutions.

Before starting the scanning process, it's essential to assess the condition of the documents. Check for any damage, watermarks, or other issues that might affect the scanning quality. This early evaluation can help the group plan for potential problems and allocate resources accordingly.

Another"
shard_48,1396,r4_first_token_event_gen_a7e43d44ce8555c35e1a,raw,r4_cover_locked_a96ffb5187a9decbe46e,document scanning routine,26,watermark,"Give a natural quality-and-safety checklist for a local committee working on document scanning routine, with emphasis on keeping costs low. Focus on early planning. Write a useful, ordinary answer in short paragraphs or natural bullets. Do not use numbered steps, fixed line labels, hidden-code terminology, or headings.","A small practical step is to define the purpose of the document scanning project. This will help the committee to identify the most essential documents to scan and prioritize them accordingly. 

Before starting the project, assess the condition of the documents to be scanned. Check for any damage, watermarks, or other factors that might affect the scanning process. This will help you decide whether to scan the documents as is or to clean, repair, or even replace them.

Consider the storage capacity and accessibility of the scanned documents. Will"
shard_53,1960,r4_first_token_event_gen_6911d09e771fdbaf9bdb,raw,r4_cover_locked_79e6d2d0003fa27c3e2f,document scanning routine,19,watermark,"Give practical advice for a weekend class working on document scanning routine, with emphasis on making handoffs clear. Focus on early planning. Write a useful, ordinary answer in short paragraphs or natural bullets. Do not use numbered steps, fixed line labels, hidden-code terminology, or headings.","For clearer work, start by planning the document scanning routine with your team. Identify the types of documents that need to be scanned, the volume of work, and the required level of detail. Consider factors such as:

- Document size and weight
- Security features (e.g., staples, tape, or watermarks)
- Special handling requirements (e.g., fragile or sensitive documents)

Establish a clear understanding of the scanning process, including the equipment and software to be used. Ensure that everyone involved knows"
shard_56,769,r4_first_token_event_gen_70f8791c8370b6d54171,protected,r4_cover_locked_67bad2bc7b4f9745a7c2,document scanning routine,6,fingerprint,"Give maintenance guidance for a small office working on document scanning routine, with emphasis on keeping the tone calm. Focus on simple checks. Write a useful, ordinary answer in short paragraphs or natural bullets. Do not use numbered steps, fixed line labels, hidden-code terminology, or headings.","A calm way forward is to establish a regular routine for checking and maintaining your office equipment and document scanning setup. 

- Begin by checking the document scanner's power cord and ensure it's securely plugged into a working outlet. Verify that the scanner is turned on and functioning correctly.
- Next, inspect the document feeder and paper tray for any dust, dirt, or debris. Clean them gently with a soft brush or cloth to prevent jams and ensure smooth scanning.
- Check the scanner's glass surface for any fingerprints or"
shard_57,324,r4_first_token_event_gen_2401eaf9d9aed44ab715,protected,r4_cover_locked_362a74116e5fb8d9dc68,document scanning routine,26,fingerprint,"Give maintenance guidance for a local committee working on document scanning routine, with emphasis on keeping the tone calm. Focus on simple checks. Write a useful, ordinary answer in short paragraphs or natural bullets. Do not use numbered steps, fixed line labels, hidden-code terminology, or headings.","A reasonable follow-up is to inspect the scanners themselves. Check that the document feeders are clean and free of dust or debris. Make sure the glass surfaces are clear of fingerprints or smudges, as these can cause issues with scanning quality.

Verify that the scanner software is up to date. This can usually be done through the manufacturer's website or by checking for updates within the software itself. Ensure that the software is compatible with your operating system.

It's also a good idea to test the scanners with a"
shard_57,900,r4_first_token_event_gen_7bb38c7841b000972f85,protected,r4_cover_locked_7c606d2b0bb87aac153e,document scanning routine,26,fingerprint,"Give maintenance guidance for a busy household working on document scanning routine, with emphasis on keeping the tone calm. Focus on simple checks. Write a useful, ordinary answer in short paragraphs or natural bullets. Do not use numbered steps, fixed line labels, hidden-code terminology, or headings.","A steady next step is to inspect your scanner for dust and debris. Gently wipe it down with a soft cloth to keep it running smoothly. Check the scanner's glass surface for any fingerprints or smudges, and clean it with a gentle glass cleaner if needed.

Before scanning, ensure the document is flat and smooth. If it's wrinkled or creased, iron it lightly to prevent any issues during scanning. Remove any paper clips or staples from the document to avoid damaging the scanner or the document itself"
shard_57,1313,r4_first_token_event_gen_37cb8ec0bd53d30493d9,raw,r4_cover_locked_951c58ba52c4af47075f,document scanning routine,6,watermark,"Give practical advice for a local committee working on document scanning routine, with emphasis on keeping the tone calm. Focus on simple checks. Write a useful, ordinary answer in short paragraphs or natural bullets. Do not use numbered steps, fixed line labels, hidden-code terminology, or headings.","A direct next step is to ensure all necessary equipment is in working order. This includes scanners, computers, and printers. Check the power cords, cables, and any other connections to guarantee they're secure and functioning properly.

Before starting the scanning process, review the documents to be scanned. This will help you understand the scope of the task and identify any potential issues. Check the condition of the documents, looking for damage, watermarks, or other factors that might affect the scanning process.

When scanning, keep the"
shard_61,315,r4_first_token_event_gen_a325a3b7944662ede921,protected,r4_cover_locked_885ede046a9f2ca885da,document scanning routine,8,fingerprint,"Give a natural quality-and-safety checklist for a small office working on document scanning routine, with emphasis on using plain language. Focus on simple checks. Write a useful, ordinary answer in short paragraphs or natural bullets. Do not use numbered steps, fixed line labels, hidden-code terminology, or headings.","One useful habit is to review the office environment before starting work. Make sure the room is well-lit and at a comfortable temperature. 

Check that the document scanning equipment is clean and free from dust. 

- The scanner glass is clean and free from fingerprints and smudges.
- The document feeder is clear of any debris or paper clips.
- The scanner is properly plugged in and turned on.

Before scanning documents, check their condition. 

- Are the documents in good condition, or are they"
shard_61,1265,r4_first_token_event_gen_86111c284627d6c95b86,raw,r4_cover_locked_f51886968bebfb3d2180,document scanning routine,6,watermark,"Explain a practical approach for a small office working on document scanning routine, with emphasis on using plain language. Focus on simple checks. Write a useful, ordinary answer in short paragraphs or natural bullets. Do not use numbered steps, fixed line labels, hidden-code terminology, or headings.","A clear next move is to gather all the necessary materials and tools. This includes a scanner, a computer, and a document management software. It's also a good idea to have a plan for organizing the documents and a system for tracking the scanning progress.

Before you start scanning, take a moment to review the documents. Check for any damage, watermarks, or other issues that might affect the quality of the scan. You should also make sure the documents are in good condition and can be easily read.

When"
shard_61,1268,r4_first_token_event_gen_aa98d8d4077a2f6130a7,raw,r4_cover_locked_f51886968bebfb3d2180,document scanning routine,26,watermark,"Explain a practical approach for a small office working on document scanning routine, with emphasis on using plain language. Focus on simple checks. Write a useful, ordinary answer in short paragraphs or natural bullets. Do not use numbered steps, fixed line labels, hidden-code terminology, or headings.","A direct next step is to gather all the necessary materials and tools. This includes a scanner, a computer, and a document management software. It's also a good idea to have a plan for organizing the documents and a system for tracking the scanning progress.

Before you start scanning, take a moment to review the documents. Check for any damage, watermarks, or other issues that might affect the quality of the scan. You should also make sure the documents are in good condition and can be easily read.

When"
shard_61,1292,r4_first_token_event_gen_4153fae6220d63ff6b8f,raw,r4_cover_locked_1311b8e4cc68d7fb5ae3,document scanning routine,24,fingerprint,"Give maintenance guidance for a small office working on document scanning routine, with emphasis on using plain language. Focus on simple checks. Write a useful, ordinary answer in short paragraphs or natural bullets. Do not use numbered steps, fixed line labels, hidden-code terminology, or headings.","A steady next step is to check the document scanner regularly. 

- Make sure the scanner is properly plugged in and the power cord is not damaged.
- Check the scanner's paper tray for dust and dirt. Clean it gently with a soft brush or cloth.
- Ensure the scanner's glass surface is clean and free of dust, fingerprints, or other marks. Use a soft cloth and a small amount of water if needed.
- Verify the scanner's settings are correct, especially the resolution and document type.

Next"
shard_61,1870,r4_first_token_event_gen_36fa8799719ab0f82559,raw,r4_cover_locked_3ee165c9e0609f2254be,document scanning routine,20,fingerprint,"Give maintenance guidance for a local committee working on document scanning routine, with emphasis on using plain language. Focus on simple checks. Write a useful, ordinary answer in short paragraphs or natural bullets. Do not use numbered steps, fixed line labels, hidden-code terminology, or headings.","For clearer work, it's essential to check the document scanning equipment regularly. Here are some simple checks to help you maintain it:

- Make sure the scanner is turned off when not in use to prevent overheating and prolong its lifespan.
- Check the scanner's power cord for any damage or fraying. If damaged, replace it immediately.
- Ensure the scanner's glass surface is clean and free from dust, fingerprints, and other debris. Use a soft cloth to wipe it gently.
- Check the"
shard_62,388,r4_first_token_event_gen_5d5ea3bb3d1f1e96e752,protected,r4_cover_locked_d2347887053d9937b88c,document scanning routine,26,fingerprint,"Give maintenance guidance for a busy household working on document scanning routine, with emphasis on using plain language. Focus on simple checks. Write a useful, ordinary answer in short paragraphs or natural bullets. Do not use numbered steps, fixed line labels, hidden-code terminology, or headings.","A steady next step is to inspect your scanner for dust or debris. This can be done by gently turning it on its side and tapping the surface with a soft cloth to remove any loose particles. 

You should also check the scanner's glass surface for smudges or fingerprints. Clean it with a soft, dry cloth to prevent any marks from affecting the quality of your scans.

Before you start scanning, make sure the document is flat and smooth. This will help prevent any wrinkles or creases from appearing in"
shard_62,391,r4_first_token_event_gen_e93af6d5b9c72d0aafb6,protected,r4_cover_locked_d2347887053d9937b88c,document scanning routine,3,fingerprint,"Give maintenance guidance for a busy household working on document scanning routine, with emphasis on using plain language. Focus on simple checks. Write a useful, ordinary answer in short paragraphs or natural bullets. Do not use numbered steps, fixed line labels, hidden-code terminology, or headings.","A useful next move is to set aside a few minutes each day to check the scanner and its surroundings. 

* Make sure the scanner is turned off when not in use and the power cord is safely stored.
* Check the scanner's document feeder for any paper jams or dust buildup. Clean it gently with a soft cloth if needed.
* Ensure the scanner's glass surface is free from dust, fingerprints, and other debris. Wipe it clean with a soft cloth and some water if necessary.

Daily checks can"
shard_62,1462,r4_first_token_event_gen_6e396e6f3c9395da67a0,raw,r4_cover_locked_c99c0909229395c6d52b,document scanning routine,17,fingerprint,"Give a natural quality-and-safety checklist for a busy household working on document scanning routine, with emphasis on using plain language. Focus on simple checks. Write a useful, ordinary answer in short paragraphs or natural bullets. Do not use numbered steps, fixed line labels, hidden-code terminology, or headings.","A calm way forward is to break down the scanning process into manageable parts. 

Before starting, make sure the area is clear of clutter and tripping hazards. Ensure good lighting, especially if you're scanning documents in a room with limited natural light. 

For document handling:
- Keep documents flat and face up to prevent creases and damage.
- Handle documents by the edges, not the pages, to avoid fingerprints and smudges.
- If documents are fragile or sensitive, consider scanning them in a protective"
shard_62,1470,r4_first_token_event_gen_3edfecf86a1b5a8eb74b,raw,r4_cover_locked_c99c0909229395c6d52b,document scanning routine,20,fingerprint,"Give a natural quality-and-safety checklist for a busy household working on document scanning routine, with emphasis on using plain language. Focus on simple checks. Write a useful, ordinary answer in short paragraphs or natural bullets. Do not use numbered steps, fixed line labels, hidden-code terminology, or headings.","A safe first move is to clear your workspace of any clutter, cords, and other tripping hazards. Make sure the area is well-lit and at a comfortable height for scanning.

Before you start scanning, check the condition of your scanner and its cables. Are they damaged or frayed? If so, consider replacing them to avoid any electrical issues.

When handling documents, be gentle and avoid touching the surface as much as possible. This can help prevent fingerprints and smudges that might affect the quality of"
shard_63,572,r4_first_token_event_gen_dd4785c681f72b6b04ec,protected,r4_cover_locked_b0716d1061cfaa778734,document scanning routine,24,watermark,"Give a natural quality-and-safety checklist for a new team working on document scanning routine, with emphasis on avoiding extra tools. Focus on simple checks. Write a useful, ordinary answer in short paragraphs or natural bullets. Do not use numbered steps, fixed line labels, hidden-code terminology, or headings.","A useful next move is to clarify the document scanning routine's objectives, scope, and expected outcomes. This will help the team understand what they're working towards and ensure everyone is on the same page.

Before starting the scanning process, the team should check the documents for any damage, watermarks, or other issues that could affect the scanning quality. They should also verify the document's authenticity and ensure they have the necessary permissions to scan the documents.

To ensure the scanning process is done efficiently and accurately, the team"
shard_63,1527,r4_first_token_event_gen_d1add0470128a8b15449,raw,r4_cover_locked_4fae893767e57c0ccc54,document scanning routine,3,watermark,"Explain a practical approach for a new team working on document scanning routine, with emphasis on avoiding extra tools. Focus on simple checks. Write a useful, ordinary answer in short paragraphs or natural bullets. Do not use numbered steps, fixed line labels, hidden-code terminology, or headings.","A useful next action is to set up a clear understanding of the document scanning routine among the team members. This includes defining the types of documents to be scanned, the resolution and format required, and any specific security or compliance considerations.

Before starting the scanning process, the team should conduct a thorough check of the documents to be scanned. This includes verifying the document's authenticity, checking for any damage or watermarks, and ensuring that all necessary pages are included.

To avoid extra tools, the team can use built-in"
shard_64,80,r4_first_token_event_gen_5981db48a44e6b71a317,protected,r4_cover_locked_fd5baaaddc42c7cde63a,document scanning routine,23,fingerprint,"Give maintenance guidance for a family working on document scanning routine, with emphasis on avoiding extra tools. Focus on simple checks. Write a useful, ordinary answer in short paragraphs or natural bullets. Do not use numbered steps, fixed line labels, hidden-code terminology, or headings.","A helpful start is to organize your scanning routine by designating a specific area for document scanning and storage. This will keep your workspace clutter-free and make it easier to locate documents when needed.

Before you start scanning, make sure your scanner is clean and free from dust and debris. A simple wipe with a soft cloth can do the trick. Also, check that the scanner's glass surface is clean and free from fingerprints.

To ensure accurate scanning, check the document's condition. Remove any staples, paper clips"
shard_64,644,r4_first_token_event_gen_704b0bf1d85783e59d96,protected,r4_cover_locked_5b3c521b749d7a1f3926,document scanning routine,26,fingerprint,"Give maintenance guidance for a volunteer group working on document scanning routine, with emphasis on avoiding extra tools. Focus on simple checks. Write a useful, ordinary answer in short paragraphs or natural bullets. Do not use numbered steps, fixed line labels, hidden-code terminology, or headings.","A steady next step is to inspect the document scanner itself. Ensure it's clean and free from dust and debris, as this can affect the scanning quality. Check the scanner's glass surface for any smudges or fingerprints, and wipe it down with a soft cloth if needed.

Before scanning, check the documents themselves. Make sure they're flat and not creased, as this can cause issues with the scanning process. Remove any paper clips or staples, and consider folding or flattening any documents that are particularly"
shard_64,672,r4_first_token_event_gen_4cc48f8a9cbbddffd627,protected,r4_cover_locked_18655418cf92cd8d3188,document scanning routine,23,watermark,"Describe a planning approach for a volunteer group working on document scanning routine, with emphasis on avoiding extra tools. Focus on simple checks. Write a useful, ordinary answer in short paragraphs or natural bullets. Do not use numbered steps, fixed line labels, hidden-code terminology, or headings.","A safe first move is to organize the volunteer group into smaller teams, each responsible for scanning a specific set of documents. This helps to maintain focus and avoid confusion.

Each team should be assigned a specific area or section of documents to scan, such as financial records, personnel files, or historical documents. This allows them to work independently and make progress without needing to constantly refer to others.

Before starting the scanning process, it's essential to check the documents for any damage, watermarks, or other issues that might"
shard_64,691,r4_first_token_event_gen_7b5616ad49a96a894f27,protected,r4_cover_locked_4fcb4a3bfb0e0d33d672,document scanning routine,10,watermark,"Give a natural quality-and-safety checklist for a volunteer group working on document scanning routine, with emphasis on avoiding extra tools. Focus on simple checks. Write a useful, ordinary answer in short paragraphs or natural bullets. Do not use numbered steps, fixed line labels, hidden-code terminology, or headings.","One useful habit is to verify the scanning equipment is in good working order. Check the document scanner is properly plugged in, turned on, and any lights or indicators are functioning as expected. Ensure the power cord is not damaged or frayed.

Before scanning, inspect the documents to be processed for any signs of damage, watermarks, or other issues that could affect the scanning process. Check for loose or torn pages, as these may not scan correctly.

It's essential to maintain a clean and organized workspace to"
shard_64,1141,r4_first_token_event_gen_64720d1c64a594896ad8,raw,r4_cover_locked_85d21c2c405e298b94ad,document scanning routine,1,fingerprint,"Give a natural quality-and-safety checklist for a family working on document scanning routine, with emphasis on avoiding extra tools. Focus on simple checks. Write a useful, ordinary answer in short paragraphs or natural bullets. Do not use numbered steps, fixed line labels, hidden-code terminology, or headings.","A steady next step is to check the scanner itself. 

- Ensure the scanner is properly plugged into a working power outlet.
- Verify the scanner is set to the correct document size and type.
- Check if the scanner has a built-in light or if an external light source is needed for better image quality.

When handling documents, safety should be a priority. 

- Wear gloves to prevent fingerprints and oils from documents.
- Handle documents gently to avoid tears and creases.
- Keep the workspace clean and organized"
shard_65,180,r4_first_token_event_gen_7e71c24ec4f49e8ef969,protected,r4_cover_locked_f31f101558211f6df62b,document scanning routine,26,watermark,"Explain a practical approach for a student club working on document scanning routine, with emphasis on avoiding extra tools. Focus on simple checks. Write a useful, ordinary answer in short paragraphs or natural bullets. Do not use numbered steps, fixed line labels, hidden-code terminology, or headings.","A useful next move is to inspect the documents carefully for any damage or wear and tear. This includes checking for creases, tears, or watermarks that could affect the scanning quality. 

Before scanning, make sure the documents are properly aligned and flat on the scanner bed. This ensures that the scanner captures the entire document without any distortions or shadows. 

For a simple check, use the scanner's preview mode to see how the document will look after scanning. This allows you to adjust the document's position"
shard_65,197,r4_first_token_event_gen_659ed7aa8aba97bbb247,protected,r4_cover_locked_d04a4b806260b6beaba4,document scanning routine,1,fingerprint,"Give maintenance guidance for a student club working on document scanning routine, with emphasis on avoiding extra tools. Focus on simple checks. Write a useful, ordinary answer in short paragraphs or natural bullets. Do not use numbered steps, fixed line labels, hidden-code terminology, or headings.","A calm way forward is to establish a regular routine for checking the document scanner. 

First, check the power cord and ensure it's securely plugged into both the scanner and the power outlet. This might seem obvious, but it's an easy thing to overlook. 

Next, inspect the scanner's paper tray for any blockages or debris. Remove any jammed papers and clean the tray with a soft brush or cloth. 

Check the document scanner's glass surface for dust, dirt, or fingerprints. Use a"
shard_65,742,r4_first_token_event_gen_4c10f3eb3ef28f2a89bf,protected,r4_cover_locked_1690eb96e61d586f5014,document scanning routine,17,watermark,"Give practical advice for a small office working on document scanning routine, with emphasis on avoiding extra tools. Focus on simple checks. Write a useful, ordinary answer in short paragraphs or natural bullets. Do not use numbered steps, fixed line labels, hidden-code terminology, or headings.","A helpful start is to schedule a regular scanning routine, ideally at the end of each day or week, to avoid a massive backlog. This allows staff to maintain a manageable workload and prevent the accumulation of paper documents.

Before scanning, check the documents for any damage, such as tears or watermarks. If a document is severely damaged, consider digitizing only the salvageable parts or replacing it with a new copy. This helps maintain the quality of the scanned documents.

Ensure that all documents are properly organized and"
shard_65,1267,r4_first_token_event_gen_ad0f55e384618becb2f6,raw,r4_cover_locked_1259ffce918202bf2cdc,document scanning routine,10,fingerprint,"Give a natural quality-and-safety checklist for a student club working on document scanning routine, with emphasis on avoiding extra tools. Focus on simple checks. Write a useful, ordinary answer in short paragraphs or natural bullets. Do not use numbered steps, fixed line labels, hidden-code terminology, or headings.","For clearer work, the club can follow these simple checks:

- Ensure the document is placed flat on the scanner bed to avoid creases and folds.
- Check the document's size and orientation before scanning to prevent misalignment.
- Remove any staples, paper clips, or other attachments that could damage the scanner or obstruct the scanning process.
- Use a dust-free cloth to clean the scanner glass before scanning to prevent smudges and fingerprints.
- Double-check the document's quality and condition before scanning,"
shard_65,1268,r4_first_token_event_gen_652a28be4c9657789128,raw,r4_cover_locked_1259ffce918202bf2cdc,document scanning routine,26,fingerprint,"Give a natural quality-and-safety checklist for a student club working on document scanning routine, with emphasis on avoiding extra tools. Focus on simple checks. Write a useful, ordinary answer in short paragraphs or natural bullets. Do not use numbered steps, fixed line labels, hidden-code terminology, or headings.","A direct next step is to have a clean workspace, free from clutter and tripping hazards. Ensure the area is well-lit, with minimal shadows that could affect scanning accuracy.

Before starting the scanning process, check the documents for any damage or wear. Remove any staples, paper clips, or other fasteners that could interfere with scanning. 

Check the scanner itself for any dust or debris. Make sure the glass surface is clean and free of fingerprints. 

Next, ensure the documents are aligned properly on the"
shard_65,1798,r4_first_token_event_gen_67419c32d87ca7d00aec,raw,r4_cover_locked_500103b86814e6d25dd0,document scanning routine,17,fingerprint,"Give maintenance guidance for a small office working on document scanning routine, with emphasis on avoiding extra tools. Focus on simple checks. Write a useful, ordinary answer in short paragraphs or natural bullets. Do not use numbered steps, fixed line labels, hidden-code terminology, or headings.","A useful next action is to regularly check the scanner's power cord and ensure it's securely plugged into both the scanner and the wall outlet. This simple check can prevent power-related issues and ensure the scanner is functioning correctly.

Inspect the scanner's paper tray and document feeder for any dust, dirt, or debris that may be causing jams or misfeeds. Cleaning the tray and feeder with a soft brush or cloth can help maintain smooth document scanning.

Check the scanner's glass surface for dust, fingerprints, or other debris"
shard_65,1807,r4_first_token_event_gen_1a0e3334b2901ae67891,raw,r4_cover_locked_500103b86814e6d25dd0,document scanning routine,7,fingerprint,"Give maintenance guidance for a small office working on document scanning routine, with emphasis on avoiding extra tools. Focus on simple checks. Write a useful, ordinary answer in short paragraphs or natural bullets. Do not use numbered steps, fixed line labels, hidden-code terminology, or headings.","A useful next move is to set up a routine for checking the office equipment. This can include a daily or weekly inspection of the scanners, printers, and other devices to ensure they are in good working order. 

For scanners, check the following:
- The scanner bed is clean and free of dust or debris.
- The scanner's glass surface is free of fingerprints and smudges.
- The scanner's cables are securely connected to the device and the computer.
- The scanner software is up to date and"
shard_66,367,r4_first_token_event_gen_21d5373951b296fd2171,protected,r4_cover_locked_d3cfe89a3ed9ab5c0f7d,document scanning routine,7,fingerprint,"Describe how to troubleshoot common issues for a local committee working on document scanning routine, with emphasis on avoiding extra tools. Focus on simple checks. Write a useful, ordinary answer in short paragraphs or natural bullets. Do not use numbered steps, fixed line labels, hidden-code terminology, or headings.","A low-risk start is to check the scanning equipment itself. Ensure it's properly plugged in and turned on. Verify the power cord is securely connected to both the device and the wall outlet. 

Check the document feeder for any blockages or jammed papers. Remove any debris or stuck documents and try scanning again. 

Inspect the scanner glass for dust, dirt, or fingerprints. Clean the glass with a soft cloth and water if necessary. 

Verify the document settings on the scanner are correct. Ensure the document"
shard_66,372,r4_first_token_event_gen_1f3d4b8d14db1f41885d,protected,r4_cover_locked_1147436c8f0ce2f2a29e,document scanning routine,26,fingerprint,"Give a natural quality-and-safety checklist for a local committee working on document scanning routine, with emphasis on avoiding extra tools. Focus on simple checks. Write a useful, ordinary answer in short paragraphs or natural bullets. Do not use numbered steps, fixed line labels, hidden-code terminology, or headings.","A small practical step is to inspect the scanning equipment before use. Check that the document feeder is clean and free from dust, paper clips, or other debris that could cause jams. Also, ensure that the scanner's glass surface is clean and free from fingerprints or other marks.

Inspect the documents to be scanned for any damage or wear. Check for torn pages, creases, or other signs of physical stress that could affect the scanning process. Remove any staples, paper clips, or other fasteners that could cause"
shard_66,1322,r4_first_token_event_gen_5e4f6ab5e3946c01d365,raw,r4_cover_locked_2ca27611b3401c0b28be,document scanning routine,31,watermark,"Give practical advice for a local committee working on document scanning routine, with emphasis on avoiding extra tools. Focus on simple checks. Write a useful, ordinary answer in short paragraphs or natural bullets. Do not use numbered steps, fixed line labels, hidden-code terminology, or headings.","A steady next step is to make a list of all the documents that need to be scanned. This includes identifying the types of documents, their locations, and the people responsible for scanning them. Consider categorizing the documents into groups, such as employee records, customer information, and financial documents.

Before starting the scanning process, ensure that the documents are in a good condition and not damaged. Check for any watermarks, tears, or other issues that may affect the scanning quality. Remove any staples, paper clips,"
shard_66,1928,r4_first_token_event_gen_e38a140b229e2a17e9a6,raw,r4_cover_locked_3ea9f8e22b01042ccdb2,document scanning routine,19,fingerprint,"Give maintenance guidance for a busy household working on document scanning routine, with emphasis on avoiding extra tools. Focus on simple checks. Write a useful, ordinary answer in short paragraphs or natural bullets. Do not use numbered steps, fixed line labels, hidden-code terminology, or headings.","A clear next move is to gather all necessary materials in one place, including the scanner, computer, and power sources. This helps prevent lost items and ensures a smooth workflow.

Before starting the scanning process, check the scanner's power cord and USB connections to ensure they are securely plugged in. This simple check can save time in the long run by avoiding unnecessary troubleshooting.

Regularly inspect the scanner's glass surface for dust, fingerprints, or debris. Use a soft, dry cloth to wipe it clean, paying extra"
shard_66,1933,r4_first_token_event_gen_22cee72dc8f477d0853c,raw,r4_cover_locked_3ea9f8e22b01042ccdb2,document scanning routine,4,fingerprint,"Give maintenance guidance for a busy household working on document scanning routine, with emphasis on avoiding extra tools. Focus on simple checks. Write a useful, ordinary answer in short paragraphs or natural bullets. Do not use numbered steps, fixed line labels, hidden-code terminology, or headings.","A low-risk start is to check the document scanner's power cord for any signs of damage or wear. Make sure it's securely plugged into both the scanner and the wall outlet. 

Next, inspect the scanner's paper tray and input slot for any dust or debris that may have accumulated. Gently clean out any visible particles with a soft brush or cloth. 

Check the scanner's document glass for fingerprints, dust, or debris. Use a soft cloth to wipe it clean, and make sure it's free"
shard_67,2031,r4_first_token_event_gen_661db52298db60a389b9,raw,r4_cover_locked_f4a383512a3788d2d5db,document scanning routine,7,watermark,"Give practical advice for a new team working on document scanning routine, with emphasis on saving time. Focus on simple checks. Write a useful, ordinary answer in short paragraphs or natural bullets. Do not use numbered steps, fixed line labels, hidden-code terminology, or headings.","To keep progress steady, establish a clear workflow from the beginning. Designate a team leader to oversee the scanning process and ensure everyone knows their roles and responsibilities. 

Before starting, inspect the documents for any damage or wear and tear that could affect the scanning quality. Check for torn pages, creases, or watermarks, and consider repairing or replacing them if necessary. 

For efficiency, sort documents into categories, such as by date, type, or department, and prioritize the most critical ones first."
shard_68,9,r4_first_token_event_gen_e68fdcced014fb8d5708,protected,r4_cover_locked_c93b4bc5ba89cd8f4952,document scanning routine,15,fingerprint,"Give maintenance guidance for a new team working on document scanning routine, with emphasis on saving time. Focus on simple checks. Write a useful, ordinary answer in short paragraphs or natural bullets. Do not use numbered steps, fixed line labels, hidden-code terminology, or headings.","A safe first move is to organize your workspace and ensure you have all necessary equipment and supplies within reach. This includes scanners, cables, power sources, and paper trays.

Before starting the scanning process, inspect the scanner for any dust or debris that might affect its performance. Use compressed air to gently clean out any blockages, and check that the scanner's glass surface is free of fingerprints and smudges.

When loading documents, ensure they are aligned properly and face the correct direction. This will prevent jams and"
shard_69,721,r4_first_token_event_gen_2a1324dca7478d20716c,protected,r4_cover_locked_b53aaa69dcea731c32d5,document scanning routine,6,watermark,"Describe a planning approach for a student club working on document scanning routine, with emphasis on saving time. Focus on simple checks. Write a useful, ordinary answer in short paragraphs or natural bullets. Do not use numbered steps, fixed line labels, hidden-code terminology, or headings.","One useful habit is to establish a routine for checking documents before scanning them. This includes verifying the document's authenticity, making sure it's the correct version, and confirming that it's complete.

Before scanning, check the document's condition: 
- Is it torn or damaged in any way?
- Are there any watermarks or security features that might interfere with scanning?
- Are there any sensitive or confidential information that needs to be handled separately?

It's also essential to check the document's formatting and layout:"
shard_69,1209,r4_first_token_event_gen_70cc750e61b13d8bf2a2,raw,r4_cover_locked_2855c401724dc52c5106,document scanning routine,15,watermark,"Give a natural quality-and-safety checklist for a volunteer group working on document scanning routine, with emphasis on saving time. Focus on simple checks. Write a useful, ordinary answer in short paragraphs or natural bullets. Do not use numbered steps, fixed line labels, hidden-code terminology, or headings.","A helpful start is to ensure that volunteers are aware of the document scanning process and their roles within it. This can be achieved by providing a clear briefing at the beginning of the session, including an overview of the scanning equipment and software being used.

Before starting the scanning process, volunteers should check the following:

- The documents are in order and free from damage, such as tears or watermarks.
- The documents are correctly labeled and dated.
- The documents are relevant to the project and not duplicates.

During"
shard_70,262,r4_first_token_event_gen_e2fcae54bc6d1b62c6b9,protected,r4_cover_locked_d1b1ae7e99181f2867a5,document scanning routine,17,fingerprint,"Give maintenance guidance for a small office working on document scanning routine, with emphasis on saving time. Focus on simple checks. Write a useful, ordinary answer in short paragraphs or natural bullets. Do not use numbered steps, fixed line labels, hidden-code terminology, or headings.","A useful next action is to schedule regular maintenance checks to ensure your document scanning process runs smoothly. Set aside time each week to perform these simple checks.

* Check the scanner's paper tray and remove any jammed or torn papers. This will prevent future jams and save you time in the long run.
* Inspect the scanner's glass surface for dust and fingerprints. Clean it with a soft cloth to maintain image quality.
* Verify that the scanner's software is up-to-date. Outdated software can lead to"
shard_70,305,r4_first_token_event_gen_1dc938f853a3e1a02beb,protected,r4_cover_locked_21c132f76da1025b2173,document scanning routine,6,fingerprint,"Give a natural quality-and-safety checklist for a small office working on document scanning routine, with emphasis on saving time. Focus on simple checks. Write a useful, ordinary answer in short paragraphs or natural bullets. Do not use numbered steps, fixed line labels, hidden-code terminology, or headings.","A helpful start is to ensure the workspace is organized and clutter-free. This includes clearing any unnecessary items from the scanning area and keeping the document scanner and its accessories tidy.

Before starting the scanning process, check the power cord and make sure it's securely plugged into both the scanner and the wall outlet. Also, ensure the scanner is properly calibrated and any necessary software is up to date.

When handling documents, wear gloves to prevent fingerprints and oils from your skin from damaging the documents. This is especially important for"
shard_70,1290,r4_first_token_event_gen_c22a2301b247a5ca2f02,raw,r4_cover_locked_d1b1ae7e99181f2867a5,document scanning routine,31,fingerprint,"Give maintenance guidance for a small office working on document scanning routine, with emphasis on saving time. Focus on simple checks. Write a useful, ordinary answer in short paragraphs or natural bullets. Do not use numbered steps, fixed line labels, hidden-code terminology, or headings.","A simple follow-up is to regularly inspect the document scanner's paper tray to ensure it's not jammed with scraps of paper or dust. Remove any debris and clean the tray with a soft cloth to prevent future jams.

Before each scanning session, quickly check the scanner's glass surface for dust, fingerprints, or other marks. Use a soft cloth or a gentle cleaning solution to wipe it clean. This helps maintain a clear scanning surface and prevents document damage.

It's also essential to check the scanner's settings and"
shard_72,562,r4_first_token_event_gen_91aa87329fa18b950df6,protected,r4_cover_locked_eb4584d0fdb5b48c1587,document scanning routine,22,fingerprint,"Give a natural quality-and-safety checklist for a new team working on document scanning routine, with emphasis on keeping costs low. Focus on simple checks. Write a useful, ordinary answer in short paragraphs or natural bullets. Do not use numbered steps, fixed line labels, hidden-code terminology, or headings.","A low-risk start is to ensure your team is aware of the scanning process and their roles within it. 

- Familiarize team members with the document scanning equipment and software they will be using.
- Discuss the scanning process, including document handling, quality checks, and data entry.
- Establish clear communication channels for reporting any issues or concerns.

When handling documents, keep in mind the following:

- Use gloves to prevent fingerprints and oils from affecting the scanning quality.
- Handle documents gently to avoid tears or cre"
shard_73,113,r4_first_token_event_gen_20b99915e9553bca2f22,protected,r4_cover_locked_a4836c282dccf3bf724c,document scanning routine,6,watermark,"Give a natural quality-and-safety checklist for a family working on document scanning routine, with emphasis on keeping costs low. Focus on simple checks. Write a useful, ordinary answer in short paragraphs or natural bullets. Do not use numbered steps, fixed line labels, hidden-code terminology, or headings.","A reasonable follow-up is to have a basic quality and safety checklist in place when scanning documents. This ensures the process is done efficiently and effectively while keeping costs low.

Before starting, check the documents for damage or watermarks. This can affect the quality of the scans and may require extra steps to clean or repair them. 

Make sure the scanner is clean and free of dust to prevent any damage to the documents or the scanner itself. This also helps maintain the quality of the scans.

When scanning, use a"
shard_73,627,r4_first_token_event_gen_2cf44c73fd434d19bc33,protected,r4_cover_locked_973032a4d3e9f7d38dd5,document scanning routine,10,watermark,"Explain a practical approach for a volunteer group working on document scanning routine, with emphasis on keeping costs low. Focus on simple checks. Write a useful, ordinary answer in short paragraphs or natural bullets. Do not use numbered steps, fixed line labels, hidden-code terminology, or headings.","A simple follow-up is to verify the document's condition before scanning. Check for any damage, watermarks, or torn pages that could affect the quality of the scanned image. This will also help identify documents that may require special handling or repair before scanning.

Before scanning, check the document's orientation to ensure it's properly aligned. This can be done by visually inspecting the document or using a simple tool to rotate the image if needed.

When scanning, use a high-quality scanner that can handle a variety of"
shard_73,654,r4_first_token_event_gen_628dec8b63c96d2d9fd1,protected,r4_cover_locked_c14c1a438637e315e9b8,document scanning routine,20,fingerprint,"Give maintenance guidance for a volunteer group working on document scanning routine, with emphasis on keeping costs low. Focus on simple checks. Write a useful, ordinary answer in short paragraphs or natural bullets. Do not use numbered steps, fixed line labels, hidden-code terminology, or headings.","A useful next action is to regularly inspect the scanners for dust and debris. This can be done by gently blowing compressed air into the scanner's crevices and openings. Check the scanner's glass surface for any smudges or fingerprints, and use a soft cloth to clean it if necessary.

Before each scanning session, inspect the documents for any damage or tears. Remove any staples, paper clips, or other items that could damage the scanner or get in the way of the scanning process. Sort the documents by"
shard_73,658,r4_first_token_event_gen_ca7da468339b735473cd,protected,r4_cover_locked_958b9c8dc5b29b593949,document scanning routine,22,watermark,"Describe a planning approach for a volunteer group working on document scanning routine, with emphasis on keeping costs low. Focus on simple checks. Write a useful, ordinary answer in short paragraphs or natural bullets. Do not use numbered steps, fixed line labels, hidden-code terminology, or headings.","A small practical step is to schedule regular team meetings to discuss progress, goals, and any issues that may arise. This helps to maintain a sense of unity and shared purpose within the group.

Before starting the scanning process, it's a good idea to check the condition of the documents to be scanned. This involves inspecting them for any signs of damage, watermarks, or other factors that might affect the scanning quality. 

The equipment needed for scanning should be assessed for its condition and functionality. This includes checking"
shard_73,700,r4_first_token_event_gen_04cafd6e5201a703b418,protected,r4_cover_locked_d0b249370ad088b89f5b,document scanning routine,24,fingerprint,"Give a natural quality-and-safety checklist for a volunteer group working on document scanning routine, with emphasis on keeping costs low. Focus on simple checks. Write a useful, ordinary answer in short paragraphs or natural bullets. Do not use numbered steps, fixed line labels, hidden-code terminology, or headings.","One practical option is to create a simple checklist that covers essential quality and safety aspects. This can be a basic list of reminders for the volunteer group to follow during the document scanning process.

* Ensure all volunteers wear gloves to prevent fingerprints and oils from skin from damaging the documents.
* Use a document scanner that's suitable for the type of documents being scanned, and follow the manufacturer's guidelines for use and maintenance.
* Keep the scanning area clean and dust-free to prevent damage to the scanner and documents.
*"
shard_74,194,r4_first_token_event_gen_63037d02e752b2e43d0d,protected,r4_cover_locked_fdddc816fc9e08e152f7,document scanning routine,22,fingerprint,"Give maintenance guidance for a student club working on document scanning routine, with emphasis on keeping costs low. Focus on simple checks. Write a useful, ordinary answer in short paragraphs or natural bullets. Do not use numbered steps, fixed line labels, hidden-code terminology, or headings.","One useful habit is to schedule regular checks on the scanning equipment to ensure it's running smoothly and efficiently. This can be done by setting aside a specific time each week or month to perform basic maintenance tasks.

* Check the scanner's paper tray for dust and debris, and clean it out if necessary.
* Verify that the scanner's glass surface is free from dust and fingerprints, and clean it with a soft cloth if needed.
* Ensure the scanner's cables are securely connected to the computer and power source."
shard_74,250,r4_first_token_event_gen_9f7723d870c0e6a58fe8,protected,r4_cover_locked_f4c4a59e214cc230fdb9,document scanning routine,31,fingerprint,"Give a natural quality-and-safety checklist for a student club working on document scanning routine, with emphasis on keeping costs low. Focus on simple checks. Write a useful, ordinary answer in short paragraphs or natural bullets. Do not use numbered steps, fixed line labels, hidden-code terminology, or headings.","A safe first move is to ensure the club has the necessary permissions and approvals to scan documents. Check with the school administration to see if there are any specific guidelines or restrictions on document scanning.

Before starting the scanning process, inspect the equipment for any damage or wear and tear. Check the scanner's power cord, cables, and any other components for signs of fraying or damage. Also, make sure the scanner is properly grounded to prevent electrical shock.

When handling documents, use gloves to prevent fingerprints and oils from"
shard_74,770,r4_first_token_event_gen_caae7c5fef5f6a1454a3,protected,r4_cover_locked_4a77da75d604249da4be,document scanning routine,22,fingerprint,"Give maintenance guidance for a small office working on document scanning routine, with emphasis on keeping costs low. Focus on simple checks. Write a useful, ordinary answer in short paragraphs or natural bullets. Do not use numbered steps, fixed line labels, hidden-code terminology, or headings.","For clearer work, schedule regular cleaning sessions for your office equipment and workspace. This will help prevent dust and dirt buildup, which can damage scanners and other devices.

* Check the scanner's surface and lid for dust and fingerprints. Use a soft cloth to wipe it down, and a dry brush to remove any stubborn dust particles.
* Regularly clean the scanner's glass surface with a gentle glass cleaner and a lint-free cloth. This will help maintain its optical quality and prevent streaks.

To keep costs"
shard_74,779,r4_first_token_event_gen_6435b14c87e8ece10e84,protected,r4_cover_locked_4a77da75d604249da4be,document scanning routine,8,fingerprint,"Give maintenance guidance for a small office working on document scanning routine, with emphasis on keeping costs low. Focus on simple checks. Write a useful, ordinary answer in short paragraphs or natural bullets. Do not use numbered steps, fixed line labels, hidden-code terminology, or headings.","A small practical step is to regularly check the document scanner's power cord and ensure it is securely plugged into both the scanner and the wall outlet. This simple check can prevent power issues and potential damage to the device.

Inspect the scanner's paper tray and ensure it is clean and free of dust, paper clips, or other debris. This will help maintain the scanner's feeding mechanism and prevent paper jams.

Check the scanner's glass surface for dust, dirt, or fingerprints. Clean it gently with a soft cloth or"
shard_75,327,r4_first_token_event_gen_fde36587e857e6235e51,protected,r4_cover_locked_e8c212650c12cf522bad,document scanning routine,3,fingerprint,"Give maintenance guidance for a local committee working on document scanning routine, with emphasis on keeping costs low. Focus on simple checks. Write a useful, ordinary answer in short paragraphs or natural bullets. Do not use numbered steps, fixed line labels, hidden-code terminology, or headings.","A small practical step is to establish a routine for checking the scanner's paper tray and document feeder before each use. This ensures that the scanner is free from dust, debris, and any other obstructions that could cause issues during the scanning process.

Regularly inspect the scanner's glass surface for smudges and fingerprints. Clean it gently with a soft cloth and a small amount of water if necessary. This simple check can help prevent document quality issues and ensure that the scanner is working efficiently.

Check the scanner's"
shard_75,1368,r4_first_token_event_gen_8e542de6ffd02a045e4e,raw,r4_cover_locked_85075386147ce060d660,document scanning routine,19,watermark,"Describe a planning approach for a local committee working on document scanning routine, with emphasis on keeping costs low. Focus on simple checks. Write a useful, ordinary answer in short paragraphs or natural bullets. Do not use numbered steps, fixed line labels, hidden-code terminology, or headings.","To keep progress steady, the local committee should first identify the scope of the document scanning project. This involves determining the number of documents to be scanned, their size, and the type of equipment needed.

Before investing in any equipment, the committee should assess the current condition of the documents. This includes checking for damage, watermarks, or any other factors that could affect the scanning process. They should also consider the storage space available for the scanned documents and the backup systems in place.

When selecting equipment, the"
shard_76,1016,r4_first_token_event_gen_5073de6b98cae856a59a,protected,r4_cover_locked_db7d7d119a415a588d5d,document scanning routine,19,watermark,"Explain a practical approach for a new team working on document scanning routine, with emphasis on making handoffs clear. Focus on simple checks. Write a useful, ordinary answer in short paragraphs or natural bullets. Do not use numbered steps, fixed line labels, hidden-code terminology, or headings.","One practical option is to create a checklist for each team member involved in the document scanning routine. This can include tasks such as verifying the accuracy of scanned documents, checking for any missing pages or documents, and ensuring that all relevant metadata is included.

When scanning documents, team members should also perform a series of simple checks to ensure that the documents are accurate and complete. These checks can include verifying the document's title, date, and author, as well as checking for any watermarks or other visual indicators that"
shard_76,1519,r4_first_token_event_gen_5088f93dc80e8416c3a9,raw,r4_cover_locked_162e2ae076a5e53786c6,document scanning routine,7,fingerprint,"Describe how to troubleshoot common issues for a weekend class working on document scanning routine, with emphasis on keeping costs low. Focus on simple checks. Write a useful, ordinary answer in short paragraphs or natural bullets. Do not use numbered steps, fixed line labels, hidden-code terminology, or headings.","To keep progress steady, start by checking the power supply to the scanner. Ensure it's properly plugged in and that the outlet is working. A simple flicker test can be done by switching the scanner off and then back on to see if it resolves any issues.

Before moving on, inspect the scanner's surface for dust or debris that may be obstructing the scanning process. Use compressed air to gently blow away any particles. Also, verify that the scanner's glass surface is clean and free of fingerprints or"
shard_77,52,r4_first_token_event_gen_032dc5570b8a1e5546a7,protected,r4_cover_locked_ca45307b444c67fa3891,document scanning routine,26,watermark,"Give a natural quality-and-safety checklist for a new team working on document scanning routine, with emphasis on making handoffs clear. Focus on simple checks. Write a useful, ordinary answer in short paragraphs or natural bullets. Do not use numbered steps, fixed line labels, hidden-code terminology, or headings.","One practical option is to create a simple checklist that team members can follow when handing off tasks. This can include:

- Confirming the task or document to be scanned, including any relevant details such as file names, document types, or deadlines.
- Reviewing the scanning settings and equipment to ensure they are correct and functioning properly.
- Checking the document for any damage, watermarks, or other issues that may affect the scanning process.
- Confirming the destination and storage location for the scanned documents.
-"
shard_78,155,r4_first_token_event_gen_3956581483ba30a15e64,protected,r4_cover_locked_a1d945e272d0dc4c8546,document scanning routine,8,watermark,"Describe a planning approach for a volunteer group working on document scanning routine, with emphasis on making handoffs clear. Focus on simple checks. Write a useful, ordinary answer in short paragraphs or natural bullets. Do not use numbered steps, fixed line labels, hidden-code terminology, or headings.","A helpful start is to define the roles within the volunteer group, including who will be scanning documents, reviewing scans, and organizing digital files. This clarity will make handoffs more straightforward.

Before the scanning process begins, volunteers should inspect the documents to be scanned for any damage, watermarks, or other issues that might affect the scanning quality. This step is crucial for setting expectations and avoiding potential problems.

During scanning, volunteers should check the following:

- The document is properly aligned and centered on the scanner bed"
shard_78,760,r4_first_token_event_gen_228a3cc1e2804a1dee41,protected,r4_cover_locked_a7dfd2a46a87cd762fff,document scanning routine,19,fingerprint,"Give a natural quality-and-safety checklist for a student club working on document scanning routine, with emphasis on making handoffs clear. Focus on simple checks. Write a useful, ordinary answer in short paragraphs or natural bullets. Do not use numbered steps, fixed line labels, hidden-code terminology, or headings.","One practical option is to create a simple checklist that ensures each step in the document scanning process is completed safely and effectively. 

Before starting, make sure the workspace is clear of clutter and tripping hazards. Ensure the scanning equipment is properly set up and functioning correctly.

When handling documents, always wear gloves to prevent damage and fingerprints. Use a document tray or folder to keep papers organized and prevent them from getting lost or damaged.

When scanning documents, make sure to:

- Use the correct scanning settings for the"
shard_82,1714,r4_first_token_event_gen_074599c40de71750150b,raw,r4_cover_locked_72917f65e8c1920b2447,document scanning routine,22,watermark,"Give a natural quality-and-safety checklist for a volunteer group working on document scanning routine, with emphasis on keeping the tone calm. Focus on clear handoffs. Write a useful, ordinary answer in short paragraphs or natural bullets. Do not use numbered steps, fixed line labels, hidden-code terminology, or headings.","To keep progress steady, let's focus on clear handoffs and quality checks throughout the document scanning process. 

Before starting, ensure you have all necessary equipment, including a functioning scanner, a reliable computer, and a comfortable workspace. Familiarize yourself with the scanning software and any specific guidelines provided by the team leader.

When receiving a new batch of documents, inspect them for any visible damage or watermarks. If you notice any issues, report them to the team leader or the document donor. 

As"
shard_86,640,r4_first_token_event_gen_0318caf79ec9d6b70f25,protected,r4_cover_locked_6985b53239d6f124c820,document scanning routine,23,watermark,"Give a natural quality-and-safety checklist for a family working on document scanning routine, with emphasis on using plain language. Focus on clear handoffs. Write a useful, ordinary answer in short paragraphs or natural bullets. Do not use numbered steps, fixed line labels, hidden-code terminology, or headings.","One practical option is to create a simple checklist for your family's document scanning routine. This can help ensure everyone is on the same page and that important documents are handled safely.

- **Before Scanning**: 
  - Make sure the documents are organized and sorted by type (e.g., bills, receipts, identification).
  - Check the documents for any damage or watermarks that might affect scanning quality.
  - Remove any staples, paper clips, or other metal objects that could damage the scanner.

-"
shard_88,1915,r4_first_token_event_gen_788728a589d9a368a562,raw,r4_cover_locked_f9b215e2e4f5a4876dcd,document scanning routine,8,watermark,"Give a natural quality-and-safety checklist for a local committee working on document scanning routine, with emphasis on using plain language. Focus on clear handoffs. Write a useful, ordinary answer in short paragraphs or natural bullets. Do not use numbered steps, fixed line labels, hidden-code terminology, or headings.","For clearer work, it's essential to have a checklist to ensure quality and safety in your document scanning routine. Here's a list to help your local committee:

- **Pre-scanning checks**: Before documents are scanned, make sure they're sorted, organized, and free from any damage or watermarks. Ensure that all documents are correctly labeled and dated. This helps prevent mistakes and ensures that the right documents are scanned.

- **Equipment and software checks**: Regularly inspect your scanners and computers to ensure"
shard_90,1590,r4_first_token_event_gen_6bac4083db3d9f308b75,raw,r4_cover_locked_4e985cd518f3098ba8bc,document scanning routine,17,watermark,"Give a natural quality-and-safety checklist for a new team working on document scanning routine, with emphasis on avoiding extra tools. Focus on clear handoffs. Write a useful, ordinary answer in short paragraphs or natural bullets. Do not use numbered steps, fixed line labels, hidden-code terminology, or headings.","A safe first move is to ensure all team members have the necessary permissions and access to the document scanning equipment and software. This includes training on how to properly use the equipment and software, as well as any specific company policies or procedures.

Before starting the scanning process, check the condition of the documents to be scanned. Look for any signs of damage, watermarks, or other issues that could affect the quality of the scan. This will also help identify any documents that may need special handling.

Team members should be"
shard_91,696,r4_first_token_event_gen_3bafd5124cb07a2f30f6,protected,r4_cover_locked_2040ae1208e4e7be33be,document scanning routine,19,fingerprint,"Give a natural quality-and-safety checklist for a volunteer group working on document scanning routine, with emphasis on avoiding extra tools. Focus on clear handoffs. Write a useful, ordinary answer in short paragraphs or natural bullets. Do not use numbered steps, fixed line labels, hidden-code terminology, or headings.","A direct next step is to review the workspace before starting the document scanning process. Ensure the area is clear of clutter and tripping hazards. 

- Check the floor for any obstacles or cords that could cause tripping.
- Remove any unnecessary items from the workspace.
- Verify that the document scanning equipment is properly positioned and stable.

When handling documents, it's essential to maintain a safe and organized workflow. 

- Handle documents by the edges to avoid fingerprints or smudges.
- Keep documents flat and avoid"
shard_92,1845,r4_first_token_event_gen_73b8087d4dfc0674e312,raw,r4_cover_locked_8a00c8c8f78197eadfd8,document scanning routine,1,watermark,"Give a natural quality-and-safety checklist for a small office working on document scanning routine, with emphasis on avoiding extra tools. Focus on clear handoffs. Write a useful, ordinary answer in short paragraphs or natural bullets. Do not use numbered steps, fixed line labels, hidden-code terminology, or headings.","A reasonable follow-up is to ensure the workspace is clean and organized. 

- Clear any clutter from the workspace and document scanning area to avoid tripping hazards or misplaced documents.
- Ensure the floor is dry and free from any obstacles.

Before starting the document scanning process, it's essential to review the documents to be scanned.

- Check the documents for any damage, watermarks, or security features that may affect the scanning process.
- Review the documents to ensure they are in the correct order and orientation.
-"
