grid_index,bonus_nats,penalty_nats,max_target_mass,max_kl_budget,controlled_mean_target_mass,controlled_lift_vs_base,controlled_lift_vs_task_only,controlled_rank1_rate,controlled_median_target_margin,controlled_basic_gate_pass,wrong_key_mean_target_mass,wrong_key_lift_vs_base,wrong_key_rank1_rate,wrong_key_basic_gate_pass,wrong_payload_mean_target_mass,wrong_payload_lift_vs_base,wrong_payload_rank1_rate,wrong_payload_basic_gate_pass,overall_selective_gate_pass,path
2,4.0,0.5,0.5,0.5,0.1792946787722253,0.1604099934304517,0.16654961948945032,0.9436848958333334,0.1754553847713396,True,0.09660702059686632,0.07772233525509271,0.5423177083333334,False,0.010975882656069932,-0.007908802685703672,0.1181640625,False,True,results/natural_evidence_v2/status/r4_after_868016_reliability_coordinate_pivot_controller_score_868114/grid_02/r4_teacher_forced_surface_mass_summary.json
3,4.0,1.0,0.5,0.5,0.17917390548245984,0.16028922014068625,0.16642884619968487,0.9619140625,0.17654249749102746,True,0.09462956500737972,0.07574487966560611,0.53515625,False,0.007234797364533567,-0.011649887977240037,0.08170572916666667,False,True,results/natural_evidence_v2/status/r4_after_868016_reliability_coordinate_pivot_controller_score_868114/grid_03/r4_teacher_forced_surface_mass_summary.json
0,3.5,0.5,0.5,0.5,0.16447003321367268,0.14558534787189908,0.1517249739308977,0.9290364583333334,0.12829310960660223,False,0.08882742394461178,0.06994273860283817,0.5524088541666666,False,0.011000237933799487,-0.007884447407974117,0.1533203125,False,False,results/natural_evidence_v2/status/r4_after_868016_reliability_coordinate_pivot_controller_score_868114/grid_00/r4_teacher_forced_surface_mass_summary.json
1,3.5,1.0,0.5,0.5,0.1644641380462891,0.1455794527045155,0.15171907876351412,0.9453125,0.13044531899504364,False,0.08683695144174298,0.06795226609996938,0.5426432291666666,False,0.0071115787282253025,-0.011773106613548301,0.11751302083333333,False,False,results/natural_evidence_v2/status/r4_after_868016_reliability_coordinate_pivot_controller_score_868114/grid_01/r4_teacher_forced_surface_mass_summary.json
