{
  "condition_plan": [
    "base",
    "task_only",
    "controlled_base",
    "wrong_key_controlled_base",
    "wrong_payload_controlled_base"
  ],
  "condition_summary": {
    "base": {
      "mean_target_margin": -0.03741329548562078,
      "mean_target_mass": 0.00483183704383805,
      "median_target_margin": -0.00652075739344582,
      "row_count": 8192,
      "target_surface_rank1_rate": 0.251953125
    },
    "controlled_base": {
      "mean_target_margin": -0.017521677773515876,
      "mean_target_mass": 0.016230133590624973,
      "median_target_margin": -0.0008260764880105853,
      "row_count": 8192,
      "target_surface_rank1_rate": 0.46875
    },
    "task_only": {
      "mean_target_margin": -0.04970936047813623,
      "mean_target_mass": 0.0016724278486419664,
      "median_target_margin": -0.0027600459288805723,
      "row_count": 8192,
      "target_surface_rank1_rate": 0.19921875
    },
    "wrong_key_controlled_base": {
      "mean_target_margin": -0.05711981744576544,
      "mean_target_mass": 0.009907592630274742,
      "median_target_margin": -0.012773643247783184,
      "row_count": 8192,
      "target_surface_rank1_rate": 0.2669677734375
    },
    "wrong_payload_controlled_base": {
      "mean_target_margin": -0.09533135966630368,
      "mean_target_mass": 0.003630376713047667,
      "median_target_margin": -0.03411031439827639,
      "row_count": 8192,
      "target_surface_rank1_rate": 0.0703125
    }
  },
  "controller_applies_only_to_protected_conditions": false,
  "controller_condition_set": "controller_only_controls",
  "controller_config": {
    "bonus_nats": 1.25,
    "max_kl_budget": 0.1,
    "max_target_mass": 0.35,
    "mode": "additive",
    "penalty_nats": 0.25
  },
  "controller_enabled": true,
  "controller_only_summary": {
    "controlled_base_lift_vs_base": 0.011398296546786923,
    "controlled_base_lift_vs_task_only": 0.014557705741983007,
    "controlled_base_mean_target_mass": 0.016230133590624973,
    "controlled_base_median_target_margin": -0.0008260764880105853,
    "controlled_base_rank1_rate": 0.46875,
    "controlled_basic_gate_pass": false,
    "overall_selective_gate_pass": false,
    "wrong_key_basic_gate_pass": false,
    "wrong_key_lift_vs_base": 0.005075755586436692,
    "wrong_key_mean_target_mass": 0.009907592630274742,
    "wrong_key_rank1_rate": 0.2669677734375,
    "wrong_payload_basic_gate_pass": false,
    "wrong_payload_lift_vs_base": -0.0012014603307903826,
    "wrong_payload_mean_target_mass": 0.003630376713047667,
    "wrong_payload_rank1_rate": 0.0703125
  },
  "far_aggregation_started": false,
  "gain_sweep_summary": {},
  "llama_started": false,
  "model_generation_started": false,
  "model_scoring_started": true,
  "observed_lifts": {
    "protected_target_surface_mass_lift_vs_base": NaN,
    "protected_target_surface_mass_lift_vs_task_only": NaN,
    "task_only_target_surface_mass_lift_vs_base": -0.0031594091951960834
  },
  "paper_claim_allowed": false,
  "protected_adapter_gains": [
    1.0
  ],
  "schema_name": "natural_evidence_v2_r4_teacher_forced_surface_mass_summary_v1",
  "score_row_count": 8192,
  "scored_row_count": 40960,
  "teacher_forced_surface_gate_pass": false,
  "teacher_forced_surface_gate_status": "FAIL",
  "teacher_forced_surface_gate_targets": {
    "protected_median_target_margin": ">0",
    "protected_target_surface_mass_lift_vs_base": ">=+0.15",
    "protected_target_surface_mass_lift_vs_task_only": ">=+0.10",
    "protected_target_surface_rank1_rate": ">=0.70",
    "task_only_target_surface_mass_lift_vs_base": "<+0.05 diagnostic cap"
  },
  "training_started": false
}
