{
  "completed_count": 144,
  "description": "Principled held-out block-count scale repair with margin-aware bucket-mass training and distinct validation/final matrices.",
  "exact_gate_success_rate": 0.9861111111111112,
  "final_matrix": {
    "block_variants": [
      "B1",
      "B2",
      "B4"
    ],
    "current_eval_input_contract_requires_one_train_generation_per_eval_payload": true,
    "note": "Current train/eval handoff writes one generated_text_path per eval payload, so launch planning assumes 144 train plus 144 eval jobs unless eval-time generation is refactored.",
    "payloads": [
      "U00",
      "U01",
      "U02",
      "U03",
      "U04",
      "U05",
      "U06",
      "U07",
      "U08",
      "U09",
      "U10",
      "U11",
      "U12",
      "U13",
      "U14",
      "U15"
    ],
    "seeds": [
      17,
      23,
      29
    ],
    "status": "ready_after_validation_freeze",
    "target_eval_cases": 144,
    "target_train_cases_if_one_train_per_payload": 144,
    "training_contract_covers_all_payloads": true
  },
  "generated_at": "20260427T174719275577Z",
  "invalid_excluded_case_ids": [],
  "invalid_excluded_count": 0,
  "method_failure_case_ids": [
    "B2_U13_s29",
    "B2_U14_s29"
  ],
  "method_failure_count": 2,
  "new_case_root_base": "/hpcstor6/scratch01/g/guanjie.lin001/tokenizer-evidence/g3a_block_scale_v3",
  "overall_metrics": {
    "erasure_count": {
      "ci95_half_width": 0.0,
      "mean": 0.0,
      "n": 144,
      "sem": 0.0,
      "std": 0.0
    },
    "exact_gate_success": {
      "ci95_half_width": 0.019181595595785986,
      "mean": 0.9861111111111112,
      "n": 144,
      "sem": 0.009786528365196931,
      "std": 0.11743834038236317
    },
    "mean_bucket_margin": {
      "ci95_half_width": 0.5491471508302685,
      "mean": 12.534333982217484,
      "n": 144,
      "sem": 0.28017711777054516,
      "std": 3.362125413246542
    },
    "min_bucket_margin": {
      "ci95_half_width": 0.5141839104458173,
      "mean": 10.983404029943426,
      "n": 144,
      "sem": 0.26233872981929457,
      "std": 3.148064757831535
    },
    "rs_gate_success": {
      "ci95_half_width": 0.019181595595785986,
      "mean": 0.9861111111111112,
      "n": 144,
      "sem": 0.009786528365196931,
      "std": 0.11743834038236317
    },
    "slot_bucket_accuracy": {
      "ci95_half_width": 0.007587529097471245,
      "mean": 0.9947916666666666,
      "n": 144,
      "sem": 0.0038711883150363492,
      "std": 0.04645425978043619
    },
    "symbol_error_count": {
      "ci95_half_width": 0.03035011638988498,
      "mean": 0.020833333333333332,
      "n": 144,
      "sem": 0.015484753260145397,
      "std": 0.18581703912174477
    }
  },
  "package_config_path": "/home/guanjie.lin001/tokenizer-evidence/configs/reporting/g3a_block_scale_v3.yaml",
  "paper_ready": true,
  "paper_ready_checks": {
    "exact_and_rs_aware_gates_reported": true,
    "hyperparameters_frozen_before_final_matrix_launch": true,
    "invalid_excluded_count_zero_unless_concrete_artifact_failure": true,
    "method_failures_remain_in_denominator": true,
    "no_threshold_changed_after_final_evaluation": true,
    "real_contract_hash_checks_pass": true,
    "valid_completed_count_equals_target_count": true,
    "validation_and_final_sets_distinct": true
  },
  "pending_case_ids": [],
  "pending_count": 0,
  "rs_gate_success_rate": 0.9861111111111112,
  "schema_name": "g3a_v3_summary",
  "schema_version": 1,
  "selected_operating_point": {
    "checkpoint_selection_metric": "training_min_slot_margin",
    "checkpoint_selection_mode": "max",
    "epochs": 96,
    "final_launch_allowed": true,
    "hp_id": "hp04",
    "lambda_margin": 0.5,
    "lambda_reg": 0.0,
    "lambda_set": 2.0,
    "learning_rate": 3e-05,
    "lora_r": 16,
    "margin_gamma": 0.5,
    "status": "frozen_before_final_launch",
    "validation_completed_count": 8,
    "validation_exact_gate_success_rate": 1.0,
    "validation_invalid_excluded_count": 0,
    "validation_mean_bucket_margin": 17.48395564304315,
    "validation_mean_total_evidence_loss": 2.908664645673298e-05,
    "validation_method_failure_count": 0,
    "validation_pending_count": 0,
    "validation_rs_gate_success_rate": 1.0,
    "validation_success_count": 8,
    "validation_summary_path": "results/processed/paper_stats/g3a_v3_validation_summary.json",
    "validation_target_count": 8,
    "validation_valid_completed_count": 8
  },
  "success_case_ids": [
    "B1_U00_s17",
    "B1_U01_s17",
    "B1_U02_s17",
    "B1_U03_s17",
    "B1_U04_s17",
    "B1_U05_s17",
    "B1_U06_s17",
    "B1_U07_s17",
    "B1_U08_s17",
    "B1_U09_s17",
    "B1_U10_s17",
    "B1_U11_s17",
    "B1_U12_s17",
    "B1_U13_s17",
    "B1_U14_s17",
    "B1_U15_s17",
    "B1_U00_s23",
    "B1_U01_s23",
    "B1_U02_s23",
    "B1_U03_s23",
    "B1_U04_s23",
    "B1_U05_s23",
    "B1_U06_s23",
    "B1_U07_s23",
    "B1_U08_s23",
    "B1_U09_s23",
    "B1_U10_s23",
    "B1_U11_s23",
    "B1_U12_s23",
    "B1_U13_s23",
    "B1_U14_s23",
    "B1_U15_s23",
    "B1_U00_s29",
    "B1_U01_s29",
    "B1_U02_s29",
    "B1_U03_s29",
    "B1_U04_s29",
    "B1_U05_s29",
    "B1_U06_s29",
    "B1_U07_s29",
    "B1_U08_s29",
    "B1_U09_s29",
    "B1_U10_s29",
    "B1_U11_s29",
    "B1_U12_s29",
    "B1_U13_s29",
    "B1_U14_s29",
    "B1_U15_s29",
    "B2_U00_s17",
    "B2_U01_s17",
    "B2_U02_s17",
    "B2_U03_s17",
    "B2_U04_s17",
    "B2_U05_s17",
    "B2_U06_s17",
    "B2_U07_s17",
    "B2_U08_s17",
    "B2_U09_s17",
    "B2_U10_s17",
    "B2_U11_s17",
    "B2_U12_s17",
    "B2_U13_s17",
    "B2_U14_s17",
    "B2_U15_s17",
    "B2_U00_s23",
    "B2_U01_s23",
    "B2_U02_s23",
    "B2_U03_s23",
    "B2_U04_s23",
    "B2_U05_s23",
    "B2_U06_s23",
    "B2_U07_s23",
    "B2_U08_s23",
    "B2_U09_s23",
    "B2_U10_s23",
    "B2_U11_s23",
    "B2_U12_s23",
    "B2_U13_s23",
    "B2_U14_s23",
    "B2_U15_s23",
    "B2_U00_s29",
    "B2_U01_s29",
    "B2_U02_s29",
    "B2_U03_s29",
    "B2_U04_s29",
    "B2_U05_s29",
    "B2_U06_s29",
    "B2_U07_s29",
    "B2_U08_s29",
    "B2_U09_s29",
    "B2_U10_s29",
    "B2_U11_s29",
    "B2_U12_s29",
    "B2_U15_s29",
    "B4_U00_s17",
    "B4_U01_s17",
    "B4_U02_s17",
    "B4_U03_s17",
    "B4_U04_s17",
    "B4_U05_s17",
    "B4_U06_s17",
    "B4_U07_s17",
    "B4_U08_s17",
    "B4_U09_s17",
    "B4_U10_s17",
    "B4_U11_s17",
    "B4_U12_s17",
    "B4_U13_s17",
    "B4_U14_s17",
    "B4_U15_s17",
    "B4_U00_s23",
    "B4_U01_s23",
    "B4_U02_s23",
    "B4_U03_s23",
    "B4_U04_s23",
    "B4_U05_s23",
    "B4_U06_s23",
    "B4_U07_s23",
    "B4_U08_s23",
    "B4_U09_s23",
    "B4_U10_s23",
    "B4_U11_s23",
    "B4_U12_s23",
    "B4_U13_s23",
    "B4_U14_s23",
    "B4_U15_s23",
    "B4_U00_s29",
    "B4_U01_s29",
    "B4_U02_s29",
    "B4_U03_s29",
    "B4_U04_s29",
    "B4_U05_s29",
    "B4_U06_s29",
    "B4_U07_s29",
    "B4_U08_s29",
    "B4_U09_s29",
    "B4_U10_s29",
    "B4_U11_s29",
    "B4_U12_s29",
    "B4_U13_s29",
    "B4_U14_s29",
    "B4_U15_s29"
  ],
  "success_count": 142,
  "summary_rows": [
    {
      "completed_runs": 144,
      "exact_gate_success_rate": 0.9861111111111112,
      "invalid_excluded_runs": 0,
      "method_failure_runs": 2,
      "pending_runs": 0,
      "rs_gate_success_rate": 0.9861111111111112,
      "scope": "overall",
      "success_runs": 142,
      "target_runs": 144,
      "valid_completed_runs": 144
    },
    {
      "completed_runs": 48,
      "exact_gate_success_rate": 1.0,
      "invalid_excluded_runs": 0,
      "method_failure_runs": 0,
      "pending_runs": 0,
      "rs_gate_success_rate": 1.0,
      "scope": "variant=B1",
      "success_runs": 48,
      "target_runs": 48,
      "valid_completed_runs": 48
    },
    {
      "completed_runs": 48,
      "exact_gate_success_rate": 0.9583333333333334,
      "invalid_excluded_runs": 0,
      "method_failure_runs": 2,
      "pending_runs": 0,
      "rs_gate_success_rate": 0.9583333333333334,
      "scope": "variant=B2",