condition,row_count,mean_target_mass,median_target_mass,mean_target_margin,median_target_margin,rank1_rate
base,8192,0.00483183704383805,0.001663609640672803,-0.03741329548562078,-0.00652075739344582,0.251953125
protected,8192,0.017980298383115212,0.006096454802900553,0.017853500631198616,0.005925499352088082,0.98046875
task_only,8192,0.0016724278486419664,0.00015260757209034637,-0.04970936047813623,-0.0027600459288805723,0.19921875
