condition,assistant_prefix_model_text,row_count,mean_target_mass,median_target_mass,mean_target_margin,median_target_margin,rank1_rate
base,A practical next move is:,4096,0.008331591466699706,0.0054294036235660315,-0.054182580765640864,-0.01675862492993474,0.3359375
base,A useful action is:,4096,0.0013320826209763936,0.0007917354523669928,-0.020644010205600694,-0.0037135960737941787,0.16796875
protected,A practical next move is:,4096,0.03318801774548774,0.031237170100212097,0.03306730882308084,0.031204357301987784,0.98828125
protected,A useful action is:,4096,0.0027725790207426826,0.0017612556111998856,0.002639692439316388,0.0017085303645671956,0.97265625
task_only,A practical next move is:,4096,0.003143566805318798,0.0007481965876650065,-0.07762717906104122,-0.01011529759853147,0.30078125
task_only,A useful action is:,4096,0.00020128889196513455,5.917140515521169e-05,-0.021791541895231248,-0.001141490204645379,0.09765625
