assistant_prefix_model_text,target_surface_label,protected_mean_target_mass,base_mean_target_mass,task_only_mean_target_mass,lift_vs_base,lift_vs_task_only
A practical next move is:,Create a short summary,0.0468843796334113,0.010948905420264055,0.0043249780253091785,0.035935474213147245,0.04255940160810212
A practical next move is:,Create a simple timeline,0.019491655857564183,0.005714277513135357,0.001962155585328418,0.013777378344428826,0.017529500272235765
A useful action is:,Prepare a note,0.003411681517064835,0.0012197791277230863,0.00017447631252842655,0.002191902389341749,0.0032372052045364086
A useful action is:,Prepare questions,0.00213347652442053,0.001444386114229701,0.00022810147140184256,0.0006890904101908291,0.0019053750530186875
