assistant_prefix_model_text,base_mean_target_mass,base_rank1_rate,protected_lift_vs_base,protected_lift_vs_task_only,protected_mean_target_mass,protected_median_target_margin,protected_rank1_rate,row_count_per_condition,task_only_mean_target_mass,task_only_rank1_rate
A calm way forward is to,0.007852177695211626,0.548828125,0.00846385759268875,0.013699386765380447,0.016316035287900377,0.0004013139405287802,0.580078125,512,0.0026166485225199293,0.583984375
A low-risk start is to,0.01857187656313819,0.501953125,-0.0019468745497679407,0.0031521922882403464,0.01662500201337025,-0.00013687409227713943,0.48046875,512,0.013472809725129903,0.525390625
A simple follow-up is to,0.019126223111783247,0.611328125,-0.0026219884144609296,0.006757300137573807,0.016504234697322318,-0.0008908427553251386,0.4140625,512,0.00974693455974851,0.666015625
A useful next action is to,0.01774697377182477,0.595703125,-0.0011729514382814443,0.006344900174688917,0.016574022333543326,-0.0003165926900692284,0.453125,512,0.010229122158854409,0.6015625
"For clearer work,",0.0034435468539939507,0.5390625,0.014197483517811804,0.01639477553915264,0.017641030371805755,-0.00021793454652652144,0.44140625,512,0.0012462548326531153,0.548828125
One practical option is to,0.008403509388849262,0.55078125,0.008633324255434172,0.014628813620243576,0.017036833644283433,-9.181967470794916e-05,0.482421875,512,0.002408020024039857,0.583984375
One useful habit is to,0.005965035431713339,0.5078125,0.010738196975567327,0.012832556260723245,0.016703232407280666,-0.0006203387165442109,0.46875,512,0.0038706761465574207,0.525390625
"To keep progress steady,",0.002436730351398242,0.48046875,0.01412628620040135,0.015961319149062618,0.016563016551799592,0.00012114737182855606,0.541015625,512,0.0006016974027369757,0.498046875
