{
  "condition_plan": [
    "base",
    "task_only",
    "controlled_base",
    "wrong_key_controlled_base",
    "wrong_payload_controlled_base"
  ],
  "condition_summary": {
    "base": {
      "mean_target_margin": 0.0011152352326640885,
      "mean_target_mass": 0.010443259145989078,
      "median_target_margin": 9.254756878362969e-05,
      "row_count": 4096,
      "target_surface_rank1_rate": 0.5419921875
    },
    "controlled_base": {
      "mean_target_margin": 0.030694779909800657,
      "mean_target_mass": 0.03788094239298928,
      "median_target_margin": 0.005263929080683738,
      "row_count": 4096,
      "target_surface_rank1_rate": 0.767822265625
    },
    "task_only": {
      "mean_target_margin": 0.0003730486526591925,
      "mean_target_mass": 0.005524020421530015,
      "median_target_margin": 6.013862019926819e-06,
      "row_count": 4096,
      "target_surface_rank1_rate": 0.566650390625
    },
    "wrong_key_controlled_base": {
      "mean_target_margin": 0.002816241014994489,
      "mean_target_mass": 0.022939223491230606,
      "median_target_margin": 9.140923066297546e-05,
      "row_count": 4096,
      "target_surface_rank1_rate": 0.529541015625
    },
    "wrong_payload_controlled_base": {
      "mean_target_margin": -0.02421002382575778,
      "mean_target_mass": 0.00804723444873899,
      "median_target_margin": -0.001719898031581124,
      "row_count": 4096,
      "target_surface_rank1_rate": 0.298828125
    }
  },
  "controller_applies_only_to_protected_conditions": false,
  "controller_condition_set": "controller_only_controls",
  "controller_config": {
    "bonus_nats": 1.5,
    "max_kl_budget": 0.2,
    "max_target_mass": 0.45,
    "mode": "additive",
    "penalty_nats": 0.25
  },
  "controller_enabled": true,
  "controller_only_summary": {
    "controlled_base_lift_vs_base": 0.027437683247000202,
    "controlled_base_lift_vs_task_only": 0.032356921971459264,
    "controlled_base_mean_target_mass": 0.03788094239298928,
    "controlled_base_median_target_margin": 0.005263929080683738,
    "controlled_base_rank1_rate": 0.767822265625,
    "controlled_basic_gate_pass": false,
    "overall_selective_gate_pass": false,
    "wrong_key_basic_gate_pass": false,
    "wrong_key_lift_vs_base": 0.012495964345241528,
    "wrong_key_mean_target_mass": 0.022939223491230606,
    "wrong_key_rank1_rate": 0.529541015625,
    "wrong_payload_basic_gate_pass": false,
    "wrong_payload_lift_vs_base": -0.0023960246972500876,
    "wrong_payload_mean_target_mass": 0.00804723444873899,
    "wrong_payload_rank1_rate": 0.298828125
  },
  "far_aggregation_started": false,
  "gain_sweep_summary": {},
  "llama_started": false,
  "model_generation_started": false,
  "model_scoring_started": true,
  "observed_lifts": {
    "protected_target_surface_mass_lift_vs_base": NaN,
    "protected_target_surface_mass_lift_vs_task_only": NaN,
    "task_only_target_surface_mass_lift_vs_base": -0.004919238724459063
  },
  "paper_claim_allowed": false,
  "protected_adapter_gains": [
    1.0
  ],
  "schema_name": "natural_evidence_v2_r4_teacher_forced_surface_mass_summary_v1",
  "score_row_count": 4096,
  "scored_row_count": 20480,
  "teacher_forced_surface_gate_pass": false,
  "teacher_forced_surface_gate_status": "FAIL",
  "teacher_forced_surface_gate_targets": {
    "protected_median_target_margin": ">0",
    "protected_target_surface_mass_lift_vs_base": ">=+0.15",
    "protected_target_surface_mass_lift_vs_task_only": ">=+0.10",
    "protected_target_surface_rank1_rate": ">=0.70",
    "task_only_target_surface_mass_lift_vs_base": "<+0.05 diagnostic cap"
  },
  "training_started": false
}
