model_family,model_id,source_job_id,route_family,block_id,shard_index,arm,source_condition,accept,accept_ignoring_quality,decoded_bits,expected_bits,bits_match_condition,checksum_valid,complete_pairs,required_pairs,wrong_key_accept,wrong_payload_accept,trace_binding_valid,forbidden_public_surface_count,duplicate_response_hash_count,substrate_interpretation
qwen,Qwen/Qwen2.5-7B-Instruct,870210_plus_870987,r4_qwen_same_contract_locked_scale_first_divergence,shard_00_block_00,0,protected,protected,True,True,10100101,10100101,True,True,8,8,False,False,True,0,0,trace_bound_first_divergence_controllability
qwen,Qwen/Qwen2.5-7B-Instruct,870210_plus_870987,r4_qwen_same_contract_locked_scale_first_divergence,shard_00_block_00,0,raw,raw,False,False,01-0-1-1,10100101,False,False,5,8,False,False,True,0,0,trace_bound_first_divergence_controllability
qwen,Qwen/Qwen2.5-7B-Instruct,870210_plus_870987,r4_qwen_same_contract_locked_scale_first_divergence,shard_00_block_00,0,task_only,task_only,False,False,01-0---1,10100101,False,False,4,8,False,False,True,0,0,trace_bound_first_divergence_controllability
qwen,Qwen/Qwen2.5-7B-Instruct,870210_plus_870987,r4_qwen_same_contract_locked_scale_first_divergence,shard_00_block_00,0,wrong_key,protected,False,False,10100101,01110011,False,True,8,8,False,False,True,0,0,trace_bound_first_divergence_controllability
qwen,Qwen/Qwen2.5-7B-Instruct,870210_plus_870987,r4_qwen_same_contract_locked_scale_first_divergence,shard_00_block_00,0,wrong_payload,protected,False,False,10100101,01011010,False,True,8,8,False,False,True,0,0,trace_bound_first_divergence_controllability
qwen,Qwen/Qwen2.5-7B-Instruct,870210_plus_870987,r4_qwen_same_contract_locked_scale_first_divergence,shard_01_block_00,1,protected,protected,True,True,10100101,10100101,True,True,8,8,False,False,True,0,0,trace_bound_first_divergence_controllability
qwen,Qwen/Qwen2.5-7B-Instruct,870210_plus_870987,r4_qwen_same_contract_locked_scale_first_divergence,shard_01_block_00,1,raw,raw,False,False,-1-0---1,10100101,False,False,3,8,False,False,True,0,0,trace_bound_first_divergence_controllability
qwen,Qwen/Qwen2.5-7B-Instruct,870210_plus_870987,r4_qwen_same_contract_locked_scale_first_divergence,shard_01_block_00,1,task_only,task_only,False,False,-1-0-0-1,10100101,False,False,4,8,False,False,True,0,0,trace_bound_first_divergence_controllability
qwen,Qwen/Qwen2.5-7B-Instruct,870210_plus_870987,r4_qwen_same_contract_locked_scale_first_divergence,shard_01_block_00,1,wrong_key,protected,False,False,10100101,01110011,False,True,8,8,False,False,True,0,0,trace_bound_first_divergence_controllability
qwen,Qwen/Qwen2.5-7B-Instruct,870210_plus_870987,r4_qwen_same_contract_locked_scale_first_divergence,shard_01_block_00,1,wrong_payload,protected,False,False,10100101,01011010,False,True,8,8,False,False,True,0,0,trace_bound_first_divergence_controllability
qwen,Qwen/Qwen2.5-7B-Instruct,870210_plus_870987,r4_qwen_same_contract_locked_scale_first_divergence,shard_02_block_00,2,protected,protected,True,True,10100101,10100101,True,True,8,8,False,False,True,0,0,trace_bound_first_divergence_controllability
qwen,Qwen/Qwen2.5-7B-Instruct,870210_plus_870987,r4_qwen_same_contract_locked_scale_first_divergence,shard_02_block_00,2,raw,raw,False,False,01-011-1,10100101,False,False,6,8,False,False,True,0,0,trace_bound_first_divergence_controllability
qwen,Qwen/Qwen2.5-7B-Instruct,870210_plus_870987,r4_qwen_same_contract_locked_scale_first_divergence,shard_02_block_00,2,task_only,task_only,False,False,01-000-1,10100101,False,False,6,8,False,False,True,0,0,trace_bound_first_divergence_controllability
qwen,Qwen/Qwen2.5-7B-Instruct,870210_plus_870987,r4_qwen_same_contract_locked_scale_first_divergence,shard_02_block_00,2,wrong_key,protected,False,False,10100101,01110011,False,True,8,8,False,False,True,0,0,trace_bound_first_divergence_controllability
qwen,Qwen/Qwen2.5-7B-Instruct,870210_plus_870987,r4_qwen_same_contract_locked_scale_first_divergence,shard_02_block_00,2,wrong_payload,protected,False,False,10100101,01011010,False,True,8,8,False,False,True,0,0,trace_bound_first_divergence_controllability
qwen,Qwen/Qwen2.5-7B-Instruct,870210_plus_870987,r4_qwen_same_contract_locked_scale_first_divergence,shard_03_block_00,3,protected,protected,True,True,10100101,10100101,True,True,8,8,False,False,True,0,0,trace_bound_first_divergence_controllability
qwen,Qwen/Qwen2.5-7B-Instruct,870210_plus_870987,r4_qwen_same_contract_locked_scale_first_divergence,shard_03_block_00,3,raw,raw,False,False,110-0011,10100101,False,False,7,8,False,False,True,0,0,trace_bound_first_divergence_controllability
qwen,Qwen/Qwen2.5-7B-Instruct,870210_plus_870987,r4_qwen_same_contract_locked_scale_first_divergence,shard_03_block_00,3,task_only,task_only,False,False,----00-1,10100101,False,False,3,8,False,False,True,0,0,trace_bound_first_divergence_controllability
qwen,Qwen/Qwen2.5-7B-Instruct,870210_plus_870987,r4_qwen_same_contract_locked_scale_first_divergence,shard_03_block_00,3,wrong_key,protected,False,False,10100101,01110011,False,True,8,8,False,False,True,0,0,trace_bound_first_divergence_controllability
qwen,Qwen/Qwen2.5-7B-Instruct,870210_plus_870987,r4_qwen_same_contract_locked_scale_first_divergence,shard_03_block_00,3,wrong_payload,protected,False,False,10100101,01011010,False,True,8,8,False,False,True,0,0,trace_bound_first_divergence_controllability
qwen,Qwen/Qwen2.5-7B-Instruct,870210_plus_870987,r4_qwen_same_contract_locked_scale_first_divergence,shard_04_block_00,4,protected,protected,True,True,10100101,10100101,True,True,8,8,False,False,True,0,0,trace_bound_first_divergence_controllability
qwen,Qwen/Qwen2.5-7B-Instruct,870210_plus_870987,r4_qwen_same_contract_locked_scale_first_divergence,shard_04_block_00,4,raw,raw,False,False,01-0--01,10100101,False,False,5,8,False,False,True,0,0,trace_bound_first_divergence_controllability
qwen,Qwen/Qwen2.5-7B-Instruct,870210_plus_870987,r4_qwen_same_contract_locked_scale_first_divergence,shard_04_block_00,4,task_only,task_only,False,False,-1100---,10100101,False,False,4,8,False,False,True,0,0,trace_bound_first_divergence_controllability
qwen,Qwen/Qwen2.5-7B-Instruct,870210_plus_870987,r4_qwen_same_contract_locked_scale_first_divergence,shard_04_block_00,4,wrong_key,protected,False,False,10100101,01110011,False,True,8,8,False,False,True,0,0,trace_bound_first_divergence_controllability
qwen,Qwen/Qwen2.5-7B-Instruct,870210_plus_870987,r4_qwen_same_contract_locked_scale_first_divergence,shard_04_block_00,4,wrong_payload,protected,False,False,10100101,01011010,False,True,8,8,False,False,True,0,0,trace_bound_first_divergence_controllability
qwen,Qwen/Qwen2.5-7B-Instruct,870210_plus_870987,r4_qwen_same_contract_locked_scale_first_divergence,shard_05_block_00,5,protected,protected,True,True,10100101,10100101,True,True,8,8,False,False,True,0,0,trace_bound_first_divergence_controllability
qwen,Qwen/Qwen2.5-7B-Instruct,870210_plus_870987,r4_qwen_same_contract_locked_scale_first_divergence,shard_05_block_00,5,raw,raw,False,False,01-0-001,10100101,False,False,6,8,False,False,True,0,0,trace_bound_first_divergence_controllability
qwen,Qwen/Qwen2.5-7B-Instruct,870210_plus_870987,r4_qwen_same_contract_locked_scale_first_divergence,shard_05_block_00,5,task_only,task_only,False,False,01-00001,10100101,False,False,7,8,False,False,True,0,0,trace_bound_first_divergence_controllability
qwen,Qwen/Qwen2.5-7B-Instruct,870210_plus_870987,r4_qwen_same_contract_locked_scale_first_divergence,shard_05_block_00,5,wrong_key,protected,False,False,10100101,01110011,False,True,8,8,False,False,True,0,0,trace_bound_first_divergence_controllability
qwen,Qwen/Qwen2.5-7B-Instruct,870210_plus_870987,r4_qwen_same_contract_locked_scale_first_divergence,shard_05_block_00,5,wrong_payload,protected,False,False,10100101,01011010,False,True,8,8,False,False,True,0,0,trace_bound_first_divergence_controllability
qwen,Qwen/Qwen2.5-7B-Instruct,870210_plus_870987,r4_qwen_same_contract_locked_scale_first_divergence,shard_06_block_00,6,protected,protected,True,True,10100101,10100101,True,True,8,8,False,False,True,0,0,trace_bound_first_divergence_controllability
qwen,Qwen/Qwen2.5-7B-Instruct,870210_plus_870987,r4_qwen_same_contract_locked_scale_first_divergence,shard_06_block_00,6,raw,raw,False,False,01100001,10100101,False,False,8,8,False,False,True,0,0,trace_bound_first_divergence_controllability
qwen,Qwen/Qwen2.5-7B-Instruct,870210_plus_870987,r4_qwen_same_contract_locked_scale_first_divergence,shard_06_block_00,6,task_only,task_only,False,False,011000-1,10100101,False,False,7,8,False,False,True,0,0,trace_bound_first_divergence_controllability
qwen,Qwen/Qwen2.5-7B-Instruct,870210_plus_870987,r4_qwen_same_contract_locked_scale_first_divergence,shard_06_block_00,6,wrong_key,protected,False,False,10100101,01110011,False,True,8,8,False,False,True,0,0,trace_bound_first_divergence_controllability
qwen,Qwen/Qwen2.5-7B-Instruct,870210_plus_870987,r4_qwen_same_contract_locked_scale_first_divergence,shard_06_block_00,6,wrong_payload,protected,False,False,10100101,01011010,False,True,8,8,False,False,True,0,0,trace_bound_first_divergence_controllability
qwen,Qwen/Qwen2.5-7B-Instruct,870210_plus_870987,r4_qwen_same_contract_locked_scale_first_divergence,shard_07_block_00,7,protected,protected,True,True,10100101,10100101,True,True,8,8,False,False,True,0,0,trace_bound_first_divergence_controllability
qwen,Qwen/Qwen2.5-7B-Instruct,870210_plus_870987,r4_qwen_same_contract_locked_scale_first_divergence,shard_07_block_00,7,raw,raw,False,False,01101001,10100101,False,True,8,8,False,False,True,0,0,trace_bound_first_divergence_controllability
qwen,Qwen/Qwen2.5-7B-Instruct,870210_plus_870987,r4_qwen_same_contract_locked_scale_first_divergence,shard_07_block_00,7,task_only,task_only,False,False,01-0-0-1,10100101,False,False,5,8,False,False,True,0,0,trace_bound_first_divergence_controllability
qwen,Qwen/Qwen2.5-7B-Instruct,870210_plus_870987,r4_qwen_same_contract_locked_scale_first_divergence,shard_07_block_00,7,wrong_key,protected,False,False,10100101,01110011,False,True,8,8,False,False,True,0,0,trace_bound_first_divergence_controllability
qwen,Qwen/Qwen2.5-7B-Instruct,870210_plus_870987,r4_qwen_same_contract_locked_scale_first_divergence,shard_07_block_00,7,wrong_payload,protected,False,False,10100101,01011010,False,True,8,8,False,False,True,0,0,trace_bound_first_divergence_controllability
qwen,Qwen/Qwen2.5-7B-Instruct,870210_plus_870987,r4_qwen_same_contract_locked_scale_first_divergence,shard_08_block_00,8,protected,protected,True,True,10100101,10100101,True,True,8,8,False,False,True,0,0,trace_bound_first_divergence_controllability
qwen,Qwen/Qwen2.5-7B-Instruct,870210_plus_870987,r4_qwen_same_contract_locked_scale_first_divergence,shard_08_block_00,8,raw,raw,False,False,01-0-0-1,10100101,False,False,5,8,False,False,True,0,0,trace_bound_first_divergence_controllability
qwen,Qwen/Qwen2.5-7B-Instruct,870210_plus_870987,r4_qwen_same_contract_locked_scale_first_divergence,shard_08_block_00,8,task_only,task_only,False,False,0110-011,10100101,False,False,7,8,False,False,True,0,0,trace_bound_first_divergence_controllability
qwen,Qwen/Qwen2.5-7B-Instruct,870210_plus_870987,r4_qwen_same_contract_locked_scale_first_divergence,shard_08_block_00,8,wrong_key,protected,False,False,10100101,01110011,False,True,8,8,False,False,True,0,0,trace_bound_first_divergence_controllability
qwen,Qwen/Qwen2.5-7B-Instruct,870210_plus_870987,r4_qwen_same_contract_locked_scale_first_divergence,shard_08_block_00,8,wrong_payload,protected,False,False,10100101,01011010,False,True,8,8,False,False,True,0,0,trace_bound_first_divergence_controllability
qwen,Qwen/Qwen2.5-7B-Instruct,870210_plus_870987,r4_qwen_same_contract_locked_scale_first_divergence,shard_09_block_00,9,protected,protected,True,True,10100101,10100101,True,True,8,8,False,False,True,0,0,trace_bound_first_divergence_controllability
qwen,Qwen/Qwen2.5-7B-Instruct,870210_plus_870987,r4_qwen_same_contract_locked_scale_first_divergence,shard_09_block_00,9,raw,raw,False,False,-10001-1,10100101,False,False,6,8,False,False,True,0,0,trace_bound_first_divergence_controllability
qwen,Qwen/Qwen2.5-7B-Instruct,870210_plus_870987,r4_qwen_same_contract_locked_scale_first_divergence,shard_09_block_00,9,task_only,task_only,False,False,01-1---1,10100101,False,False,4,8,False,False,True,0,0,trace_bound_first_divergence_controllability
qwen,Qwen/Qwen2.5-7B-Instruct,870210_plus_870987,r4_qwen_same_contract_locked_scale_first_divergence,shard_09_block_00,9,wrong_key,protected,False,False,10100101,01110011,False,True,8,8,False,False,True,0,0,trace_bound_first_divergence_controllability
qwen,Qwen/Qwen2.5-7B-Instruct,870210_plus_870987,r4_qwen_same_contract_locked_scale_first_divergence,shard_09_block_00,9,wrong_payload,protected,False,False,10100101,01011010,False,True,8,8,False,False,True,0,0,trace_bound_first_divergence_controllability
qwen,Qwen/Qwen2.5-7B-Instruct,870210_plus_870987,r4_qwen_same_contract_locked_scale_first_divergence,shard_10_block_00,10,protected,protected,True,True,10100101,10100101,True,True,8,8,False,False,True,0,0,trace_bound_first_divergence_controllability
qwen,Qwen/Qwen2.5-7B-Instruct,870210_plus_870987,r4_qwen_same_contract_locked_scale_first_divergence,shard_10_block_00,10,raw,raw,False,False,1-------,10100101,False,False,1,8,False,False,True,0,0,trace_bound_first_divergence_controllability
qwen,Qwen/Qwen2.5-7B-Instruct,870210_plus_870987,r4_qwen_same_contract_locked_scale_first_divergence,shard_10_block_00,10,task_only,task_only,False,False,1-------,10100101,False,False,1,8,False,False,True,0,0,trace_bound_first_divergence_controllability
qwen,Qwen/Qwen2.5-7B-Instruct,870210_plus_870987,r4_qwen_same_contract_locked_scale_first_divergence,shard_10_block_00,10,wrong_key,protected,False,False,10100101,01110011,False,True,8,8,False,False,True,0,0,trace_bound_first_divergence_controllability
qwen,Qwen/Qwen2.5-7B-Instruct,870210_plus_870987,r4_qwen_same_contract_locked_scale_first_divergence,shard_10_block_00,10,wrong_payload,protected,False,False,10100101,01011010,False,True,8,8,False,False,True,0,0,trace_bound_first_divergence_controllability
qwen,Qwen/Qwen2.5-7B-Instruct,870210_plus_870987,r4_qwen_same_contract_locked_scale_first_divergence,shard_11_block_00,11,protected,protected,True,True,10100101,10100101,True,True,8,8,False,False,True,0,0,trace_bound_first_divergence_controllability
qwen,Qwen/Qwen2.5-7B-Instruct,870210_plus_870987,r4_qwen_same_contract_locked_scale_first_divergence,shard_11_block_00,11,raw,raw,False,False,---0-001,10100101,False,False,4,8,False,False,True,0,0,trace_bound_first_divergence_controllability
qwen,Qwen/Qwen2.5-7B-Instruct,870210_plus_870987,r4_qwen_same_contract_locked_scale_first_divergence,shard_11_block_00,11,task_only,task_only,False,False,-1-0----,10100101,False,False,2,8,False,False,True,0,0,trace_bound_first_divergence_controllability
qwen,Qwen/Qwen2.5-7B-Instruct,870210_plus_870987,r4_qwen_same_contract_locked_scale_first_divergence,shard_11_block_00,11,wrong_key,protected,False,False,10100101,01110011,False,True,8,8,False,False,True,0,0,trace_bound_first_divergence_controllability
qwen,Qwen/Qwen2.5-7B-Instruct,870210_plus_870987,r4_qwen_same_contract_locked_scale_first_divergence,shard_11_block_00,11,wrong_payload,protected,False,False,10100101,01011010,False,True,8,8,False,False,True,0,0,trace_bound_first_divergence_controllability
qwen,Qwen/Qwen2.5-7B-Instruct,870210_plus_870987,r4_qwen_same_contract_locked_scale_first_divergence,shard_12_block_00,12,protected,protected,True,True,10100101,10100101,True,True,8,8,False,False,True,0,0,trace_bound_first_divergence_controllability
qwen,Qwen/Qwen2.5-7B-Instruct,870210_plus_870987,r4_qwen_same_contract_locked_scale_first_divergence,shard_12_block_00,12,raw,raw,False,False,11-0-011,10100101,False,False,6,8,False,False,True,0,0,trace_bound_first_divergence_controllability
qwen,Qwen/Qwen2.5-7B-Instruct,870210_plus_870987,r4_qwen_same_contract_locked_scale_first_divergence,shard_12_block_00,12,task_only,task_only,False,False,1-1-0011,10100101,False,False,6,8,False,False,True,0,0,trace_bound_first_divergence_controllability
qwen,Qwen/Qwen2.5-7B-Instruct,870210_plus_870987,r4_qwen_same_contract_locked_scale_first_divergence,shard_12_block_00,12,wrong_key,protected,False,False,10100101,01110011,False,True,8,8,False,False,True,0,0,trace_bound_first_divergence_controllability
qwen,Qwen/Qwen2.5-7B-Instruct,870210_plus_870987,r4_qwen_same_contract_locked_scale_first_divergence,shard_12_block_00,12,wrong_payload,protected,False,False,10100101,01011010,False,True,8,8,False,False,True,0,0,trace_bound_first_divergence_controllability
qwen,Qwen/Qwen2.5-7B-Instruct,870210_plus_870987,r4_qwen_same_contract_locked_scale_first_divergence,shard_13_block_00,13,protected,protected,True,True,10100101,10100101,True,True,8,8,False,False,True,0,0,trace_bound_first_divergence_controllability
qwen,Qwen/Qwen2.5-7B-Instruct,870210_plus_870987,r4_qwen_same_contract_locked_scale_first_divergence,shard_13_block_00,13,raw,raw,False,False,01-001-1,10100101,False,False,6,8,False,False,True,0,0,trace_bound_first_divergence_controllability
qwen,Qwen/Qwen2.5-7B-Instruct,870210_plus_870987,r4_qwen_same_contract_locked_scale_first_divergence,shard_13_block_00,13,task_only,task_only,False,False,0-100101,10100101,False,False,7,8,False,False,True,0,0,trace_bound_first_divergence_controllability
qwen,Qwen/Qwen2.5-7B-Instruct,870210_plus_870987,r4_qwen_same_contract_locked_scale_first_divergence,shard_13_block_00,13,wrong_key,protected,False,False,10100101,01110011,False,True,8,8,False,False,True,0,0,trace_bound_first_divergence_controllability
qwen,Qwen/Qwen2.5-7B-Instruct,870210_plus_870987,r4_qwen_same_contract_locked_scale_first_divergence,shard_13_block_00,13,wrong_payload,protected,False,False,10100101,01011010,False,True,8,8,False,False,True,0,0,trace_bound_first_divergence_controllability
qwen,Qwen/Qwen2.5-7B-Instruct,870210_plus_870987,r4_qwen_same_contract_locked_scale_first_divergence,shard_14_block_00,14,protected,protected,True,True,10100101,10100101,True,True,8,8,False,False,True,0,0,trace_bound_first_divergence_controllability
qwen,Qwen/Qwen2.5-7B-Instruct,870210_plus_870987,r4_qwen_same_contract_locked_scale_first_divergence,shard_14_block_00,14,raw,raw,False,False,01100001,10100101,False,False,8,8,False,False,True,0,0,trace_bound_first_divergence_controllability
qwen,Qwen/Qwen2.5-7B-Instruct,870210_plus_870987,r4_qwen_same_contract_locked_scale_first_divergence,shard_14_block_00,14,task_only,task_only,False,False,01100-01,10100101,False,False,7,8,False,False,True,0,0,trace_bound_first_divergence_controllability
qwen,Qwen/Qwen2.5-7B-Instruct,870210_plus_870987,r4_qwen_same_contract_locked_scale_first_divergence,shard_14_block_00,14,wrong_key,protected,False,False,10100101,01110011,False,True,8,8,False,False,True,0,0,trace_bound_first_divergence_controllability
qwen,Qwen/Qwen2.5-7B-Instruct,870210_plus_870987,r4_qwen_same_contract_locked_scale_first_divergence,shard_14_block_00,14,wrong_payload,protected,False,False,10100101,01011010,False,True,8,8,False,False,True,0,0,trace_bound_first_divergence_controllability
qwen,Qwen/Qwen2.5-7B-Instruct,870210_plus_870987,r4_qwen_same_contract_locked_scale_first_divergence,shard_15_block_00,15,protected,protected,True,True,10100101,10100101,True,True,8,8,False,False,True,0,0,trace_bound_first_divergence_controllability
qwen,Qwen/Qwen2.5-7B-Instruct,870210_plus_870987,r4_qwen_same_contract_locked_scale_first_divergence,shard_15_block_00,15,raw,raw,False,False,011-0001,10100101,False,False,7,8,False,False,True,0,0,trace_bound_first_divergence_controllability
qwen,Qwen/Qwen2.5-7B-Instruct,870210_plus_870987,r4_qwen_same_contract_locked_scale_first_divergence,shard_15_block_00,15,task_only,task_only,False,False,01100101,10100101,False,False,8,8,False,False,True,0,0,trace_bound_first_divergence_controllability
qwen,Qwen/Qwen2.5-7B-Instruct,870210_plus_870987,r4_qwen_same_contract_locked_scale_first_divergence,shard_15_block_00,15,wrong_key,protected,False,False,10100101,01110011,False,True,8,8,False,False,True,0,0,trace_bound_first_divergence_controllability
qwen,Qwen/Qwen2.5-7B-Instruct,870210_plus_870987,r4_qwen_same_contract_locked_scale_first_divergence,shard_15_block_00,15,wrong_payload,protected,False,False,10100101,01011010,False,True,8,8,False,False,True,0,0,trace_bound_first_divergence_controllability
qwen,Qwen/Qwen2.5-7B-Instruct,870210_plus_870987,r4_qwen_same_contract_locked_scale_first_divergence,shard_16_block_00,16,protected,protected,True,True,10100101,10100101,True,True,8,8,False,False,True,0,0,trace_bound_first_divergence_controllability
qwen,Qwen/Qwen2.5-7B-Instruct,870210_plus_870987,r4_qwen_same_contract_locked_scale_first_divergence,shard_16_block_00,16,raw,raw,False,False,0-100101,10100101,False,False,7,8,False,False,True,0,0,trace_bound_first_divergence_controllability
qwen,Qwen/Qwen2.5-7B-Instruct,870210_plus_870987,r4_qwen_same_contract_locked_scale_first_divergence,shard_16_block_00,16,task_only,task_only,False,False,011-0001,10100101,False,False,7,8,False,False,True,0,0,trace_bound_first_divergence_controllability
qwen,Qwen/Qwen2.5-7B-Instruct,870210_plus_870987,r4_qwen_same_contract_locked_scale_first_divergence,shard_16_block_00,16,wrong_key,protected,False,False,10100101,01110011,False,True,8,8,False,False,True,0,0,trace_bound_first_divergence_controllability
qwen,Qwen/Qwen2.5-7B-Instruct,870210_plus_870987,r4_qwen_same_contract_locked_scale_first_divergence,shard_16_block_00,16,wrong_payload,protected,False,False,10100101,01011010,False,True,8,8,False,False,True,0,0,trace_bound_first_divergence_controllability
qwen,Qwen/Qwen2.5-7B-Instruct,870210_plus_870987,r4_qwen_same_contract_locked_scale_first_divergence,shard_17_block_00,17,protected,protected,True,True,10100101,10100101,True,True,8,8,False,False,True,0,0,trace_bound_first_divergence_controllability
qwen,Qwen/Qwen2.5-7B-Instruct,870210_plus_870987,r4_qwen_same_contract_locked_scale_first_divergence,shard_17_block_00,17,raw,raw,False,False,-1100001,10100101,False,False,7,8,False,False,True,0,0,trace_bound_first_divergence_controllability
qwen,Qwen/Qwen2.5-7B-Instruct,870210_plus_870987,r4_qwen_same_contract_locked_scale_first_divergence,shard_17_block_00,17,task_only,task_only,False,False,01000001,10100101,False,False,8,8,False,False,True,0,0,trace_bound_first_divergence_controllability
qwen,Qwen/Qwen2.5-7B-Instruct,870210_plus_870987,r4_qwen_same_contract_locked_scale_first_divergence,shard_17_block_00,17,wrong_key,protected,False,False,10100101,01110011,False,True,8,8,False,False,True,0,0,trace_bound_first_divergence_controllability
qwen,Qwen/Qwen2.5-7B-Instruct,870210_plus_870987,r4_qwen_same_contract_locked_scale_first_divergence,shard_17_block_00,17,wrong_payload,protected,False,False,10100101,01011010,False,True,8,8,False,False,True,0,0,trace_bound_first_divergence_controllability
qwen,Qwen/Qwen2.5-7B-Instruct,870210_plus_870987,r4_qwen_same_contract_locked_scale_first_divergence,shard_18_block_00,18,protected,protected,True,True,10100101,10100101,True,True,8,8,False,False,True,0,0,trace_bound_first_divergence_controllability
qwen,Qwen/Qwen2.5-7B-Instruct,870210_plus_870987,r4_qwen_same_contract_locked_scale_first_divergence,shard_18_block_00,18,raw,raw,False,False,-10-1111,10100101,False,False,6,8,False,False,True,0,0,trace_bound_first_divergence_controllability
qwen,Qwen/Qwen2.5-7B-Instruct,870210_plus_870987,r4_qwen_same_contract_locked_scale_first_divergence,shard_18_block_00,18,task_only,task_only,False,False,010-00-1,10100101,False,False,6,8,False,False,True,0,0,trace_bound_first_divergence_controllability
qwen,Qwen/Qwen2.5-7B-Instruct,870210_plus_870987,r4_qwen_same_contract_locked_scale_first_divergence,shard_18_block_00,18,wrong_key,protected,False,False,10100101,01110011,False,True,8,8,False,False,True,0,0,trace_bound_first_divergence_controllability
qwen,Qwen/Qwen2.5-7B-Instruct,870210_plus_870987,r4_qwen_same_contract_locked_scale_first_divergence,shard_18_block_00,18,wrong_payload,protected,False,False,10100101,01011010,False,True,8,8,False,False,True,0,0,trace_bound_first_divergence_controllability
qwen,Qwen/Qwen2.5-7B-Instruct,870210_plus_870987,r4_qwen_same_contract_locked_scale_first_divergence,shard_19_block_00,19,protected,protected,True,True,10100101,10100101,True,True,8,8,False,False,True,0,0,trace_bound_first_divergence_controllability
qwen,Qwen/Qwen2.5-7B-Instruct,870210_plus_870987,r4_qwen_same_contract_locked_scale_first_divergence,shard_19_block_00,19,raw,raw,False,False,11100001,10100101,False,True,8,8,False,False,True,0,0,trace_bound_first_divergence_controllability
qwen,Qwen/Qwen2.5-7B-Instruct,870210_plus_870987,r4_qwen_same_contract_locked_scale_first_divergence,shard_19_block_00,19,task_only,task_only,False,False,-10-01-0,10100101,False,False,5,8,False,False,True,0,0,trace_bound_first_divergence_controllability
qwen,Qwen/Qwen2.5-7B-Instruct,870210_plus_870987,r4_qwen_same_contract_locked_scale_first_divergence,shard_19_block_00,19,wrong_key,protected,False,False,10100101,01110011,False,True,8,8,False,False,True,0,0,trace_bound_first_divergence_controllability
qwen,Qwen/Qwen2.5-7B-Instruct,870210_plus_870987,r4_qwen_same_contract_locked_scale_first_divergence,shard_19_block_00,19,wrong_payload,protected,False,False,10100101,01011010,False,True,8,8,False,False,True,0,0,trace_bound_first_divergence_controllability
qwen,Qwen/Qwen2.5-7B-Instruct,870210_plus_870987,r4_qwen_same_contract_locked_scale_first_divergence,shard_20_block_00,20,protected,protected,True,True,10100101,10100101,True,True,8,8,False,False,True,0,0,trace_bound_first_divergence_controllability
qwen,Qwen/Qwen2.5-7B-Instruct,870210_plus_870987,r4_qwen_same_contract_locked_scale_first_divergence,shard_20_block_00,20,raw,raw,False,False,01100111,10100101,False,False,8,8,False,False,True,0,0,trace_bound_first_divergence_controllability
qwen,Qwen/Qwen2.5-7B-Instruct,870210_plus_870987,r4_qwen_same_contract_locked_scale_first_divergence,shard_20_block_00,20,task_only,task_only,False,False,011001-1,10100101,False,False,7,8,False,False,True,0,0,trace_bound_first_divergence_controllability
qwen,Qwen/Qwen2.5-7B-Instruct,870210_plus_870987,r4_qwen_same_contract_locked_scale_first_divergence,shard_20_block_00,20,wrong_key,protected,False,False,10100101,01110011,False,True,8,8,False,False,True,0,0,trace_bound_first_divergence_controllability
qwen,Qwen/Qwen2.5-7B-Instruct,870210_plus_870987,r4_qwen_same_contract_locked_scale_first_divergence,shard_20_block_00,20,wrong_payload,protected,False,False,10100101,01011010,False,True,8,8,False,False,True,0,0,trace_bound_first_divergence_controllability
qwen,Qwen/Qwen2.5-7B-Instruct,870210_plus_870987,r4_qwen_same_contract_locked_scale_first_divergence,shard_21_block_00,21,protected,protected,True,True,10100101,10100101,True,True,8,8,False,False,True,0,0,trace_bound_first_divergence_controllability
qwen,Qwen/Qwen2.5-7B-Instruct,870210_plus_870987,r4_qwen_same_contract_locked_scale_first_divergence,shard_21_block_00,21,raw,raw,False,False,01000111,10100101,False,False,8,8,False,False,True,0,0,trace_bound_first_divergence_controllability
qwen,Qwen/Qwen2.5-7B-Instruct,870210_plus_870987,r4_qwen_same_contract_locked_scale_first_divergence,shard_21_block_00,21,task_only,task_only,False,False,1-000111,10100101,False,False,7,8,False,False,True,0,0,trace_bound_first_divergence_controllability
qwen,Qwen/Qwen2.5-7B-Instruct,870210_plus_870987,r4_qwen_same_contract_locked_scale_first_divergence,shard_21_block_00,21,wrong_key,protected,False,False,10100101,01110011,False,True,8,8,False,False,True,0,0,trace_bound_first_divergence_controllability
qwen,Qwen/Qwen2.5-7B-Instruct,870210_plus_870987,r4_qwen_same_contract_locked_scale_first_divergence,shard_21_block_00,21,wrong_payload,protected,False,False,10100101,01011010,False,True,8,8,False,False,True,0,0,trace_bound_first_divergence_controllability
qwen,Qwen/Qwen2.5-7B-Instruct,870210_plus_870987,r4_qwen_same_contract_locked_scale_first_divergence,shard_22_block_00,22,protected,protected,True,True,10100101,10100101,True,True,8,8,False,False,True,0,0,trace_bound_first_divergence_controllability
qwen,Qwen/Qwen2.5-7B-Instruct,870210_plus_870987,r4_qwen_same_contract_locked_scale_first_divergence,shard_22_block_00,22,raw,raw,False,False,11-00-1-,10100101,False,False,5,8,False,False,True,0,0,trace_bound_first_divergence_controllability
qwen,Qwen/Qwen2.5-7B-Instruct,870210_plus_870987,r4_qwen_same_contract_locked_scale_first_divergence,shard_22_block_00,22,task_only,task_only,False,False,0100--10,10100101,False,False,6,8,False,False,True,0,0,trace_bound_first_divergence_controllability
qwen,Qwen/Qwen2.5-7B-Instruct,870210_plus_870987,r4_qwen_same_contract_locked_scale_first_divergence,shard_22_block_00,22,wrong_key,protected,False,False,10100101,01110011,False,True,8,8,False,False,True,0,0,trace_bound_first_divergence_controllability
qwen,Qwen/Qwen2.5-7B-Instruct,870210_plus_870987,r4_qwen_same_contract_locked_scale_first_divergence,shard_22_block_00,22,wrong_payload,protected,False,False,10100101,01011010,False,True,8,8,False,False,True,0,0,trace_bound_first_divergence_controllability
qwen,Qwen/Qwen2.5-7B-Instruct,870210_plus_870987,r4_qwen_same_contract_locked_scale_first_divergence,shard_23_block_00,23,protected,protected,True,True,10100101,10100101,True,True,8,8,False,False,True,0,0,trace_bound_first_divergence_controllability
qwen,Qwen/Qwen2.5-7B-Instruct,870210_plus_870987,r4_qwen_same_contract_locked_scale_first_divergence,shard_23_block_00,23,raw,raw,False,False,----10--,10100101,False,False,2,8,False,False,True,0,0,trace_bound_first_divergence_controllability
qwen,Qwen/Qwen2.5-7B-Instruct,870210_plus_870987,r4_qwen_same_contract_locked_scale_first_divergence,shard_23_block_00,23,task_only,task_only,False,False,--------,10100101,False,False,0,8,False,False,True,0,0,trace_bound_first_divergence_controllability
qwen,Qwen/Qwen2.5-7B-Instruct,870210_plus_870987,r4_qwen_same_contract_locked_scale_first_divergence,shard_23_block_00,23,wrong_key,protected,False,False,10100101,01110011,False,True,8,8,False,False,True,0,0,trace_bound_first_divergence_controllability
qwen,Qwen/Qwen2.5-7B-Instruct,870210_plus_870987,r4_qwen_same_contract_locked_scale_first_divergence,shard_23_block_00,23,wrong_payload,protected,False,False,10100101,01011010,False,True,8,8,False,False,True,0,0,trace_bound_first_divergence_controllability
qwen,Qwen/Qwen2.5-7B-Instruct,870210_plus_870987,r4_qwen_same_contract_locked_scale_first_divergence,shard_24_block_00,24,protected,protected,True,True,10100101,10100101,True,True,8,8,False,False,True,0,0,trace_bound_first_divergence_controllability
qwen,Qwen/Qwen2.5-7B-Instruct,870210_plus_870987,r4_qwen_same_contract_locked_scale_first_divergence,shard_24_block_00,24,raw,raw,False,False,------1-,10100101,False,False,1,8,False,False,True,0,0,trace_bound_first_divergence_controllability
qwen,Qwen/Qwen2.5-7B-Instruct,870210_plus_870987,r4_qwen_same_contract_locked_scale_first_divergence,shard_24_block_00,24,task_only,task_only,False,False,--01----,10100101,False,False,2,8,False,False,True,0,0,trace_bound_first_divergence_controllability
qwen,Qwen/Qwen2.5-7B-Instruct,870210_plus_870987,r4_qwen_same_contract_locked_scale_first_divergence,shard_24_block_00,24,wrong_key,protected,False,False,10100101,01110011,False,True,8,8,False,False,True,0,0,trace_bound_first_divergence_controllability
qwen,Qwen/Qwen2.5-7B-Instruct,870210_plus_870987,r4_qwen_same_contract_locked_scale_first_divergence,shard_24_block_00,24,wrong_payload,protected,False,False,10100101,01011010,False,True,8,8,False,False,True,0,0,trace_bound_first_divergence_controllability
qwen,Qwen/Qwen2.5-7B-Instruct,870210_plus_870987,r4_qwen_same_contract_locked_scale_first_divergence,shard_25_block_00,25,protected,protected,True,True,10100101,10100101,True,True,8,8,False,False,True,0,0,trace_bound_first_divergence_controllability
qwen,Qwen/Qwen2.5-7B-Instruct,870210_plus_870987,r4_qwen_same_contract_locked_scale_first_divergence,shard_25_block_00,25,raw,raw,False,False,---1-011,10100101,False,False,4,8,False,False,True,0,0,trace_bound_first_divergence_controllability
qwen,Qwen/Qwen2.5-7B-Instruct,870210_plus_870987,r4_qwen_same_contract_locked_scale_first_divergence,shard_25_block_00,25,task_only,task_only,False,False,------1-,10100101,False,False,1,8,False,False,True,0,0,trace_bound_first_divergence_controllability
qwen,Qwen/Qwen2.5-7B-Instruct,870210_plus_870987,r4_qwen_same_contract_locked_scale_first_divergence,shard_25_block_00,25,wrong_key,protected,False,False,10100101,01110011,False,True,8,8,False,False,True,0,0,trace_bound_first_divergence_controllability
qwen,Qwen/Qwen2.5-7B-Instruct,870210_plus_870987,r4_qwen_same_contract_locked_scale_first_divergence,shard_25_block_00,25,wrong_payload,protected,False,False,10100101,01011010,False,True,8,8,False,False,True,0,0,trace_bound_first_divergence_controllability
qwen,Qwen/Qwen2.5-7B-Instruct,870210_plus_870987,r4_qwen_same_contract_locked_scale_first_divergence,shard_26_block_00,26,protected,protected,True,True,10100101,10100101,True,True,8,8,False,False,True,0,0,trace_bound_first_divergence_controllability
qwen,Qwen/Qwen2.5-7B-Instruct,870210_plus_870987,r4_qwen_same_contract_locked_scale_first_divergence,shard_26_block_00,26,raw,raw,False,False,--0-----,10100101,False,False,1,8,False,False,True,0,0,trace_bound_first_divergence_controllability
qwen,Qwen/Qwen2.5-7B-Instruct,870210_plus_870987,r4_qwen_same_contract_locked_scale_first_divergence,shard_26_block_00,26,task_only,task_only,False,False,0-------,10100101,False,False,1,8,False,False,True,0,0,trace_bound_first_divergence_controllability
qwen,Qwen/Qwen2.5-7B-Instruct,870210_plus_870987,r4_qwen_same_contract_locked_scale_first_divergence,shard_26_block_00,26,wrong_key,protected,False,False,10100101,01110011,False,True,8,8,False,False,True,0,0,trace_bound_first_divergence_controllability
qwen,Qwen/Qwen2.5-7B-Instruct,870210_plus_870987,r4_qwen_same_contract_locked_scale_first_divergence,shard_26_block_00,26,wrong_payload,protected,False,False,10100101,01011010,False,True,8,8,False,False,True,0,0,trace_bound_first_divergence_controllability
qwen,Qwen/Qwen2.5-7B-Instruct,870210_plus_870987,r4_qwen_same_contract_locked_scale_first_divergence,shard_27_block_00,27,protected,protected,True,True,10100101,10100101,True,True,8,8,False,False,True,0,0,trace_bound_first_divergence_controllability
qwen,Qwen/Qwen2.5-7B-Instruct,870210_plus_870987,r4_qwen_same_contract_locked_scale_first_divergence,shard_27_block_00,27,raw,raw,False,False,-1---111,10100101,False,False,4,8,False,False,True,0,0,trace_bound_first_divergence_controllability
qwen,Qwen/Qwen2.5-7B-Instruct,870210_plus_870987,r4_qwen_same_contract_locked_scale_first_divergence,shard_27_block_00,27,task_only,task_only,False,False,1110--10,10100101,False,False,6,8,False,False,True,0,0,trace_bound_first_divergence_controllability
qwen,Qwen/Qwen2.5-7B-Instruct,870210_plus_870987,r4_qwen_same_contract_locked_scale_first_divergence,shard_27_block_00,27,wrong_key,protected,False,False,10100101,01110011,False,True,8,8,False,False,True,0,0,trace_bound_first_divergence_controllability
qwen,Qwen/Qwen2.5-7B-Instruct,870210_plus_870987,r4_qwen_same_contract_locked_scale_first_divergence,shard_27_block_00,27,wrong_payload,protected,False,False,10100101,01011010,False,True,8,8,False,False,True,0,0,trace_bound_first_divergence_controllability
qwen,Qwen/Qwen2.5-7B-Instruct,870210_plus_870987,r4_qwen_same_contract_locked_scale_first_divergence,shard_28_block_00,28,protected,protected,True,True,10100101,10100101,True,True,8,8,False,False,True,0,0,trace_bound_first_divergence_controllability
qwen,Qwen/Qwen2.5-7B-Instruct,870210_plus_870987,r4_qwen_same_contract_locked_scale_first_divergence,shard_28_block_00,28,raw,raw,False,False,111-0-1-,10100101,False,False,5,8,False,False,True,0,0,trace_bound_first_divergence_controllability
qwen,Qwen/Qwen2.5-7B-Instruct,870210_plus_870987,r4_qwen_same_contract_locked_scale_first_divergence,shard_28_block_00,28,task_only,task_only,False,False,111-011-,10100101,False,False,6,8,False,False,True,0,0,trace_bound_first_divergence_controllability
qwen,Qwen/Qwen2.5-7B-Instruct,870210_plus_870987,r4_qwen_same_contract_locked_scale_first_divergence,shard_28_block_00,28,wrong_key,protected,False,False,10100101,01110011,False,True,8,8,False,False,True,0,0,trace_bound_first_divergence_controllability
qwen,Qwen/Qwen2.5-7B-Instruct,870210_plus_870987,r4_qwen_same_contract_locked_scale_first_divergence,shard_28_block_00,28,wrong_payload,protected,False,False,10100101,01011010,False,True,8,8,False,False,True,0,0,trace_bound_first_divergence_controllability
qwen,Qwen/Qwen2.5-7B-Instruct,870210_plus_870987,r4_qwen_same_contract_locked_scale_first_divergence,shard_29_block_00,29,protected,protected,True,True,10100101,10100101,True,True,8,8,False,False,True,0,0,trace_bound_first_divergence_controllability
qwen,Qwen/Qwen2.5-7B-Instruct,870210_plus_870987,r4_qwen_same_contract_locked_scale_first_divergence,shard_29_block_00,29,raw,raw,False,False,01100111,10100101,False,False,8,8,False,False,True,0,0,trace_bound_first_divergence_controllability
qwen,Qwen/Qwen2.5-7B-Instruct,870210_plus_870987,r4_qwen_same_contract_locked_scale_first_divergence,shard_29_block_00,29,task_only,task_only,False,False,-1100111,10100101,False,False,7,8,False,False,True,0,0,trace_bound_first_divergence_controllability
qwen,Qwen/Qwen2.5-7B-Instruct,870210_plus_870987,r4_qwen_same_contract_locked_scale_first_divergence,shard_29_block_00,29,wrong_key,protected,False,False,10100101,01110011,False,True,8,8,False,False,True,0,0,trace_bound_first_divergence_controllability
qwen,Qwen/Qwen2.5-7B-Instruct,870210_plus_870987,r4_qwen_same_contract_locked_scale_first_divergence,shard_29_block_00,29,wrong_payload,protected,False,False,10100101,01011010,False,True,8,8,False,False,True,0,0,trace_bound_first_divergence_controllability
qwen,Qwen/Qwen2.5-7B-Instruct,870210_plus_870987,r4_qwen_same_contract_locked_scale_first_divergence,shard_30_block_00,30,protected,protected,True,True,10100101,10100101,True,True,8,8,False,False,True,0,0,trace_bound_first_divergence_controllability
qwen,Qwen/Qwen2.5-7B-Instruct,870210_plus_870987,r4_qwen_same_contract_locked_scale_first_divergence,shard_30_block_00,30,raw,raw,False,False,11-00-1-,10100101,False,False,5,8,False,False,True,0,0,trace_bound_first_divergence_controllability
qwen,Qwen/Qwen2.5-7B-Instruct,870210_plus_870987,r4_qwen_same_contract_locked_scale_first_divergence,shard_30_block_00,30,task_only,task_only,False,False,111-0-1-,10100101,False,False,5,8,False,False,True,0,0,trace_bound_first_divergence_controllability
qwen,Qwen/Qwen2.5-7B-Instruct,870210_plus_870987,r4_qwen_same_contract_locked_scale_first_divergence,shard_30_block_00,30,wrong_key,protected,False,False,10100101,01110011,False,True,8,8,False,False,True,0,0,trace_bound_first_divergence_controllability
qwen,Qwen/Qwen2.5-7B-Instruct,870210_plus_870987,r4_qwen_same_contract_locked_scale_first_divergence,shard_30_block_00,30,wrong_payload,protected,False,False,10100101,01011010,False,True,8,8,False,False,True,0,0,trace_bound_first_divergence_controllability
qwen,Qwen/Qwen2.5-7B-Instruct,870210_plus_870987,r4_qwen_same_contract_locked_scale_first_divergence,shard_31_block_00,31,protected,protected,True,True,10100101,10100101,True,True,8,8,False,False,True,0,0,trace_bound_first_divergence_controllability
qwen,Qwen/Qwen2.5-7B-Instruct,870210_plus_870987,r4_qwen_same_contract_locked_scale_first_divergence,shard_31_block_00,31,raw,raw,False,False,-11-0110,10100101,False,False,6,8,False,False,True,0,0,trace_bound_first_divergence_controllability
qwen,Qwen/Qwen2.5-7B-Instruct,870210_plus_870987,r4_qwen_same_contract_locked_scale_first_divergence,shard_31_block_00,31,task_only,task_only,False,False,--1001-0,10100101,False,False,5,8,False,False,True,0,0,trace_bound_first_divergence_controllability
qwen,Qwen/Qwen2.5-7B-Instruct,870210_plus_870987,r4_qwen_same_contract_locked_scale_first_divergence,shard_31_block_00,31,wrong_key,protected,False,False,10100101,01110011,False,True,8,8,False,False,True,0,0,trace_bound_first_divergence_controllability
qwen,Qwen/Qwen2.5-7B-Instruct,870210_plus_870987,r4_qwen_same_contract_locked_scale_first_divergence,shard_31_block_00,31,wrong_payload,protected,False,False,10100101,01011010,False,True,8,8,False,False,True,0,0,trace_bound_first_divergence_controllability
qwen,Qwen/Qwen2.5-7B-Instruct,870210_plus_870987,r4_qwen_same_contract_locked_scale_first_divergence,shard_32_block_00,32,protected,protected,True,True,10100101,10100101,True,True,8,8,False,False,True,0,0,trace_bound_first_divergence_controllability
qwen,Qwen/Qwen2.5-7B-Instruct,870210_plus_870987,r4_qwen_same_contract_locked_scale_first_divergence,shard_32_block_00,32,raw,raw,False,False,-10----1,10100101,False,False,3,8,False,False,True,0,0,trace_bound_first_divergence_controllability
qwen,Qwen/Qwen2.5-7B-Instruct,870210_plus_870987,r4_qwen_same_contract_locked_scale_first_divergence,shard_32_block_00,32,task_only,task_only,False,False,11-0--10,10100101,False,False,5,8,False,False,True,0,0,trace_bound_first_divergence_controllability
qwen,Qwen/Qwen2.5-7B-Instruct,870210_plus_870987,r4_qwen_same_contract_locked_scale_first_divergence,shard_32_block_00,32,wrong_key,protected,False,False,10100101,01110011,False,True,8,8,False,False,True,0,0,trace_bound_first_divergence_controllability
qwen,Qwen/Qwen2.5-7B-Instruct,870210_plus_870987,r4_qwen_same_contract_locked_scale_first_divergence,shard_32_block_00,32,wrong_payload,protected,False,False,10100101,01011010,False,True,8,8,False,False,True,0,0,trace_bound_first_divergence_controllability
qwen,Qwen/Qwen2.5-7B-Instruct,870210_plus_870987,r4_qwen_same_contract_locked_scale_first_divergence,shard_33_block_00,33,protected,protected,True,True,10100101,10100101,True,True,8,8,False,False,True,0,0,trace_bound_first_divergence_controllability
qwen,Qwen/Qwen2.5-7B-Instruct,870210_plus_870987,r4_qwen_same_contract_locked_scale_first_divergence,shard_33_block_00,33,raw,raw,False,False,--00-01-,10100101,False,False,4,8,False,False,True,0,0,trace_bound_first_divergence_controllability
qwen,Qwen/Qwen2.5-7B-Instruct,870210_plus_870987,r4_qwen_same_contract_locked_scale_first_divergence,shard_33_block_00,33,task_only,task_only,False,False,00100--1,10100101,False,False,6,8,False,False,True,0,0,trace_bound_first_divergence_controllability
qwen,Qwen/Qwen2.5-7B-Instruct,870210_plus_870987,r4_qwen_same_contract_locked_scale_first_divergence,shard_33_block_00,33,wrong_key,protected,False,False,10100101,01110011,False,True,8,8,False,False,True,0,0,trace_bound_first_divergence_controllability
qwen,Qwen/Qwen2.5-7B-Instruct,870210_plus_870987,r4_qwen_same_contract_locked_scale_first_divergence,shard_33_block_00,33,wrong_payload,protected,False,False,10100101,01011010,False,True,8,8,False,False,True,0,0,trace_bound_first_divergence_controllability
qwen,Qwen/Qwen2.5-7B-Instruct,870210_plus_870987,r4_qwen_same_contract_locked_scale_first_divergence,shard_34_block_00,34,protected,protected,True,True,10100101,10100101,True,True,8,8,False,False,True,0,0,trace_bound_first_divergence_controllability
qwen,Qwen/Qwen2.5-7B-Instruct,870210_plus_870987,r4_qwen_same_contract_locked_scale_first_divergence,shard_34_block_00,34,raw,raw,False,False,01---0--,10100101,False,False,3,8,False,False,True,0,0,trace_bound_first_divergence_controllability
qwen,Qwen/Qwen2.5-7B-Instruct,870210_plus_870987,r4_qwen_same_contract_locked_scale_first_divergence,shard_34_block_00,34,task_only,task_only,False,False,011--1-0,10100101,False,False,5,8,False,False,True,0,0,trace_bound_first_divergence_controllability
qwen,Qwen/Qwen2.5-7B-Instruct,870210_plus_870987,r4_qwen_same_contract_locked_scale_first_divergence,shard_34_block_00,34,wrong_key,protected,False,False,10100101,01110011,False,True,8,8,False,False,True,0,0,trace_bound_first_divergence_controllability
qwen,Qwen/Qwen2.5-7B-Instruct,870210_plus_870987,r4_qwen_same_contract_locked_scale_first_divergence,shard_34_block_00,34,wrong_payload,protected,False,False,10100101,01011010,False,True,8,8,False,False,True,0,0,trace_bound_first_divergence_controllability
qwen,Qwen/Qwen2.5-7B-Instruct,870210_plus_870987,r4_qwen_same_contract_locked_scale_first_divergence,shard_35_block_00,35,protected,protected,True,True,10100101,10100101,True,True,8,8,False,False,True,0,0,trace_bound_first_divergence_controllability
qwen,Qwen/Qwen2.5-7B-Instruct,870210_plus_870987,r4_qwen_same_contract_locked_scale_first_divergence,shard_35_block_00,35,raw,raw,False,False,-1-00--0,10100101,False,False,4,8,False,False,True,0,0,trace_bound_first_divergence_controllability
qwen,Qwen/Qwen2.5-7B-Instruct,870210_plus_870987,r4_qwen_same_contract_locked_scale_first_divergence,shard_35_block_00,35,task_only,task_only,False,False,01-00---,10100101,False,False,4,8,False,False,True,0,0,trace_bound_first_divergence_controllability
qwen,Qwen/Qwen2.5-7B-Instruct,870210_plus_870987,r4_qwen_same_contract_locked_scale_first_divergence,shard_35_block_00,35,wrong_key,protected,False,False,10100101,01110011,False,True,8,8,False,False,True,0,0,trace_bound_first_divergence_controllability
qwen,Qwen/Qwen2.5-7B-Instruct,870210_plus_870987,r4_qwen_same_contract_locked_scale_first_divergence,shard_35_block_00,35,wrong_payload,protected,False,False,10100101,01011010,False,True,8,8,False,False,True,0,0,trace_bound_first_divergence_controllability
qwen,Qwen/Qwen2.5-7B-Instruct,870210_plus_870987,r4_qwen_same_contract_locked_scale_first_divergence,shard_36_block_00,36,protected,protected,True,True,10100101,10100101,True,True,8,8,False,False,True,0,0,trace_bound_first_divergence_controllability
qwen,Qwen/Qwen2.5-7B-Instruct,870210_plus_870987,r4_qwen_same_contract_locked_scale_first_divergence,shard_36_block_00,36,raw,raw,False,False,1-1-0100,10100101,False,False,6,8,False,False,True,0,0,trace_bound_first_divergence_controllability
qwen,Qwen/Qwen2.5-7B-Instruct,870210_plus_870987,r4_qwen_same_contract_locked_scale_first_divergence,shard_36_block_00,36,task_only,task_only,False,False,1-100100,10100101,False,False,7,8,False,False,True,0,0,trace_bound_first_divergence_controllability
qwen,Qwen/Qwen2.5-7B-Instruct,870210_plus_870987,r4_qwen_same_contract_locked_scale_first_divergence,shard_36_block_00,36,wrong_key,protected,False,False,10100101,01110011,False,True,8,8,False,False,True,0,0,trace_bound_first_divergence_controllability
qwen,Qwen/Qwen2.5-7B-Instruct,870210_plus_870987,r4_qwen_same_contract_locked_scale_first_divergence,shard_36_block_00,36,wrong_payload,protected,False,False,10100101,01011010,False,True,8,8,False,False,True,0,0,trace_bound_first_divergence_controllability
qwen,Qwen/Qwen2.5-7B-Instruct,870210_plus_870987,r4_qwen_same_contract_locked_scale_first_divergence,shard_37_block_00,37,protected,protected,True,True,10100101,10100101,True,True,8,8,False,False,True,0,0,trace_bound_first_divergence_controllability
qwen,Qwen/Qwen2.5-7B-Instruct,870210_plus_870987,r4_qwen_same_contract_locked_scale_first_divergence,shard_37_block_00,37,raw,raw,False,False,--0----1,10100101,False,False,2,8,False,False,True,0,0,trace_bound_first_divergence_controllability
qwen,Qwen/Qwen2.5-7B-Instruct,870210_plus_870987,r4_qwen_same_contract_locked_scale_first_divergence,shard_37_block_00,37,task_only,task_only,False,False,--1-0--1,10100101,False,False,3,8,False,False,True,0,0,trace_bound_first_divergence_controllability
qwen,Qwen/Qwen2.5-7B-Instruct,870210_plus_870987,r4_qwen_same_contract_locked_scale_first_divergence,shard_37_block_00,37,wrong_key,protected,False,False,10100101,01110011,False,True,8,8,False,False,True,0,0,trace_bound_first_divergence_controllability
qwen,Qwen/Qwen2.5-7B-Instruct,870210_plus_870987,r4_qwen_same_contract_locked_scale_first_divergence,shard_37_block_00,37,wrong_payload,protected,False,False,10100101,01011010,False,True,8,8,False,False,True,0,0,trace_bound_first_divergence_controllability
qwen,Qwen/Qwen2.5-7B-Instruct,870210_plus_870987,r4_qwen_same_contract_locked_scale_first_divergence,shard_38_block_00,38,protected,protected,True,True,10100101,10100101,True,True,8,8,False,False,True,0,0,trace_bound_first_divergence_controllability
qwen,Qwen/Qwen2.5-7B-Instruct,870210_plus_870987,r4_qwen_same_contract_locked_scale_first_divergence,shard_38_block_00,38,raw,raw,False,False,----0---,10100101,False,False,1,8,False,False,True,0,0,trace_bound_first_divergence_controllability
qwen,Qwen/Qwen2.5-7B-Instruct,870210_plus_870987,r4_qwen_same_contract_locked_scale_first_divergence,shard_38_block_00,38,task_only,task_only,False,False,1-1-0--0,10100101,False,False,4,8,False,False,True,0,0,trace_bound_first_divergence_controllability
qwen,Qwen/Qwen2.5-7B-Instruct,870210_plus_870987,r4_qwen_same_contract_locked_scale_first_divergence,shard_38_block_00,38,wrong_key,protected,False,False,10100101,01110011,False,True,8,8,False,False,True,0,0,trace_bound_first_divergence_controllability
qwen,Qwen/Qwen2.5-7B-Instruct,870210_plus_870987,r4_qwen_same_contract_locked_scale_first_divergence,shard_38_block_00,38,wrong_payload,protected,False,False,10100101,01011010,False,True,8,8,False,False,True,0,0,trace_bound_first_divergence_controllability
qwen,Qwen/Qwen2.5-7B-Instruct,870210_plus_870987,r4_qwen_same_contract_locked_scale_first_divergence,shard_39_block_00,39,protected,protected,True,True,10100101,10100101,True,True,8,8,False,False,True,0,0,trace_bound_first_divergence_controllability
qwen,Qwen/Qwen2.5-7B-Instruct,870210_plus_870987,r4_qwen_same_contract_locked_scale_first_divergence,shard_39_block_00,39,raw,raw,False,False,101-01-1,10100101,False,False,6,8,False,False,True,0,0,trace_bound_first_divergence_controllability
qwen,Qwen/Qwen2.5-7B-Instruct,870210_plus_870987,r4_qwen_same_contract_locked_scale_first_divergence,shard_39_block_00,39,task_only,task_only,False,False,1-100101,10100101,False,False,7,8,False,False,True,0,0,trace_bound_first_divergence_controllability
qwen,Qwen/Qwen2.5-7B-Instruct,870210_plus_870987,r4_qwen_same_contract_locked_scale_first_divergence,shard_39_block_00,39,wrong_key,protected,False,False,10100101,01110011,False,True,8,8,False,False,True,0,0,trace_bound_first_divergence_controllability
qwen,Qwen/Qwen2.5-7B-Instruct,870210_plus_870987,r4_qwen_same_contract_locked_scale_first_divergence,shard_39_block_00,39,wrong_payload,protected,False,False,10100101,01011010,False,True,8,8,False,False,True,0,0,trace_bound_first_divergence_controllability
qwen,Qwen/Qwen2.5-7B-Instruct,870210_plus_870987,r4_qwen_same_contract_locked_scale_first_divergence,shard_40_block_00,40,protected,protected,True,True,10100101,10100101,True,True,8,8,False,False,True,0,0,trace_bound_first_divergence_controllability
qwen,Qwen/Qwen2.5-7B-Instruct,870210_plus_870987,r4_qwen_same_contract_locked_scale_first_divergence,shard_40_block_00,40,raw,raw,False,False,--0-0-11,10100101,False,False,4,8,False,False,True,0,0,trace_bound_first_divergence_controllability
qwen,Qwen/Qwen2.5-7B-Instruct,870210_plus_870987,r4_qwen_same_contract_locked_scale_first_divergence,shard_40_block_00,40,task_only,task_only,False,False,0010110-,10100101,False,False,7,8,False,False,True,0,0,trace_bound_first_divergence_controllability
qwen,Qwen/Qwen2.5-7B-Instruct,870210_plus_870987,r4_qwen_same_contract_locked_scale_first_divergence,shard_40_block_00,40,wrong_key,protected,False,False,10100101,01110011,False,True,8,8,False,False,True,0,0,trace_bound_first_divergence_controllability
qwen,Qwen/Qwen2.5-7B-Instruct,870210_plus_870987,r4_qwen_same_contract_locked_scale_first_divergence,shard_40_block_00,40,wrong_payload,protected,False,False,10100101,01011010,False,True,8,8,False,False,True,0,0,trace_bound_first_divergence_controllability
qwen,Qwen/Qwen2.5-7B-Instruct,870210_plus_870987,r4_qwen_same_contract_locked_scale_first_divergence,shard_41_block_00,41,protected,protected,True,True,10100101,10100101,True,True,8,8,False,False,True,0,0,trace_bound_first_divergence_controllability
qwen,Qwen/Qwen2.5-7B-Instruct,870210_plus_870987,r4_qwen_same_contract_locked_scale_first_divergence,shard_41_block_00,41,raw,raw,False,False,--11--01,10100101,False,False,4,8,False,False,True,0,0,trace_bound_first_divergence_controllability
qwen,Qwen/Qwen2.5-7B-Instruct,870210_plus_870987,r4_qwen_same_contract_locked_scale_first_divergence,shard_41_block_00,41,task_only,task_only,False,False,1-100101,10100101,False,False,7,8,False,False,True,0,0,trace_bound_first_divergence_controllability
qwen,Qwen/Qwen2.5-7B-Instruct,870210_plus_870987,r4_qwen_same_contract_locked_scale_first_divergence,shard_41_block_00,41,wrong_key,protected,False,False,10100101,01110011,False,True,8,8,False,False,True,0,0,trace_bound_first_divergence_controllability
qwen,Qwen/Qwen2.5-7B-Instruct,870210_plus_870987,r4_qwen_same_contract_locked_scale_first_divergence,shard_41_block_00,41,wrong_payload,protected,False,False,10100101,01011010,False,True,8,8,False,False,True,0,0,trace_bound_first_divergence_controllability
qwen,Qwen/Qwen2.5-7B-Instruct,870210_plus_870987,r4_qwen_same_contract_locked_scale_first_divergence,shard_42_block_00,42,protected,protected,True,True,10100101,10100101,True,True,8,8,False,False,True,0,0,trace_bound_first_divergence_controllability
qwen,Qwen/Qwen2.5-7B-Instruct,870210_plus_870987,r4_qwen_same_contract_locked_scale_first_divergence,shard_42_block_00,42,raw,raw,False,False,00-00101,10100101,False,False,7,8,False,False,True,0,0,trace_bound_first_divergence_controllability
qwen,Qwen/Qwen2.5-7B-Instruct,870210_plus_870987,r4_qwen_same_contract_locked_scale_first_divergence,shard_42_block_00,42,task_only,task_only,False,False,-00001-1,10100101,False,False,6,8,False,False,True,0,0,trace_bound_first_divergence_controllability
qwen,Qwen/Qwen2.5-7B-Instruct,870210_plus_870987,r4_qwen_same_contract_locked_scale_first_divergence,shard_42_block_00,42,wrong_key,protected,False,False,10100101,01110011,False,True,8,8,False,False,True,0,0,trace_bound_first_divergence_controllability
qwen,Qwen/Qwen2.5-7B-Instruct,870210_plus_870987,r4_qwen_same_contract_locked_scale_first_divergence,shard_42_block_00,42,wrong_payload,protected,False,False,10100101,01011010,False,True,8,8,False,False,True,0,0,trace_bound_first_divergence_controllability
qwen,Qwen/Qwen2.5-7B-Instruct,870210_plus_870987,r4_qwen_same_contract_locked_scale_first_divergence,shard_43_block_00,43,protected,protected,True,True,10100101,10100101,True,True,8,8,False,False,True,0,0,trace_bound_first_divergence_controllability
qwen,Qwen/Qwen2.5-7B-Instruct,870210_plus_870987,r4_qwen_same_contract_locked_scale_first_divergence,shard_43_block_00,43,raw,raw,False,False,1-1-1-01,10100101,False,False,5,8,False,False,True,0,0,trace_bound_first_divergence_controllability
qwen,Qwen/Qwen2.5-7B-Instruct,870210_plus_870987,r4_qwen_same_contract_locked_scale_first_divergence,shard_43_block_00,43,task_only,task_only,False,False,1-1-01-0,10100101,False,False,5,8,False,False,True,0,0,trace_bound_first_divergence_controllability
qwen,Qwen/Qwen2.5-7B-Instruct,870210_plus_870987,r4_qwen_same_contract_locked_scale_first_divergence,shard_43_block_00,43,wrong_key,protected,False,False,10100101,01110011,False,True,8,8,False,False,True,0,0,trace_bound_first_divergence_controllability
qwen,Qwen/Qwen2.5-7B-Instruct,870210_plus_870987,r4_qwen_same_contract_locked_scale_first_divergence,shard_43_block_00,43,wrong_payload,protected,False,False,10100101,01011010,False,True,8,8,False,False,True,0,0,trace_bound_first_divergence_controllability
qwen,Qwen/Qwen2.5-7B-Instruct,870210_plus_870987,r4_qwen_same_contract_locked_scale_first_divergence,shard_44_block_00,44,protected,protected,True,True,10100101,10100101,True,True,8,8,False,False,True,0,0,trace_bound_first_divergence_controllability
qwen,Qwen/Qwen2.5-7B-Instruct,870210_plus_870987,r4_qwen_same_contract_locked_scale_first_divergence,shard_44_block_00,44,raw,raw,False,False,0-000-01,10100101,False,False,6,8,False,False,True,0,0,trace_bound_first_divergence_controllability
qwen,Qwen/Qwen2.5-7B-Instruct,870210_plus_870987,r4_qwen_same_contract_locked_scale_first_divergence,shard_44_block_00,44,task_only,task_only,False,False,011-0-11,10100101,False,False,6,8,False,False,True,0,0,trace_bound_first_divergence_controllability
qwen,Qwen/Qwen2.5-7B-Instruct,870210_plus_870987,r4_qwen_same_contract_locked_scale_first_divergence,shard_44_block_00,44,wrong_key,protected,False,False,10100101,01110011,False,True,8,8,False,False,True,0,0,trace_bound_first_divergence_controllability
qwen,Qwen/Qwen2.5-7B-Instruct,870210_plus_870987,r4_qwen_same_contract_locked_scale_first_divergence,shard_44_block_00,44,wrong_payload,protected,False,False,10100101,01011010,False,True,8,8,False,False,True,0,0,trace_bound_first_divergence_controllability
qwen,Qwen/Qwen2.5-7B-Instruct,870210_plus_870987,r4_qwen_same_contract_locked_scale_first_divergence,shard_45_block_00,45,protected,protected,True,True,10100101,10100101,True,True,8,8,False,False,True,0,0,trace_bound_first_divergence_controllability
qwen,Qwen/Qwen2.5-7B-Instruct,870210_plus_870987,r4_qwen_same_contract_locked_scale_first_divergence,shard_45_block_00,45,raw,raw,False,False,11-0-1-0,10100101,False,False,5,8,False,False,True,0,0,trace_bound_first_divergence_controllability
qwen,Qwen/Qwen2.5-7B-Instruct,870210_plus_870987,r4_qwen_same_contract_locked_scale_first_divergence,shard_45_block_00,45,task_only,task_only,False,False,11000--1,10100101,False,False,6,8,False,False,True,0,0,trace_bound_first_divergence_controllability
qwen,Qwen/Qwen2.5-7B-Instruct,870210_plus_870987,r4_qwen_same_contract_locked_scale_first_divergence,shard_45_block_00,45,wrong_key,protected,False,False,10100101,01110011,False,True,8,8,False,False,True,0,0,trace_bound_first_divergence_controllability
qwen,Qwen/Qwen2.5-7B-Instruct,870210_plus_870987,r4_qwen_same_contract_locked_scale_first_divergence,shard_45_block_00,45,wrong_payload,protected,False,False,10100101,01011010,False,True,8,8,False,False,True,0,0,trace_bound_first_divergence_controllability
qwen,Qwen/Qwen2.5-7B-Instruct,870210_plus_870987,r4_qwen_same_contract_locked_scale_first_divergence,shard_46_block_00,46,protected,protected,True,True,10100101,10100101,True,True,8,8,False,False,True,0,0,trace_bound_first_divergence_controllability
qwen,Qwen/Qwen2.5-7B-Instruct,870210_plus_870987,r4_qwen_same_contract_locked_scale_first_divergence,shard_46_block_00,46,raw,raw,False,False,1-0-1--0,10100101,False,False,4,8,False,False,True,0,0,trace_bound_first_divergence_controllability
qwen,Qwen/Qwen2.5-7B-Instruct,870210_plus_870987,r4_qwen_same_contract_locked_scale_first_divergence,shard_46_block_00,46,task_only,task_only,False,False,110-1-10,10100101,False,False,6,8,False,False,True,0,0,trace_bound_first_divergence_controllability
qwen,Qwen/Qwen2.5-7B-Instruct,870210_plus_870987,r4_qwen_same_contract_locked_scale_first_divergence,shard_46_block_00,46,wrong_key,protected,False,False,10100101,01110011,False,True,8,8,False,False,True,0,0,trace_bound_first_divergence_controllability
qwen,Qwen/Qwen2.5-7B-Instruct,870210_plus_870987,r4_qwen_same_contract_locked_scale_first_divergence,shard_46_block_00,46,wrong_payload,protected,False,False,10100101,01011010,False,True,8,8,False,False,True,0,0,trace_bound_first_divergence_controllability
qwen,Qwen/Qwen2.5-7B-Instruct,870210_plus_870987,r4_qwen_same_contract_locked_scale_first_divergence,shard_47_block_00,47,protected,protected,True,True,10100101,10100101,True,True,8,8,False,False,True,0,0,trace_bound_first_divergence_controllability
qwen,Qwen/Qwen2.5-7B-Instruct,870210_plus_870987,r4_qwen_same_contract_locked_scale_first_divergence,shard_47_block_00,47,raw,raw,False,False,0--0-11-,10100101,False,False,4,8,False,False,True,0,0,trace_bound_first_divergence_controllability
qwen,Qwen/Qwen2.5-7B-Instruct,870210_plus_870987,r4_qwen_same_contract_locked_scale_first_divergence,shard_47_block_00,47,task_only,task_only,False,False,1-000111,10100101,False,False,7,8,False,False,True,0,0,trace_bound_first_divergence_controllability
qwen,Qwen/Qwen2.5-7B-Instruct,870210_plus_870987,r4_qwen_same_contract_locked_scale_first_divergence,shard_47_block_00,47,wrong_key,protected,False,False,10100101,01110011,False,True,8,8,False,False,True,0,0,trace_bound_first_divergence_controllability
qwen,Qwen/Qwen2.5-7B-Instruct,870210_plus_870987,r4_qwen_same_contract_locked_scale_first_divergence,shard_47_block_00,47,wrong_payload,protected,False,False,10100101,01011010,False,True,8,8,False,False,True,0,0,trace_bound_first_divergence_controllability
qwen,Qwen/Qwen2.5-7B-Instruct,870210_plus_870987,r4_qwen_same_contract_locked_scale_first_divergence,shard_48_block_00,48,protected,protected,True,True,10100101,10100101,True,True,8,8,False,False,True,0,0,trace_bound_first_divergence_controllability
qwen,Qwen/Qwen2.5-7B-Instruct,870210_plus_870987,r4_qwen_same_contract_locked_scale_first_divergence,shard_48_block_00,48,raw,raw,False,False,1--01111,10100101,False,False,6,8,False,False,True,0,0,trace_bound_first_divergence_controllability
qwen,Qwen/Qwen2.5-7B-Instruct,870210_plus_870987,r4_qwen_same_contract_locked_scale_first_divergence,shard_48_block_00,48,task_only,task_only,False,False,1--00100,10100101,False,False,6,8,False,False,True,0,0,trace_bound_first_divergence_controllability
qwen,Qwen/Qwen2.5-7B-Instruct,870210_plus_870987,r4_qwen_same_contract_locked_scale_first_divergence,shard_48_block_00,48,wrong_key,protected,False,False,10100101,01110011,False,True,8,8,False,False,True,0,0,trace_bound_first_divergence_controllability
qwen,Qwen/Qwen2.5-7B-Instruct,870210_plus_870987,r4_qwen_same_contract_locked_scale_first_divergence,shard_48_block_00,48,wrong_payload,protected,False,False,10100101,01011010,False,True,8,8,False,False,True,0,0,trace_bound_first_divergence_controllability
qwen,Qwen/Qwen2.5-7B-Instruct,870210_plus_870987,r4_qwen_same_contract_locked_scale_first_divergence,shard_49_block_00,49,protected,protected,True,True,10100101,10100101,True,True,8,8,False,False,True,0,0,trace_bound_first_divergence_controllability
qwen,Qwen/Qwen2.5-7B-Instruct,870210_plus_870987,r4_qwen_same_contract_locked_scale_first_divergence,shard_49_block_00,49,raw,raw,False,False,011-0-0-,10100101,False,False,5,8,False,False,True,0,0,trace_bound_first_divergence_controllability
qwen,Qwen/Qwen2.5-7B-Instruct,870210_plus_870987,r4_qwen_same_contract_locked_scale_first_divergence,shard_49_block_00,49,task_only,task_only,False,False,1---01-0,10100101,False,False,4,8,False,False,True,0,0,trace_bound_first_divergence_controllability
qwen,Qwen/Qwen2.5-7B-Instruct,870210_plus_870987,r4_qwen_same_contract_locked_scale_first_divergence,shard_49_block_00,49,wrong_key,protected,False,False,10100101,01110011,False,True,8,8,False,False,True,0,0,trace_bound_first_divergence_controllability
qwen,Qwen/Qwen2.5-7B-Instruct,870210_plus_870987,r4_qwen_same_contract_locked_scale_first_divergence,shard_49_block_00,49,wrong_payload,protected,False,False,10100101,01011010,False,True,8,8,False,False,True,0,0,trace_bound_first_divergence_controllability
qwen,Qwen/Qwen2.5-7B-Instruct,870210_plus_870987,r4_qwen_same_contract_locked_scale_first_divergence,shard_50_block_00,50,protected,protected,True,True,10100101,10100101,True,True,8,8,False,False,True,0,0,trace_bound_first_divergence_controllability
qwen,Qwen/Qwen2.5-7B-Instruct,870210_plus_870987,r4_qwen_same_contract_locked_scale_first_divergence,shard_50_block_00,50,raw,raw,False,False,1-0-1-00,10100101,False,False,5,8,False,False,True,0,0,trace_bound_first_divergence_controllability
qwen,Qwen/Qwen2.5-7B-Instruct,870210_plus_870987,r4_qwen_same_contract_locked_scale_first_divergence,shard_50_block_00,50,task_only,task_only,False,False,1-1---10,10100101,False,False,4,8,False,False,True,0,0,trace_bound_first_divergence_controllability
qwen,Qwen/Qwen2.5-7B-Instruct,870210_plus_870987,r4_qwen_same_contract_locked_scale_first_divergence,shard_50_block_00,50,wrong_key,protected,False,False,10100101,01110011,False,True,8,8,False,False,True,0,0,trace_bound_first_divergence_controllability
qwen,Qwen/Qwen2.5-7B-Instruct,870210_plus_870987,r4_qwen_same_contract_locked_scale_first_divergence,shard_50_block_00,50,wrong_payload,protected,False,False,10100101,01011010,False,True,8,8,False,False,True,0,0,trace_bound_first_divergence_controllability
qwen,Qwen/Qwen2.5-7B-Instruct,870210_plus_870987,r4_qwen_same_contract_locked_scale_first_divergence,shard_51_block_00,51,protected,protected,True,True,10100101,10100101,True,True,8,8,False,False,True,0,0,trace_bound_first_divergence_controllability
qwen,Qwen/Qwen2.5-7B-Instruct,870210_plus_870987,r4_qwen_same_contract_locked_scale_first_divergence,shard_51_block_00,51,raw,raw,False,False,100-1-0-,10100101,False,False,5,8,False,False,True,0,0,trace_bound_first_divergence_controllability
qwen,Qwen/Qwen2.5-7B-Instruct,870210_plus_870987,r4_qwen_same_contract_locked_scale_first_divergence,shard_51_block_00,51,task_only,task_only,False,False,10-0--0-,10100101,False,False,4,8,False,False,True,0,0,trace_bound_first_divergence_controllability
qwen,Qwen/Qwen2.5-7B-Instruct,870210_plus_870987,r4_qwen_same_contract_locked_scale_first_divergence,shard_51_block_00,51,wrong_key,protected,False,False,10100101,01110011,False,True,8,8,False,False,True,0,0,trace_bound_first_divergence_controllability
qwen,Qwen/Qwen2.5-7B-Instruct,870210_plus_870987,r4_qwen_same_contract_locked_scale_first_divergence,shard_51_block_00,51,wrong_payload,protected,False,False,10100101,01011010,False,True,8,8,False,False,True,0,0,trace_bound_first_divergence_controllability
qwen,Qwen/Qwen2.5-7B-Instruct,870210_plus_870987,r4_qwen_same_contract_locked_scale_first_divergence,shard_52_block_00,52,protected,protected,True,True,10100101,10100101,True,True,8,8,False,False,True,0,0,trace_bound_first_divergence_controllability
qwen,Qwen/Qwen2.5-7B-Instruct,870210_plus_870987,r4_qwen_same_contract_locked_scale_first_divergence,shard_52_block_00,52,raw,raw,False,False,101-01--,10100101,False,False,5,8,False,False,True,0,0,trace_bound_first_divergence_controllability
qwen,Qwen/Qwen2.5-7B-Instruct,870210_plus_870987,r4_qwen_same_contract_locked_scale_first_divergence,shard_52_block_00,52,task_only,task_only,False,False,10------,10100101,False,False,2,8,False,False,True,0,0,trace_bound_first_divergence_controllability
qwen,Qwen/Qwen2.5-7B-Instruct,870210_plus_870987,r4_qwen_same_contract_locked_scale_first_divergence,shard_52_block_00,52,wrong_key,protected,False,False,10100101,01110011,False,True,8,8,False,False,True,0,0,trace_bound_first_divergence_controllability
qwen,Qwen/Qwen2.5-7B-Instruct,870210_plus_870987,r4_qwen_same_contract_locked_scale_first_divergence,shard_52_block_00,52,wrong_payload,protected,False,False,10100101,01011010,False,True,8,8,False,False,True,0,0,trace_bound_first_divergence_controllability
qwen,Qwen/Qwen2.5-7B-Instruct,870210_plus_870987,r4_qwen_same_contract_locked_scale_first_divergence,shard_53_block_00,53,protected,protected,True,True,10100101,10100101,True,True,8,8,False,False,True,0,0,trace_bound_first_divergence_controllability
qwen,Qwen/Qwen2.5-7B-Instruct,870210_plus_870987,r4_qwen_same_contract_locked_scale_first_divergence,shard_53_block_00,53,raw,raw,False,False,110-----,10100101,False,False,3,8,False,False,True,0,0,trace_bound_first_divergence_controllability
qwen,Qwen/Qwen2.5-7B-Instruct,870210_plus_870987,r4_qwen_same_contract_locked_scale_first_divergence,shard_53_block_00,53,task_only,task_only,False,False,1-1-0-1-,10100101,False,False,4,8,False,False,True,0,0,trace_bound_first_divergence_controllability
qwen,Qwen/Qwen2.5-7B-Instruct,870210_plus_870987,r4_qwen_same_contract_locked_scale_first_divergence,shard_53_block_00,53,wrong_key,protected,False,False,10100101,01110011,False,True,8,8,False,False,True,0,0,trace_bound_first_divergence_controllability
qwen,Qwen/Qwen2.5-7B-Instruct,870210_plus_870987,r4_qwen_same_contract_locked_scale_first_divergence,shard_53_block_00,53,wrong_payload,protected,False,False,10100101,01011010,False,True,8,8,False,False,True,0,0,trace_bound_first_divergence_controllability
qwen,Qwen/Qwen2.5-7B-Instruct,870210_plus_870987,r4_qwen_same_contract_locked_scale_first_divergence,shard_54_block_00,54,protected,protected,True,True,10100101,10100101,True,True,8,8,False,False,True,0,0,trace_bound_first_divergence_controllability
qwen,Qwen/Qwen2.5-7B-Instruct,870210_plus_870987,r4_qwen_same_contract_locked_scale_first_divergence,shard_54_block_00,54,raw,raw,False,False,01-0-001,10100101,False,False,6,8,False,False,True,0,0,trace_bound_first_divergence_controllability
qwen,Qwen/Qwen2.5-7B-Instruct,870210_plus_870987,r4_qwen_same_contract_locked_scale_first_divergence,shard_54_block_00,54,task_only,task_only,False,False,01-0-0-1,10100101,False,False,5,8,False,False,True,0,0,trace_bound_first_divergence_controllability
qwen,Qwen/Qwen2.5-7B-Instruct,870210_plus_870987,r4_qwen_same_contract_locked_scale_first_divergence,shard_54_block_00,54,wrong_key,protected,False,False,10100101,01110011,False,True,8,8,False,False,True,0,0,trace_bound_first_divergence_controllability
qwen,Qwen/Qwen2.5-7B-Instruct,870210_plus_870987,r4_qwen_same_contract_locked_scale_first_divergence,shard_54_block_00,54,wrong_payload,protected,False,False,10100101,01011010,False,True,8,8,False,False,True,0,0,trace_bound_first_divergence_controllability
qwen,Qwen/Qwen2.5-7B-Instruct,870210_plus_870987,r4_qwen_same_contract_locked_scale_first_divergence,shard_55_block_00,55,protected,protected,True,True,10100101,10100101,True,True,8,8,False,False,True,0,0,trace_bound_first_divergence_controllability
qwen,Qwen/Qwen2.5-7B-Instruct,870210_plus_870987,r4_qwen_same_contract_locked_scale_first_divergence,shard_55_block_00,55,raw,raw,False,False,01-0-001,10100101,False,False,6,8,False,False,True,0,0,trace_bound_first_divergence_controllability
qwen,Qwen/Qwen2.5-7B-Instruct,870210_plus_870987,r4_qwen_same_contract_locked_scale_first_divergence,shard_55_block_00,55,task_only,task_only,False,False,01-000-1,10100101,False,False,6,8,False,False,True,0,0,trace_bound_first_divergence_controllability
qwen,Qwen/Qwen2.5-7B-Instruct,870210_plus_870987,r4_qwen_same_contract_locked_scale_first_divergence,shard_55_block_00,55,wrong_key,protected,False,False,10100101,01110011,False,True,8,8,False,False,True,0,0,trace_bound_first_divergence_controllability
qwen,Qwen/Qwen2.5-7B-Instruct,870210_plus_870987,r4_qwen_same_contract_locked_scale_first_divergence,shard_55_block_00,55,wrong_payload,protected,False,False,10100101,01011010,False,True,8,8,False,False,True,0,0,trace_bound_first_divergence_controllability
qwen,Qwen/Qwen2.5-7B-Instruct,870210_plus_870987,r4_qwen_same_contract_locked_scale_first_divergence,shard_56_block_00,56,protected,protected,True,True,10100101,10100101,True,True,8,8,False,False,True,0,0,trace_bound_first_divergence_controllability
qwen,Qwen/Qwen2.5-7B-Instruct,870210_plus_870987,r4_qwen_same_contract_locked_scale_first_divergence,shard_56_block_00,56,raw,raw,False,False,01-0-0-1,10100101,False,False,5,8,False,False,True,0,0,trace_bound_first_divergence_controllability
qwen,Qwen/Qwen2.5-7B-Instruct,870210_plus_870987,r4_qwen_same_contract_locked_scale_first_divergence,shard_56_block_00,56,task_only,task_only,False,False,01-0-0-1,10100101,False,False,5,8,False,False,True,0,0,trace_bound_first_divergence_controllability
qwen,Qwen/Qwen2.5-7B-Instruct,870210_plus_870987,r4_qwen_same_contract_locked_scale_first_divergence,shard_56_block_00,56,wrong_key,protected,False,False,10100101,01110011,False,True,8,8,False,False,True,0,0,trace_bound_first_divergence_controllability
qwen,Qwen/Qwen2.5-7B-Instruct,870210_plus_870987,r4_qwen_same_contract_locked_scale_first_divergence,shard_56_block_00,56,wrong_payload,protected,False,False,10100101,01011010,False,True,8,8,False,False,True,0,0,trace_bound_first_divergence_controllability
qwen,Qwen/Qwen2.5-7B-Instruct,870210_plus_870987,r4_qwen_same_contract_locked_scale_first_divergence,shard_57_block_00,57,protected,protected,True,True,10100101,10100101,True,True,8,8,False,False,True,0,0,trace_bound_first_divergence_controllability
qwen,Qwen/Qwen2.5-7B-Instruct,870210_plus_870987,r4_qwen_same_contract_locked_scale_first_divergence,shard_57_block_00,57,raw,raw,False,False,0110-0-1,10100101,False,False,6,8,False,False,True,0,0,trace_bound_first_divergence_controllability
qwen,Qwen/Qwen2.5-7B-Instruct,870210_plus_870987,r4_qwen_same_contract_locked_scale_first_divergence,shard_57_block_00,57,task_only,task_only,False,False,01-0-0-1,10100101,False,False,5,8,False,False,True,0,0,trace_bound_first_divergence_controllability
qwen,Qwen/Qwen2.5-7B-Instruct,870210_plus_870987,r4_qwen_same_contract_locked_scale_first_divergence,shard_57_block_00,57,wrong_key,protected,False,False,10100101,01110011,False,True,8,8,False,False,True,0,0,trace_bound_first_divergence_controllability
qwen,Qwen/Qwen2.5-7B-Instruct,870210_plus_870987,r4_qwen_same_contract_locked_scale_first_divergence,shard_57_block_00,57,wrong_payload,protected,False,False,10100101,01011010,False,True,8,8,False,False,True,0,0,trace_bound_first_divergence_controllability
qwen,Qwen/Qwen2.5-7B-Instruct,870210_plus_870987,r4_qwen_same_contract_locked_scale_first_divergence,shard_58_block_00,58,protected,protected,True,True,10100101,10100101,True,True,8,8,False,False,True,0,0,trace_bound_first_divergence_controllability
qwen,Qwen/Qwen2.5-7B-Instruct,870210_plus_870987,r4_qwen_same_contract_locked_scale_first_divergence,shard_58_block_00,58,raw,raw,False,False,01-0-0-1,10100101,False,False,5,8,False,False,True,0,0,trace_bound_first_divergence_controllability
qwen,Qwen/Qwen2.5-7B-Instruct,870210_plus_870987,r4_qwen_same_contract_locked_scale_first_divergence,shard_58_block_00,58,task_only,task_only,False,False,01-0-0-1,10100101,False,False,5,8,False,False,True,0,0,trace_bound_first_divergence_controllability
qwen,Qwen/Qwen2.5-7B-Instruct,870210_plus_870987,r4_qwen_same_contract_locked_scale_first_divergence,shard_58_block_00,58,wrong_key,protected,False,False,10100101,01110011,False,True,8,8,False,False,True,0,0,trace_bound_first_divergence_controllability
qwen,Qwen/Qwen2.5-7B-Instruct,870210_plus_870987,r4_qwen_same_contract_locked_scale_first_divergence,shard_58_block_00,58,wrong_payload,protected,False,False,10100101,01011010,False,True,8,8,False,False,True,0,0,trace_bound_first_divergence_controllability
qwen,Qwen/Qwen2.5-7B-Instruct,870210_plus_870987,r4_qwen_same_contract_locked_scale_first_divergence,shard_59_block_00,59,protected,protected,True,True,10100101,10100101,True,True,8,8,False,False,True,0,0,trace_bound_first_divergence_controllability
qwen,Qwen/Qwen2.5-7B-Instruct,870210_plus_870987,r4_qwen_same_contract_locked_scale_first_divergence,shard_59_block_00,59,raw,raw,False,False,01-0-0-1,10100101,False,False,5,8,False,False,True,0,0,trace_bound_first_divergence_controllability
qwen,Qwen/Qwen2.5-7B-Instruct,870210_plus_870987,r4_qwen_same_contract_locked_scale_first_divergence,shard_59_block_00,59,task_only,task_only,False,False,01-0-0-1,10100101,False,False,5,8,False,False,True,0,0,trace_bound_first_divergence_controllability
qwen,Qwen/Qwen2.5-7B-Instruct,870210_plus_870987,r4_qwen_same_contract_locked_scale_first_divergence,shard_59_block_00,59,wrong_key,protected,False,False,10100101,01110011,False,True,8,8,False,False,True,0,0,trace_bound_first_divergence_controllability
qwen,Qwen/Qwen2.5-7B-Instruct,870210_plus_870987,r4_qwen_same_contract_locked_scale_first_divergence,shard_59_block_00,59,wrong_payload,protected,False,False,10100101,01011010,False,True,8,8,False,False,True,0,0,trace_bound_first_divergence_controllability
qwen,Qwen/Qwen2.5-7B-Instruct,870210_plus_870987,r4_qwen_same_contract_locked_scale_first_divergence,shard_60_block_00,60,protected,protected,False,False,00100101,10100101,False,False,8,8,False,False,True,0,0,trace_bound_first_divergence_controllability
qwen,Qwen/Qwen2.5-7B-Instruct,870210_plus_870987,r4_qwen_same_contract_locked_scale_first_divergence,shard_60_block_00,60,raw,raw,False,False,010010-1,10100101,False,False,7,8,False,False,True,0,0,trace_bound_first_divergence_controllability
qwen,Qwen/Qwen2.5-7B-Instruct,870210_plus_870987,r4_qwen_same_contract_locked_scale_first_divergence,shard_60_block_00,60,task_only,task_only,False,False,0110-0-1,10100101,False,False,6,8,False,False,True,0,0,trace_bound_first_divergence_controllability
qwen,Qwen/Qwen2.5-7B-Instruct,870210_plus_870987,r4_qwen_same_contract_locked_scale_first_divergence,shard_60_block_00,60,wrong_key,protected,False,False,00100101,01110011,False,False,8,8,False,False,True,0,0,trace_bound_first_divergence_controllability
qwen,Qwen/Qwen2.5-7B-Instruct,870210_plus_870987,r4_qwen_same_contract_locked_scale_first_divergence,shard_60_block_00,60,wrong_payload,protected,False,False,00100101,01011010,False,False,8,8,False,False,True,0,0,trace_bound_first_divergence_controllability
qwen,Qwen/Qwen2.5-7B-Instruct,870210_plus_870987,r4_qwen_same_contract_locked_scale_first_divergence,shard_61_block_00,61,protected,protected,True,True,10100101,10100101,True,True,8,8,False,False,True,0,0,trace_bound_first_divergence_controllability
qwen,Qwen/Qwen2.5-7B-Instruct,870210_plus_870987,r4_qwen_same_contract_locked_scale_first_divergence,shard_61_block_00,61,raw,raw,False,False,01-000-1,10100101,False,False,6,8,False,False,True,0,0,trace_bound_first_divergence_controllability
qwen,Qwen/Qwen2.5-7B-Instruct,870210_plus_870987,r4_qwen_same_contract_locked_scale_first_divergence,shard_61_block_00,61,task_only,task_only,False,False,01-0-0-1,10100101,False,False,5,8,False,False,True,0,0,trace_bound_first_divergence_controllability
qwen,Qwen/Qwen2.5-7B-Instruct,870210_plus_870987,r4_qwen_same_contract_locked_scale_first_divergence,shard_61_block_00,61,wrong_key,protected,False,False,10100101,01110011,False,True,8,8,False,False,True,0,0,trace_bound_first_divergence_controllability
qwen,Qwen/Qwen2.5-7B-Instruct,870210_plus_870987,r4_qwen_same_contract_locked_scale_first_divergence,shard_61_block_00,61,wrong_payload,protected,False,False,10100101,01011010,False,True,8,8,False,False,True,0,0,trace_bound_first_divergence_controllability
qwen,Qwen/Qwen2.5-7B-Instruct,870210_plus_870987,r4_qwen_same_contract_locked_scale_first_divergence,shard_62_block_00,62,protected,protected,False,False,1-100101,10100101,False,False,7,8,False,False,True,0,0,trace_bound_first_divergence_controllability
qwen,Qwen/Qwen2.5-7B-Instruct,870210_plus_870987,r4_qwen_same_contract_locked_scale_first_divergence,shard_62_block_00,62,raw,raw,False,False,01-0-0-1,10100101,False,False,5,8,False,False,True,0,0,trace_bound_first_divergence_controllability
qwen,Qwen/Qwen2.5-7B-Instruct,870210_plus_870987,r4_qwen_same_contract_locked_scale_first_divergence,shard_62_block_00,62,task_only,task_only,False,False,01-0-0-1,10100101,False,False,5,8,False,False,True,0,0,trace_bound_first_divergence_controllability
qwen,Qwen/Qwen2.5-7B-Instruct,870210_plus_870987,r4_qwen_same_contract_locked_scale_first_divergence,shard_62_block_00,62,wrong_key,protected,False,False,1-100101,01110011,False,False,7,8,False,False,True,0,0,trace_bound_first_divergence_controllability
qwen,Qwen/Qwen2.5-7B-Instruct,870210_plus_870987,r4_qwen_same_contract_locked_scale_first_divergence,shard_62_block_00,62,wrong_payload,protected,False,False,1-100101,01011010,False,False,7,8,False,False,True,0,0,trace_bound_first_divergence_controllability
qwen,Qwen/Qwen2.5-7B-Instruct,870210_plus_870987,r4_qwen_same_contract_locked_scale_first_divergence,shard_63_block_00,63,protected,protected,True,True,10100101,10100101,True,True,8,8,False,False,True,0,0,trace_bound_first_divergence_controllability
qwen,Qwen/Qwen2.5-7B-Instruct,870210_plus_870987,r4_qwen_same_contract_locked_scale_first_divergence,shard_63_block_00,63,raw,raw,False,False,01-0---1,10100101,False,False,4,8,False,False,True,0,0,trace_bound_first_divergence_controllability
qwen,Qwen/Qwen2.5-7B-Instruct,870210_plus_870987,r4_qwen_same_contract_locked_scale_first_divergence,shard_63_block_00,63,task_only,task_only,False,False,01-0-0-1,10100101,False,False,5,8,False,False,True,0,0,trace_bound_first_divergence_controllability
qwen,Qwen/Qwen2.5-7B-Instruct,870210_plus_870987,r4_qwen_same_contract_locked_scale_first_divergence,shard_63_block_00,63,wrong_key,protected,False,False,10100101,01110011,False,True,8,8,False,False,True,0,0,trace_bound_first_divergence_controllability
qwen,Qwen/Qwen2.5-7B-Instruct,870210_plus_870987,r4_qwen_same_contract_locked_scale_first_divergence,shard_63_block_00,63,wrong_payload,protected,False,False,10100101,01011010,False,True,8,8,False,False,True,0,0,trace_bound_first_divergence_controllability
qwen,Qwen/Qwen2.5-7B-Instruct,870210_plus_870987,r4_qwen_same_contract_locked_scale_first_divergence,shard_64_block_00,64,protected,protected,True,True,10100101,10100101,True,True,8,8,False,False,True,0,0,trace_bound_first_divergence_controllability
qwen,Qwen/Qwen2.5-7B-Instruct,870210_plus_870987,r4_qwen_same_contract_locked_scale_first_divergence,shard_64_block_00,64,raw,raw,False,False,0110-011,10100101,False,False,7,8,False,False,True,0,0,trace_bound_first_divergence_controllability
qwen,Qwen/Qwen2.5-7B-Instruct,870210_plus_870987,r4_qwen_same_contract_locked_scale_first_divergence,shard_64_block_00,64,task_only,task_only,False,False,01-0-0--,10100101,False,False,4,8,False,False,True,0,0,trace_bound_first_divergence_controllability
qwen,Qwen/Qwen2.5-7B-Instruct,870210_plus_870987,r4_qwen_same_contract_locked_scale_first_divergence,shard_64_block_00,64,wrong_key,protected,False,False,10100101,01110011,False,True,8,8,False,False,True,0,0,trace_bound_first_divergence_controllability
qwen,Qwen/Qwen2.5-7B-Instruct,870210_plus_870987,r4_qwen_same_contract_locked_scale_first_divergence,shard_64_block_00,64,wrong_payload,protected,False,False,10100101,01011010,False,True,8,8,False,False,True,0,0,trace_bound_first_divergence_controllability
qwen,Qwen/Qwen2.5-7B-Instruct,870210_plus_870987,r4_qwen_same_contract_locked_scale_first_divergence,shard_65_block_00,65,protected,protected,True,True,10100101,10100101,True,True,8,8,False,False,True,0,0,trace_bound_first_divergence_controllability
qwen,Qwen/Qwen2.5-7B-Instruct,870210_plus_870987,r4_qwen_same_contract_locked_scale_first_divergence,shard_65_block_00,65,raw,raw,False,False,0110-0-1,10100101,False,False,6,8,False,False,True,0,0,trace_bound_first_divergence_controllability
qwen,Qwen/Qwen2.5-7B-Instruct,870210_plus_870987,r4_qwen_same_contract_locked_scale_first_divergence,shard_65_block_00,65,task_only,task_only,False,False,01-0-011,10100101,False,False,6,8,False,False,True,0,0,trace_bound_first_divergence_controllability
qwen,Qwen/Qwen2.5-7B-Instruct,870210_plus_870987,r4_qwen_same_contract_locked_scale_first_divergence,shard_65_block_00,65,wrong_key,protected,False,False,10100101,01110011,False,True,8,8,False,False,True,0,0,trace_bound_first_divergence_controllability
qwen,Qwen/Qwen2.5-7B-Instruct,870210_plus_870987,r4_qwen_same_contract_locked_scale_first_divergence,shard_65_block_00,65,wrong_payload,protected,False,False,10100101,01011010,False,True,8,8,False,False,True,0,0,trace_bound_first_divergence_controllability
qwen,Qwen/Qwen2.5-7B-Instruct,870210_plus_870987,r4_qwen_same_contract_locked_scale_first_divergence,shard_66_block_00,66,protected,protected,True,True,10100101,10100101,True,True,8,8,False,False,True,0,0,trace_bound_first_divergence_controllability
qwen,Qwen/Qwen2.5-7B-Instruct,870210_plus_870987,r4_qwen_same_contract_locked_scale_first_divergence,shard_66_block_00,66,raw,raw,False,False,01-0-0-1,10100101,False,False,5,8,False,False,True,0,0,trace_bound_first_divergence_controllability
qwen,Qwen/Qwen2.5-7B-Instruct,870210_plus_870987,r4_qwen_same_contract_locked_scale_first_divergence,shard_66_block_00,66,task_only,task_only,False,False,01-0-0-1,10100101,False,False,5,8,False,False,True,0,0,trace_bound_first_divergence_controllability
qwen,Qwen/Qwen2.5-7B-Instruct,870210_plus_870987,r4_qwen_same_contract_locked_scale_first_divergence,shard_66_block_00,66,wrong_key,protected,False,False,10100101,01110011,False,True,8,8,False,False,True,0,0,trace_bound_first_divergence_controllability
qwen,Qwen/Qwen2.5-7B-Instruct,870210_plus_870987,r4_qwen_same_contract_locked_scale_first_divergence,shard_66_block_00,66,wrong_payload,protected,False,False,10100101,01011010,False,True,8,8,False,False,True,0,0,trace_bound_first_divergence_controllability
qwen,Qwen/Qwen2.5-7B-Instruct,870210_plus_870987,r4_qwen_same_contract_locked_scale_first_divergence,shard_67_block_00,67,protected,protected,True,True,10100101,10100101,True,True,8,8,False,False,True,0,0,trace_bound_first_divergence_controllability
qwen,Qwen/Qwen2.5-7B-Instruct,870210_plus_870987,r4_qwen_same_contract_locked_scale_first_divergence,shard_67_block_00,67,raw,raw,False,False,01-000-1,10100101,False,False,6,8,False,False,True,0,0,trace_bound_first_divergence_controllability
qwen,Qwen/Qwen2.5-7B-Instruct,870210_plus_870987,r4_qwen_same_contract_locked_scale_first_divergence,shard_67_block_00,67,task_only,task_only,False,False,01-0-0-1,10100101,False,False,5,8,False,False,True,0,0,trace_bound_first_divergence_controllability
qwen,Qwen/Qwen2.5-7B-Instruct,870210_plus_870987,r4_qwen_same_contract_locked_scale_first_divergence,shard_67_block_00,67,wrong_key,protected,False,False,10100101,01110011,False,True,8,8,False,False,True,0,0,trace_bound_first_divergence_controllability
qwen,Qwen/Qwen2.5-7B-Instruct,870210_plus_870987,r4_qwen_same_contract_locked_scale_first_divergence,shard_67_block_00,67,wrong_payload,protected,False,False,10100101,01011010,False,True,8,8,False,False,True,0,0,trace_bound_first_divergence_controllability
qwen,Qwen/Qwen2.5-7B-Instruct,870210_plus_870987,r4_qwen_same_contract_locked_scale_first_divergence,shard_68_block_00,68,protected,protected,True,True,10100101,10100101,True,True,8,8,False,False,True,0,0,trace_bound_first_divergence_controllability
qwen,Qwen/Qwen2.5-7B-Instruct,870210_plus_870987,r4_qwen_same_contract_locked_scale_first_divergence,shard_68_block_00,68,raw,raw,False,False,01-0-011,10100101,False,False,6,8,False,False,True,0,0,trace_bound_first_divergence_controllability
qwen,Qwen/Qwen2.5-7B-Instruct,870210_plus_870987,r4_qwen_same_contract_locked_scale_first_divergence,shard_68_block_00,68,task_only,task_only,False,False,01-0-001,10100101,False,False,6,8,False,False,True,0,0,trace_bound_first_divergence_controllability
qwen,Qwen/Qwen2.5-7B-Instruct,870210_plus_870987,r4_qwen_same_contract_locked_scale_first_divergence,shard_68_block_00,68,wrong_key,protected,False,False,10100101,01110011,False,True,8,8,False,False,True,0,0,trace_bound_first_divergence_controllability
qwen,Qwen/Qwen2.5-7B-Instruct,870210_plus_870987,r4_qwen_same_contract_locked_scale_first_divergence,shard_68_block_00,68,wrong_payload,protected,False,False,10100101,01011010,False,True,8,8,False,False,True,0,0,trace_bound_first_divergence_controllability
qwen,Qwen/Qwen2.5-7B-Instruct,870210_plus_870987,r4_qwen_same_contract_locked_scale_first_divergence,shard_69_block_00,69,protected,protected,True,True,10100101,10100101,True,True,8,8,False,False,True,0,0,trace_bound_first_divergence_controllability
qwen,Qwen/Qwen2.5-7B-Instruct,870210_plus_870987,r4_qwen_same_contract_locked_scale_first_divergence,shard_69_block_00,69,raw,raw,False,False,01-00011,10100101,False,False,7,8,False,False,True,0,0,trace_bound_first_divergence_controllability
qwen,Qwen/Qwen2.5-7B-Instruct,870210_plus_870987,r4_qwen_same_contract_locked_scale_first_divergence,shard_69_block_00,69,task_only,task_only,False,False,01-0-011,10100101,False,False,6,8,False,False,True,0,0,trace_bound_first_divergence_controllability
qwen,Qwen/Qwen2.5-7B-Instruct,870210_plus_870987,r4_qwen_same_contract_locked_scale_first_divergence,shard_69_block_00,69,wrong_key,protected,False,False,10100101,01110011,False,True,8,8,False,False,True,0,0,trace_bound_first_divergence_controllability
qwen,Qwen/Qwen2.5-7B-Instruct,870210_plus_870987,r4_qwen_same_contract_locked_scale_first_divergence,shard_69_block_00,69,wrong_payload,protected,False,False,10100101,01011010,False,True,8,8,False,False,True,0,0,trace_bound_first_divergence_controllability
qwen,Qwen/Qwen2.5-7B-Instruct,870210_plus_870987,r4_qwen_same_contract_locked_scale_first_divergence,shard_70_block_00,70,protected,protected,True,True,10100101,10100101,True,True,8,8,False,False,True,0,0,trace_bound_first_divergence_controllability
qwen,Qwen/Qwen2.5-7B-Instruct,870210_plus_870987,r4_qwen_same_contract_locked_scale_first_divergence,shard_70_block_00,70,raw,raw,False,False,01-00011,10100101,False,False,7,8,False,False,True,0,0,trace_bound_first_divergence_controllability
qwen,Qwen/Qwen2.5-7B-Instruct,870210_plus_870987,r4_qwen_same_contract_locked_scale_first_divergence,shard_70_block_00,70,task_only,task_only,False,False,01-0-001,10100101,False,False,6,8,False,False,True,0,0,trace_bound_first_divergence_controllability
qwen,Qwen/Qwen2.5-7B-Instruct,870210_plus_870987,r4_qwen_same_contract_locked_scale_first_divergence,shard_70_block_00,70,wrong_key,protected,False,False,10100101,01110011,False,True,8,8,False,False,True,0,0,trace_bound_first_divergence_controllability
qwen,Qwen/Qwen2.5-7B-Instruct,870210_plus_870987,r4_qwen_same_contract_locked_scale_first_divergence,shard_70_block_00,70,wrong_payload,protected,False,False,10100101,01011010,False,True,8,8,False,False,True,0,0,trace_bound_first_divergence_controllability
qwen,Qwen/Qwen2.5-7B-Instruct,870210_plus_870987,r4_qwen_same_contract_locked_scale_first_divergence,shard_71_block_00,71,protected,protected,True,True,10100101,10100101,True,True,8,8,False,False,True,0,0,trace_bound_first_divergence_controllability
qwen,Qwen/Qwen2.5-7B-Instruct,870210_plus_870987,r4_qwen_same_contract_locked_scale_first_divergence,shard_71_block_00,71,raw,raw,False,False,01000001,10100101,False,False,8,8,False,False,True,0,0,trace_bound_first_divergence_controllability
qwen,Qwen/Qwen2.5-7B-Instruct,870210_plus_870987,r4_qwen_same_contract_locked_scale_first_divergence,shard_71_block_00,71,task_only,task_only,False,False,01000001,10100101,False,False,8,8,False,False,True,0,0,trace_bound_first_divergence_controllability
qwen,Qwen/Qwen2.5-7B-Instruct,870210_plus_870987,r4_qwen_same_contract_locked_scale_first_divergence,shard_71_block_00,71,wrong_key,protected,False,False,10100101,01110011,False,True,8,8,False,False,True,0,0,trace_bound_first_divergence_controllability
qwen,Qwen/Qwen2.5-7B-Instruct,870210_plus_870987,r4_qwen_same_contract_locked_scale_first_divergence,shard_71_block_00,71,wrong_payload,protected,False,False,10100101,01011010,False,True,8,8,False,False,True,0,0,trace_bound_first_divergence_controllability
qwen,Qwen/Qwen2.5-7B-Instruct,870210_plus_870987,r4_qwen_same_contract_locked_scale_first_divergence,shard_72_block_00,72,protected,protected,True,True,10100101,10100101,True,True,8,8,False,False,True,0,0,trace_bound_first_divergence_controllability
qwen,Qwen/Qwen2.5-7B-Instruct,870210_plus_870987,r4_qwen_same_contract_locked_scale_first_divergence,shard_72_block_00,72,raw,raw,False,False,01001-01,10100101,False,False,7,8,False,False,True,0,0,trace_bound_first_divergence_controllability
qwen,Qwen/Qwen2.5-7B-Instruct,870210_plus_870987,r4_qwen_same_contract_locked_scale_first_divergence,shard_72_block_00,72,task_only,task_only,False,False,01001101,10100101,False,False,8,8,False,False,True,0,0,trace_bound_first_divergence_controllability
qwen,Qwen/Qwen2.5-7B-Instruct,870210_plus_870987,r4_qwen_same_contract_locked_scale_first_divergence,shard_72_block_00,72,wrong_key,protected,False,False,10100101,01110011,False,True,8,8,False,False,True,0,0,trace_bound_first_divergence_controllability
qwen,Qwen/Qwen2.5-7B-Instruct,870210_plus_870987,r4_qwen_same_contract_locked_scale_first_divergence,shard_72_block_00,72,wrong_payload,protected,False,False,10100101,01011010,False,True,8,8,False,False,True,0,0,trace_bound_first_divergence_controllability
qwen,Qwen/Qwen2.5-7B-Instruct,870210_plus_870987,r4_qwen_same_contract_locked_scale_first_divergence,shard_73_block_00,73,protected,protected,True,True,10100101,10100101,True,True,8,8,False,False,True,0,0,trace_bound_first_divergence_controllability
qwen,Qwen/Qwen2.5-7B-Instruct,870210_plus_870987,r4_qwen_same_contract_locked_scale_first_divergence,shard_73_block_00,73,raw,raw,False,False,01100001,10100101,False,False,8,8,False,False,True,0,0,trace_bound_first_divergence_controllability
qwen,Qwen/Qwen2.5-7B-Instruct,870210_plus_870987,r4_qwen_same_contract_locked_scale_first_divergence,shard_73_block_00,73,task_only,task_only,False,False,01100001,10100101,False,False,8,8,False,False,True,0,0,trace_bound_first_divergence_controllability
qwen,Qwen/Qwen2.5-7B-Instruct,870210_plus_870987,r4_qwen_same_contract_locked_scale_first_divergence,shard_73_block_00,73,wrong_key,protected,False,False,10100101,01110011,False,True,8,8,False,False,True,0,0,trace_bound_first_divergence_controllability
qwen,Qwen/Qwen2.5-7B-Instruct,870210_plus_870987,r4_qwen_same_contract_locked_scale_first_divergence,shard_73_block_00,73,wrong_payload,protected,False,False,10100101,01011010,False,True,8,8,False,False,True,0,0,trace_bound_first_divergence_controllability
qwen,Qwen/Qwen2.5-7B-Instruct,870210_plus_870987,r4_qwen_same_contract_locked_scale_first_divergence,shard_74_block_00,74,protected,protected,True,True,10100101,10100101,True,True,8,8,False,False,True,0,0,trace_bound_first_divergence_controllability
qwen,Qwen/Qwen2.5-7B-Instruct,870210_plus_870987,r4_qwen_same_contract_locked_scale_first_divergence,shard_74_block_00,74,raw,raw,False,False,01101001,10100101,False,True,8,8,False,False,True,0,0,trace_bound_first_divergence_controllability
qwen,Qwen/Qwen2.5-7B-Instruct,870210_plus_870987,r4_qwen_same_contract_locked_scale_first_divergence,shard_74_block_00,74,task_only,task_only,False,False,010010-1,10100101,False,False,7,8,False,False,True,0,0,trace_bound_first_divergence_controllability
qwen,Qwen/Qwen2.5-7B-Instruct,870210_plus_870987,r4_qwen_same_contract_locked_scale_first_divergence,shard_74_block_00,74,wrong_key,protected,False,False,10100101,01110011,False,True,8,8,False,False,True,0,0,trace_bound_first_divergence_controllability
qwen,Qwen/Qwen2.5-7B-Instruct,870210_plus_870987,r4_qwen_same_contract_locked_scale_first_divergence,shard_74_block_00,74,wrong_payload,protected,False,False,10100101,01011010,False,True,8,8,False,False,True,0,0,trace_bound_first_divergence_controllability
qwen,Qwen/Qwen2.5-7B-Instruct,870210_plus_870987,r4_qwen_same_contract_locked_scale_first_divergence,shard_75_block_00,75,protected,protected,True,True,10100101,10100101,True,True,8,8,False,False,True,0,0,trace_bound_first_divergence_controllability
qwen,Qwen/Qwen2.5-7B-Instruct,870210_plus_870987,r4_qwen_same_contract_locked_scale_first_divergence,shard_75_block_00,75,raw,raw,False,False,010000-1,10100101,False,False,7,8,False,False,True,0,0,trace_bound_first_divergence_controllability
qwen,Qwen/Qwen2.5-7B-Instruct,870210_plus_870987,r4_qwen_same_contract_locked_scale_first_divergence,shard_75_block_00,75,task_only,task_only,False,False,01-00011,10100101,False,False,7,8,False,False,True,0,0,trace_bound_first_divergence_controllability
qwen,Qwen/Qwen2.5-7B-Instruct,870210_plus_870987,r4_qwen_same_contract_locked_scale_first_divergence,shard_75_block_00,75,wrong_key,protected,False,False,10100101,01110011,False,True,8,8,False,False,True,0,0,trace_bound_first_divergence_controllability
qwen,Qwen/Qwen2.5-7B-Instruct,870210_plus_870987,r4_qwen_same_contract_locked_scale_first_divergence,shard_75_block_00,75,wrong_payload,protected,False,False,10100101,01011010,False,True,8,8,False,False,True,0,0,trace_bound_first_divergence_controllability
qwen,Qwen/Qwen2.5-7B-Instruct,870210_plus_870987,r4_qwen_same_contract_locked_scale_first_divergence,shard_76_block_00,76,protected,protected,True,True,10100101,10100101,True,True,8,8,False,False,True,0,0,trace_bound_first_divergence_controllability
qwen,Qwen/Qwen2.5-7B-Instruct,870210_plus_870987,r4_qwen_same_contract_locked_scale_first_divergence,shard_76_block_00,76,raw,raw,False,False,01-0---1,10100101,False,False,4,8,False,False,True,0,0,trace_bound_first_divergence_controllability
qwen,Qwen/Qwen2.5-7B-Instruct,870210_plus_870987,r4_qwen_same_contract_locked_scale_first_divergence,shard_76_block_00,76,task_only,task_only,False,False,01-0---1,10100101,False,False,4,8,False,False,True,0,0,trace_bound_first_divergence_controllability
qwen,Qwen/Qwen2.5-7B-Instruct,870210_plus_870987,r4_qwen_same_contract_locked_scale_first_divergence,shard_76_block_00,76,wrong_key,protected,False,False,10100101,01110011,False,True,8,8,False,False,True,0,0,trace_bound_first_divergence_controllability
qwen,Qwen/Qwen2.5-7B-Instruct,870210_plus_870987,r4_qwen_same_contract_locked_scale_first_divergence,shard_76_block_00,76,wrong_payload,protected,False,False,10100101,01011010,False,True,8,8,False,False,True,0,0,trace_bound_first_divergence_controllability
qwen,Qwen/Qwen2.5-7B-Instruct,870210_plus_870987,r4_qwen_same_contract_locked_scale_first_divergence,shard_77_block_00,77,protected,protected,True,True,10100101,10100101,True,True,8,8,False,False,True,0,0,trace_bound_first_divergence_controllability
qwen,Qwen/Qwen2.5-7B-Instruct,870210_plus_870987,r4_qwen_same_contract_locked_scale_first_divergence,shard_77_block_00,77,raw,raw,False,False,01---0--,10100101,False,False,3,8,False,False,True,0,0,trace_bound_first_divergence_controllability
qwen,Qwen/Qwen2.5-7B-Instruct,870210_plus_870987,r4_qwen_same_contract_locked_scale_first_divergence,shard_77_block_00,77,task_only,task_only,False,False,011--011,10100101,False,False,6,8,False,False,True,0,0,trace_bound_first_divergence_controllability
qwen,Qwen/Qwen2.5-7B-Instruct,870210_plus_870987,r4_qwen_same_contract_locked_scale_first_divergence,shard_77_block_00,77,wrong_key,protected,False,False,10100101,01110011,False,True,8,8,False,False,True,0,0,trace_bound_first_divergence_controllability
qwen,Qwen/Qwen2.5-7B-Instruct,870210_plus_870987,r4_qwen_same_contract_locked_scale_first_divergence,shard_77_block_00,77,wrong_payload,protected,False,False,10100101,01011010,False,True,8,8,False,False,True,0,0,trace_bound_first_divergence_controllability
qwen,Qwen/Qwen2.5-7B-Instruct,870210_plus_870987,r4_qwen_same_contract_locked_scale_first_divergence,shard_78_block_00,78,protected,protected,True,True,10100101,10100101,True,True,8,8,False,False,True,0,0,trace_bound_first_divergence_controllability
qwen,Qwen/Qwen2.5-7B-Instruct,870210_plus_870987,r4_qwen_same_contract_locked_scale_first_divergence,shard_78_block_00,78,raw,raw,False,False,0------1,10100101,False,False,2,8,False,False,True,0,0,trace_bound_first_divergence_controllability
qwen,Qwen/Qwen2.5-7B-Instruct,870210_plus_870987,r4_qwen_same_contract_locked_scale_first_divergence,shard_78_block_00,78,task_only,task_only,False,False,01------,10100101,False,False,2,8,False,False,True,0,0,trace_bound_first_divergence_controllability
qwen,Qwen/Qwen2.5-7B-Instruct,870210_plus_870987,r4_qwen_same_contract_locked_scale_first_divergence,shard_78_block_00,78,wrong_key,protected,False,False,10100101,01110011,False,True,8,8,False,False,True,0,0,trace_bound_first_divergence_controllability
qwen,Qwen/Qwen2.5-7B-Instruct,870210_plus_870987,r4_qwen_same_contract_locked_scale_first_divergence,shard_78_block_00,78,wrong_payload,protected,False,False,10100101,01011010,False,True,8,8,False,False,True,0,0,trace_bound_first_divergence_controllability
qwen,Qwen/Qwen2.5-7B-Instruct,870210_plus_870987,r4_qwen_same_contract_locked_scale_first_divergence,shard_79_block_00,79,protected,protected,True,True,10100101,10100101,True,True,8,8,False,False,True,0,0,trace_bound_first_divergence_controllability
qwen,Qwen/Qwen2.5-7B-Instruct,870210_plus_870987,r4_qwen_same_contract_locked_scale_first_divergence,shard_79_block_00,79,raw,raw,False,False,-1---1-1,10100101,False,False,3,8,False,False,True,0,0,trace_bound_first_divergence_controllability
qwen,Qwen/Qwen2.5-7B-Instruct,870210_plus_870987,r4_qwen_same_contract_locked_scale_first_divergence,shard_79_block_00,79,task_only,task_only,False,False,-1-0-0-1,10100101,False,False,4,8,False,False,True,0,0,trace_bound_first_divergence_controllability
qwen,Qwen/Qwen2.5-7B-Instruct,870210_plus_870987,r4_qwen_same_contract_locked_scale_first_divergence,shard_79_block_00,79,wrong_key,protected,False,False,10100101,01110011,False,True,8,8,False,False,True,0,0,trace_bound_first_divergence_controllability
qwen,Qwen/Qwen2.5-7B-Instruct,870210_plus_870987,r4_qwen_same_contract_locked_scale_first_divergence,shard_79_block_00,79,wrong_payload,protected,False,False,10100101,01011010,False,True,8,8,False,False,True,0,0,trace_bound_first_divergence_controllability
qwen,Qwen/Qwen2.5-7B-Instruct,870210_plus_870987,r4_qwen_same_contract_locked_scale_first_divergence,shard_80_block_00,80,protected,protected,True,True,10100101,10100101,True,True,8,8,False,False,True,0,0,trace_bound_first_divergence_controllability
qwen,Qwen/Qwen2.5-7B-Instruct,870210_plus_870987,r4_qwen_same_contract_locked_scale_first_divergence,shard_80_block_00,80,raw,raw,False,False,-1-0---1,10100101,False,False,3,8,False,False,True,0,0,trace_bound_first_divergence_controllability
qwen,Qwen/Qwen2.5-7B-Instruct,870210_plus_870987,r4_qwen_same_contract_locked_scale_first_divergence,shard_80_block_00,80,task_only,task_only,False,False,01-0-01-,10100101,False,False,5,8,False,False,True,0,0,trace_bound_first_divergence_controllability
qwen,Qwen/Qwen2.5-7B-Instruct,870210_plus_870987,r4_qwen_same_contract_locked_scale_first_divergence,shard_80_block_00,80,wrong_key,protected,False,False,10100101,01110011,False,True,8,8,False,False,True,0,0,trace_bound_first_divergence_controllability
qwen,Qwen/Qwen2.5-7B-Instruct,870210_plus_870987,r4_qwen_same_contract_locked_scale_first_divergence,shard_80_block_00,80,wrong_payload,protected,False,False,10100101,01011010,False,True,8,8,False,False,True,0,0,trace_bound_first_divergence_controllability
qwen,Qwen/Qwen2.5-7B-Instruct,870210_plus_870987,r4_qwen_same_contract_locked_scale_first_divergence,shard_81_block_00,81,protected,protected,True,True,10100101,10100101,True,True,8,8,False,False,True,0,0,trace_bound_first_divergence_controllability
qwen,Qwen/Qwen2.5-7B-Instruct,870210_plus_870987,r4_qwen_same_contract_locked_scale_first_divergence,shard_81_block_00,81,raw,raw,False,False,01-0-0-1,10100101,False,False,5,8,False,False,True,0,0,trace_bound_first_divergence_controllability
qwen,Qwen/Qwen2.5-7B-Instruct,870210_plus_870987,r4_qwen_same_contract_locked_scale_first_divergence,shard_81_block_00,81,task_only,task_only,False,False,-1101011,10100101,False,False,7,8,False,False,True,0,0,trace_bound_first_divergence_controllability
qwen,Qwen/Qwen2.5-7B-Instruct,870210_plus_870987,r4_qwen_same_contract_locked_scale_first_divergence,shard_81_block_00,81,wrong_key,protected,False,False,10100101,01110011,False,True,8,8,False,False,True,0,0,trace_bound_first_divergence_controllability
qwen,Qwen/Qwen2.5-7B-Instruct,870210_plus_870987,r4_qwen_same_contract_locked_scale_first_divergence,shard_81_block_00,81,wrong_payload,protected,False,False,10100101,01011010,False,True,8,8,False,False,True,0,0,trace_bound_first_divergence_controllability
qwen,Qwen/Qwen2.5-7B-Instruct,870210_plus_870987,r4_qwen_same_contract_locked_scale_first_divergence,shard_82_block_00,82,protected,protected,True,True,10100101,10100101,True,True,8,8,False,False,True,0,0,trace_bound_first_divergence_controllability
qwen,Qwen/Qwen2.5-7B-Instruct,870210_plus_870987,r4_qwen_same_contract_locked_scale_first_divergence,shard_82_block_00,82,raw,raw,False,False,0-10-001,10100101,False,False,6,8,False,False,True,0,0,trace_bound_first_divergence_controllability
qwen,Qwen/Qwen2.5-7B-Instruct,870210_plus_870987,r4_qwen_same_contract_locked_scale_first_divergence,shard_82_block_00,82,task_only,task_only,False,False,--0-0-01,10100101,False,False,4,8,False,False,True,0,0,trace_bound_first_divergence_controllability
qwen,Qwen/Qwen2.5-7B-Instruct,870210_plus_870987,r4_qwen_same_contract_locked_scale_first_divergence,shard_82_block_00,82,wrong_key,protected,False,False,10100101,01110011,False,True,8,8,False,False,True,0,0,trace_bound_first_divergence_controllability
qwen,Qwen/Qwen2.5-7B-Instruct,870210_plus_870987,r4_qwen_same_contract_locked_scale_first_divergence,shard_82_block_00,82,wrong_payload,protected,False,False,10100101,01011010,False,True,8,8,False,False,True,0,0,trace_bound_first_divergence_controllability
qwen,Qwen/Qwen2.5-7B-Instruct,870210_plus_870987,r4_qwen_same_contract_locked_scale_first_divergence,shard_83_block_00,83,protected,protected,True,True,10100101,10100101,True,True,8,8,False,False,True,0,0,trace_bound_first_divergence_controllability
qwen,Qwen/Qwen2.5-7B-Instruct,870210_plus_870987,r4_qwen_same_contract_locked_scale_first_divergence,shard_83_block_00,83,raw,raw,False,False,0-1-1-01,10100101,False,False,5,8,False,False,True,0,0,trace_bound_first_divergence_controllability
qwen,Qwen/Qwen2.5-7B-Instruct,870210_plus_870987,r4_qwen_same_contract_locked_scale_first_divergence,shard_83_block_00,83,task_only,task_only,False,False,011-1-01,10100101,False,False,6,8,False,False,True,0,0,trace_bound_first_divergence_controllability
qwen,Qwen/Qwen2.5-7B-Instruct,870210_plus_870987,r4_qwen_same_contract_locked_scale_first_divergence,shard_83_block_00,83,wrong_key,protected,False,False,10100101,01110011,False,True,8,8,False,False,True,0,0,trace_bound_first_divergence_controllability
qwen,Qwen/Qwen2.5-7B-Instruct,870210_plus_870987,r4_qwen_same_contract_locked_scale_first_divergence,shard_83_block_00,83,wrong_payload,protected,False,False,10100101,01011010,False,True,8,8,False,False,True,0,0,trace_bound_first_divergence_controllability
qwen,Qwen/Qwen2.5-7B-Instruct,870210_plus_870987,r4_qwen_same_contract_locked_scale_first_divergence,shard_84_block_00,84,protected,protected,True,True,10100101,10100101,True,True,8,8,False,False,True,0,0,trace_bound_first_divergence_controllability
qwen,Qwen/Qwen2.5-7B-Instruct,870210_plus_870987,r4_qwen_same_contract_locked_scale_first_divergence,shard_84_block_00,84,raw,raw,False,False,0--00-11,10100101,False,False,5,8,False,False,True,0,0,trace_bound_first_divergence_controllability
qwen,Qwen/Qwen2.5-7B-Instruct,870210_plus_870987,r4_qwen_same_contract_locked_scale_first_divergence,shard_84_block_00,84,task_only,task_only,False,False,---0---1,10100101,False,False,2,8,False,False,True,0,0,trace_bound_first_divergence_controllability
qwen,Qwen/Qwen2.5-7B-Instruct,870210_plus_870987,r4_qwen_same_contract_locked_scale_first_divergence,shard_84_block_00,84,wrong_key,protected,False,False,10100101,01110011,False,True,8,8,False,False,True,0,0,trace_bound_first_divergence_controllability
qwen,Qwen/Qwen2.5-7B-Instruct,870210_plus_870987,r4_qwen_same_contract_locked_scale_first_divergence,shard_84_block_00,84,wrong_payload,protected,False,False,10100101,01011010,False,True,8,8,False,False,True,0,0,trace_bound_first_divergence_controllability
qwen,Qwen/Qwen2.5-7B-Instruct,870210_plus_870987,r4_qwen_same_contract_locked_scale_first_divergence,shard_85_block_00,85,protected,protected,True,True,10100101,10100101,True,True,8,8,False,False,True,0,0,trace_bound_first_divergence_controllability
qwen,Qwen/Qwen2.5-7B-Instruct,870210_plus_870987,r4_qwen_same_contract_locked_scale_first_divergence,shard_85_block_00,85,raw,raw,False,False,0-----01,10100101,False,False,3,8,False,False,True,0,0,trace_bound_first_divergence_controllability
qwen,Qwen/Qwen2.5-7B-Instruct,870210_plus_870987,r4_qwen_same_contract_locked_scale_first_divergence,shard_85_block_00,85,task_only,task_only,False,False,------01,10100101,False,False,2,8,False,False,True,0,0,trace_bound_first_divergence_controllability
qwen,Qwen/Qwen2.5-7B-Instruct,870210_plus_870987,r4_qwen_same_contract_locked_scale_first_divergence,shard_85_block_00,85,wrong_key,protected,False,False,10100101,01110011,False,True,8,8,False,False,True,0,0,trace_bound_first_divergence_controllability
qwen,Qwen/Qwen2.5-7B-Instruct,870210_plus_870987,r4_qwen_same_contract_locked_scale_first_divergence,shard_85_block_00,85,wrong_payload,protected,False,False,10100101,01011010,False,True,8,8,False,False,True,0,0,trace_bound_first_divergence_controllability
qwen,Qwen/Qwen2.5-7B-Instruct,870210_plus_870987,r4_qwen_same_contract_locked_scale_first_divergence,shard_86_block_00,86,protected,protected,True,True,10100101,10100101,True,True,8,8,False,False,True,0,0,trace_bound_first_divergence_controllability
qwen,Qwen/Qwen2.5-7B-Instruct,870210_plus_870987,r4_qwen_same_contract_locked_scale_first_divergence,shard_86_block_00,86,raw,raw,False,False,01100001,10100101,False,False,8,8,False,False,True,0,0,trace_bound_first_divergence_controllability
qwen,Qwen/Qwen2.5-7B-Instruct,870210_plus_870987,r4_qwen_same_contract_locked_scale_first_divergence,shard_86_block_00,86,task_only,task_only,False,False,01-000-1,10100101,False,False,6,8,False,False,True,0,0,trace_bound_first_divergence_controllability
qwen,Qwen/Qwen2.5-7B-Instruct,870210_plus_870987,r4_qwen_same_contract_locked_scale_first_divergence,shard_86_block_00,86,wrong_key,protected,False,False,10100101,01110011,False,True,8,8,False,False,True,0,0,trace_bound_first_divergence_controllability
qwen,Qwen/Qwen2.5-7B-Instruct,870210_plus_870987,r4_qwen_same_contract_locked_scale_first_divergence,shard_86_block_00,86,wrong_payload,protected,False,False,10100101,01011010,False,True,8,8,False,False,True,0,0,trace_bound_first_divergence_controllability
qwen,Qwen/Qwen2.5-7B-Instruct,870210_plus_870987,r4_qwen_same_contract_locked_scale_first_divergence,shard_87_block_00,87,protected,protected,True,True,10100101,10100101,True,True,8,8,False,False,True,0,0,trace_bound_first_divergence_controllability
qwen,Qwen/Qwen2.5-7B-Instruct,870210_plus_870987,r4_qwen_same_contract_locked_scale_first_divergence,shard_87_block_00,87,raw,raw,False,False,01100001,10100101,False,False,8,8,False,False,True,0,0,trace_bound_first_divergence_controllability
qwen,Qwen/Qwen2.5-7B-Instruct,870210_plus_870987,r4_qwen_same_contract_locked_scale_first_divergence,shard_87_block_00,87,task_only,task_only,False,False,0110-001,10100101,False,False,7,8,False,False,True,0,0,trace_bound_first_divergence_controllability
qwen,Qwen/Qwen2.5-7B-Instruct,870210_plus_870987,r4_qwen_same_contract_locked_scale_first_divergence,shard_87_block_00,87,wrong_key,protected,False,False,10100101,01110011,False,True,8,8,False,False,True,0,0,trace_bound_first_divergence_controllability
qwen,Qwen/Qwen2.5-7B-Instruct,870210_plus_870987,r4_qwen_same_contract_locked_scale_first_divergence,shard_87_block_00,87,wrong_payload,protected,False,False,10100101,01011010,False,True,8,8,False,False,True,0,0,trace_bound_first_divergence_controllability
qwen,Qwen/Qwen2.5-7B-Instruct,870210_plus_870987,r4_qwen_same_contract_locked_scale_first_divergence,shard_88_block_00,88,protected,protected,True,True,10100101,10100101,True,True,8,8,False,False,True,0,0,trace_bound_first_divergence_controllability
qwen,Qwen/Qwen2.5-7B-Instruct,870210_plus_870987,r4_qwen_same_contract_locked_scale_first_divergence,shard_88_block_00,88,raw,raw,False,False,0110-001,10100101,False,False,7,8,False,False,True,0,0,trace_bound_first_divergence_controllability
qwen,Qwen/Qwen2.5-7B-Instruct,870210_plus_870987,r4_qwen_same_contract_locked_scale_first_divergence,shard_88_block_00,88,task_only,task_only,False,False,01-00001,10100101,False,False,7,8,False,False,True,0,0,trace_bound_first_divergence_controllability
qwen,Qwen/Qwen2.5-7B-Instruct,870210_plus_870987,r4_qwen_same_contract_locked_scale_first_divergence,shard_88_block_00,88,wrong_key,protected,False,False,10100101,01110011,False,True,8,8,False,False,True,0,0,trace_bound_first_divergence_controllability
qwen,Qwen/Qwen2.5-7B-Instruct,870210_plus_870987,r4_qwen_same_contract_locked_scale_first_divergence,shard_88_block_00,88,wrong_payload,protected,False,False,10100101,01011010,False,True,8,8,False,False,True,0,0,trace_bound_first_divergence_controllability
qwen,Qwen/Qwen2.5-7B-Instruct,870210_plus_870987,r4_qwen_same_contract_locked_scale_first_divergence,shard_89_block_00,89,protected,protected,True,True,10100101,10100101,True,True,8,8,False,False,True,0,0,trace_bound_first_divergence_controllability
qwen,Qwen/Qwen2.5-7B-Instruct,870210_plus_870987,r4_qwen_same_contract_locked_scale_first_divergence,shard_89_block_00,89,raw,raw,False,False,01-000-1,10100101,False,False,6,8,False,False,True,0,0,trace_bound_first_divergence_controllability
qwen,Qwen/Qwen2.5-7B-Instruct,870210_plus_870987,r4_qwen_same_contract_locked_scale_first_divergence,shard_89_block_00,89,task_only,task_only,False,False,01-0-001,10100101,False,False,6,8,False,False,True,0,0,trace_bound_first_divergence_controllability
qwen,Qwen/Qwen2.5-7B-Instruct,870210_plus_870987,r4_qwen_same_contract_locked_scale_first_divergence,shard_89_block_00,89,wrong_key,protected,False,False,10100101,01110011,False,True,8,8,False,False,True,0,0,trace_bound_first_divergence_controllability
qwen,Qwen/Qwen2.5-7B-Instruct,870210_plus_870987,r4_qwen_same_contract_locked_scale_first_divergence,shard_89_block_00,89,wrong_payload,protected,False,False,10100101,01011010,False,True,8,8,False,False,True,0,0,trace_bound_first_divergence_controllability
qwen,Qwen/Qwen2.5-7B-Instruct,870210_plus_870987,r4_qwen_same_contract_locked_scale_first_divergence,shard_90_block_00,90,protected,protected,True,True,10100101,10100101,True,True,8,8,False,False,True,0,0,trace_bound_first_divergence_controllability
qwen,Qwen/Qwen2.5-7B-Instruct,870210_plus_870987,r4_qwen_same_contract_locked_scale_first_divergence,shard_90_block_00,90,raw,raw,False,False,-11-----,10100101,False,False,2,8,False,False,True,0,0,trace_bound_first_divergence_controllability
qwen,Qwen/Qwen2.5-7B-Instruct,870210_plus_870987,r4_qwen_same_contract_locked_scale_first_divergence,shard_90_block_00,90,task_only,task_only,False,False,-1------,10100101,False,False,1,8,False,False,True,0,0,trace_bound_first_divergence_controllability
qwen,Qwen/Qwen2.5-7B-Instruct,870210_plus_870987,r4_qwen_same_contract_locked_scale_first_divergence,shard_90_block_00,90,wrong_key,protected,False,False,10100101,01110011,False,True,8,8,False,False,True,0,0,trace_bound_first_divergence_controllability
qwen,Qwen/Qwen2.5-7B-Instruct,870210_plus_870987,r4_qwen_same_contract_locked_scale_first_divergence,shard_90_block_00,90,wrong_payload,protected,False,False,10100101,01011010,False,True,8,8,False,False,True,0,0,trace_bound_first_divergence_controllability
qwen,Qwen/Qwen2.5-7B-Instruct,870210_plus_870987,r4_qwen_same_contract_locked_scale_first_divergence,shard_91_block_00,91,protected,protected,True,True,10100101,10100101,True,True,8,8,False,False,True,0,0,trace_bound_first_divergence_controllability
qwen,Qwen/Qwen2.5-7B-Instruct,870210_plus_870987,r4_qwen_same_contract_locked_scale_first_divergence,shard_91_block_00,91,raw,raw,False,False,0-1-0-01,10100101,False,False,5,8,False,False,True,0,0,trace_bound_first_divergence_controllability
qwen,Qwen/Qwen2.5-7B-Instruct,870210_plus_870987,r4_qwen_same_contract_locked_scale_first_divergence,shard_91_block_00,91,task_only,task_only,False,False,------0-,10100101,False,False,1,8,False,False,True,0,0,trace_bound_first_divergence_controllability
qwen,Qwen/Qwen2.5-7B-Instruct,870210_plus_870987,r4_qwen_same_contract_locked_scale_first_divergence,shard_91_block_00,91,wrong_key,protected,False,False,10100101,01110011,False,True,8,8,False,False,True,0,0,trace_bound_first_divergence_controllability
qwen,Qwen/Qwen2.5-7B-Instruct,870210_plus_870987,r4_qwen_same_contract_locked_scale_first_divergence,shard_91_block_00,91,wrong_payload,protected,False,False,10100101,01011010,False,True,8,8,False,False,True,0,0,trace_bound_first_divergence_controllability
qwen,Qwen/Qwen2.5-7B-Instruct,870210_plus_870987,r4_qwen_same_contract_locked_scale_first_divergence,shard_92_block_00,92,protected,protected,True,True,10100101,10100101,True,True,8,8,False,False,True,0,0,trace_bound_first_divergence_controllability
qwen,Qwen/Qwen2.5-7B-Instruct,870210_plus_870987,r4_qwen_same_contract_locked_scale_first_divergence,shard_92_block_00,92,raw,raw,False,False,0---0-01,10100101,False,False,4,8,False,False,True,0,0,trace_bound_first_divergence_controllability
qwen,Qwen/Qwen2.5-7B-Instruct,870210_plus_870987,r4_qwen_same_contract_locked_scale_first_divergence,shard_92_block_00,92,task_only,task_only,False,False,-------1,10100101,False,False,1,8,False,False,True,0,0,trace_bound_first_divergence_controllability
qwen,Qwen/Qwen2.5-7B-Instruct,870210_plus_870987,r4_qwen_same_contract_locked_scale_first_divergence,shard_92_block_00,92,wrong_key,protected,False,False,10100101,01110011,False,True,8,8,False,False,True,0,0,trace_bound_first_divergence_controllability
qwen,Qwen/Qwen2.5-7B-Instruct,870210_plus_870987,r4_qwen_same_contract_locked_scale_first_divergence,shard_92_block_00,92,wrong_payload,protected,False,False,10100101,01011010,False,True,8,8,False,False,True,0,0,trace_bound_first_divergence_controllability
qwen,Qwen/Qwen2.5-7B-Instruct,870210_plus_870987,r4_qwen_same_contract_locked_scale_first_divergence,shard_93_block_00,93,protected,protected,True,True,10100101,10100101,True,True,8,8,False,False,True,0,0,trace_bound_first_divergence_controllability
qwen,Qwen/Qwen2.5-7B-Instruct,870210_plus_870987,r4_qwen_same_contract_locked_scale_first_divergence,shard_93_block_00,93,raw,raw,False,False,0-1-0001,10100101,False,False,6,8,False,False,True,0,0,trace_bound_first_divergence_controllability
qwen,Qwen/Qwen2.5-7B-Instruct,870210_plus_870987,r4_qwen_same_contract_locked_scale_first_divergence,shard_93_block_00,93,task_only,task_only,False,False,0--0-001,10100101,False,False,5,8,False,False,True,0,0,trace_bound_first_divergence_controllability
qwen,Qwen/Qwen2.5-7B-Instruct,870210_plus_870987,r4_qwen_same_contract_locked_scale_first_divergence,shard_93_block_00,93,wrong_key,protected,False,False,10100101,01110011,False,True,8,8,False,False,True,0,0,trace_bound_first_divergence_controllability
qwen,Qwen/Qwen2.5-7B-Instruct,870210_plus_870987,r4_qwen_same_contract_locked_scale_first_divergence,shard_93_block_00,93,wrong_payload,protected,False,False,10100101,01011010,False,True,8,8,False,False,True,0,0,trace_bound_first_divergence_controllability
qwen,Qwen/Qwen2.5-7B-Instruct,870210_plus_870987,r4_qwen_same_contract_locked_scale_first_divergence,shard_94_block_00,94,protected,protected,True,True,10100101,10100101,True,True,8,8,False,False,True,0,0,trace_bound_first_divergence_controllability
qwen,Qwen/Qwen2.5-7B-Instruct,870210_plus_870987,r4_qwen_same_contract_locked_scale_first_divergence,shard_94_block_00,94,raw,raw,False,False,0-0-0-01,10100101,False,False,5,8,False,False,True,0,0,trace_bound_first_divergence_controllability
qwen,Qwen/Qwen2.5-7B-Instruct,870210_plus_870987,r4_qwen_same_contract_locked_scale_first_divergence,shard_94_block_00,94,task_only,task_only,False,False,0---0--1,10100101,False,False,3,8,False,False,True,0,0,trace_bound_first_divergence_controllability
qwen,Qwen/Qwen2.5-7B-Instruct,870210_plus_870987,r4_qwen_same_contract_locked_scale_first_divergence,shard_94_block_00,94,wrong_key,protected,False,False,10100101,01110011,False,True,8,8,False,False,True,0,0,trace_bound_first_divergence_controllability
qwen,Qwen/Qwen2.5-7B-Instruct,870210_plus_870987,r4_qwen_same_contract_locked_scale_first_divergence,shard_94_block_00,94,wrong_payload,protected,False,False,10100101,01011010,False,True,8,8,False,False,True,0,0,trace_bound_first_divergence_controllability
qwen,Qwen/Qwen2.5-7B-Instruct,870210_plus_870987,r4_qwen_same_contract_locked_scale_first_divergence,shard_95_block_00,95,protected,protected,True,True,10100101,10100101,True,True,8,8,False,False,True,0,0,trace_bound_first_divergence_controllability
qwen,Qwen/Qwen2.5-7B-Instruct,870210_plus_870987,r4_qwen_same_contract_locked_scale_first_divergence,shard_95_block_00,95,raw,raw,False,False,011-0001,10100101,False,False,7,8,False,False,True,0,0,trace_bound_first_divergence_controllability
qwen,Qwen/Qwen2.5-7B-Instruct,870210_plus_870987,r4_qwen_same_contract_locked_scale_first_divergence,shard_95_block_00,95,task_only,task_only,False,False,011--001,10100101,False,False,6,8,False,False,True,0,0,trace_bound_first_divergence_controllability
qwen,Qwen/Qwen2.5-7B-Instruct,870210_plus_870987,r4_qwen_same_contract_locked_scale_first_divergence,shard_95_block_00,95,wrong_key,protected,False,False,10100101,01110011,False,True,8,8,False,False,True,0,0,trace_bound_first_divergence_controllability
qwen,Qwen/Qwen2.5-7B-Instruct,870210_plus_870987,r4_qwen_same_contract_locked_scale_first_divergence,shard_95_block_00,95,wrong_payload,protected,False,False,10100101,01011010,False,True,8,8,False,False,True,0,0,trace_bound_first_divergence_controllability
llama,meta-llama/Meta-Llama-3.1-8B-Instruct,880121,r4_llama_domain_repaired_locked_scale_first_divergence,shard_00_block_00,0,protected,protected,True,True,10100101,10100101,True,True,8,8,False,False,True,0,0,trace_bound_first_divergence_controllability
llama,meta-llama/Meta-Llama-3.1-8B-Instruct,880121,r4_llama_domain_repaired_locked_scale_first_divergence,shard_00_block_00,0,raw,raw,False,False,0110-111,10100101,False,False,7,8,False,False,True,0,0,trace_bound_first_divergence_controllability
llama,meta-llama/Meta-Llama-3.1-8B-Instruct,880121,r4_llama_domain_repaired_locked_scale_first_divergence,shard_00_block_00,0,task_only,task_only,False,False,--------,10100101,False,False,0,8,False,False,True,0,0,trace_bound_first_divergence_controllability
llama,meta-llama/Meta-Llama-3.1-8B-Instruct,880121,r4_llama_domain_repaired_locked_scale_first_divergence,shard_00_block_00,0,wrong_key,protected,False,False,10100101,01110011,False,True,8,8,False,False,True,0,0,trace_bound_first_divergence_controllability
llama,meta-llama/Meta-Llama-3.1-8B-Instruct,880121,r4_llama_domain_repaired_locked_scale_first_divergence,shard_00_block_00,0,wrong_payload,protected,False,False,10100101,01011010,False,True,8,8,False,False,True,0,0,trace_bound_first_divergence_controllability
llama,meta-llama/Meta-Llama-3.1-8B-Instruct,880121,r4_llama_domain_repaired_locked_scale_first_divergence,shard_01_block_00,1,protected,protected,True,True,10100101,10100101,True,True,8,8,False,False,True,0,0,trace_bound_first_divergence_controllability
llama,meta-llama/Meta-Llama-3.1-8B-Instruct,880121,r4_llama_domain_repaired_locked_scale_first_divergence,shard_01_block_00,1,raw,raw,False,False,01-0-1-1,10100101,False,False,5,8,False,False,True,0,0,trace_bound_first_divergence_controllability
llama,meta-llama/Meta-Llama-3.1-8B-Instruct,880121,r4_llama_domain_repaired_locked_scale_first_divergence,shard_01_block_00,1,task_only,task_only,False,False,--------,10100101,False,False,0,8,False,False,True,0,0,trace_bound_first_divergence_controllability
llama,meta-llama/Meta-Llama-3.1-8B-Instruct,880121,r4_llama_domain_repaired_locked_scale_first_divergence,shard_01_block_00,1,wrong_key,protected,False,False,10100101,01110011,False,True,8,8,False,False,True,0,0,trace_bound_first_divergence_controllability
llama,meta-llama/Meta-Llama-3.1-8B-Instruct,880121,r4_llama_domain_repaired_locked_scale_first_divergence,shard_01_block_00,1,wrong_payload,protected,False,False,10100101,01011010,False,True,8,8,False,False,True,0,0,trace_bound_first_divergence_controllability
llama,meta-llama/Meta-Llama-3.1-8B-Instruct,880121,r4_llama_domain_repaired_locked_scale_first_divergence,shard_02_block_00,2,protected,protected,True,True,10100101,10100101,True,True,8,8,False,False,True,0,0,trace_bound_first_divergence_controllability
llama,meta-llama/Meta-Llama-3.1-8B-Instruct,880121,r4_llama_domain_repaired_locked_scale_first_divergence,shard_02_block_00,2,raw,raw,False,False,0110-0-1,10100101,False,False,6,8,False,False,True,0,0,trace_bound_first_divergence_controllability
llama,meta-llama/Meta-Llama-3.1-8B-Instruct,880121,r4_llama_domain_repaired_locked_scale_first_divergence,shard_02_block_00,2,task_only,task_only,False,False,--------,10100101,False,False,0,8,False,False,True,0,0,trace_bound_first_divergence_controllability
llama,meta-llama/Meta-Llama-3.1-8B-Instruct,880121,r4_llama_domain_repaired_locked_scale_first_divergence,shard_02_block_00,2,wrong_key,protected,False,False,10100101,01110011,False,True,8,8,False,False,True,0,0,trace_bound_first_divergence_controllability
llama,meta-llama/Meta-Llama-3.1-8B-Instruct,880121,r4_llama_domain_repaired_locked_scale_first_divergence,shard_02_block_00,2,wrong_payload,protected,False,False,10100101,01011010,False,True,8,8,False,False,True,0,0,trace_bound_first_divergence_controllability
llama,meta-llama/Meta-Llama-3.1-8B-Instruct,880121,r4_llama_domain_repaired_locked_scale_first_divergence,shard_03_block_00,3,protected,protected,True,True,10100101,10100101,True,True,8,8,False,False,True,0,0,trace_bound_first_divergence_controllability
llama,meta-llama/Meta-Llama-3.1-8B-Instruct,880121,r4_llama_domain_repaired_locked_scale_first_divergence,shard_03_block_00,3,raw,raw,False,False,01-00011,10100101,False,False,7,8,False,False,True,0,0,trace_bound_first_divergence_controllability
llama,meta-llama/Meta-Llama-3.1-8B-Instruct,880121,r4_llama_domain_repaired_locked_scale_first_divergence,shard_03_block_00,3,task_only,task_only,False,False,--------,10100101,False,False,0,8,False,False,True,0,0,trace_bound_first_divergence_controllability
llama,meta-llama/Meta-Llama-3.1-8B-Instruct,880121,r4_llama_domain_repaired_locked_scale_first_divergence,shard_03_block_00,3,wrong_key,protected,False,False,10100101,01110011,False,True,8,8,False,False,True,0,0,trace_bound_first_divergence_controllability
llama,meta-llama/Meta-Llama-3.1-8B-Instruct,880121,r4_llama_domain_repaired_locked_scale_first_divergence,shard_03_block_00,3,wrong_payload,protected,False,False,10100101,01011010,False,True,8,8,False,False,True,0,0,trace_bound_first_divergence_controllability
llama,meta-llama/Meta-Llama-3.1-8B-Instruct,880121,r4_llama_domain_repaired_locked_scale_first_divergence,shard_04_block_00,4,protected,protected,True,True,10100101,10100101,True,True,8,8,False,False,True,0,0,trace_bound_first_divergence_controllability
llama,meta-llama/Meta-Llama-3.1-8B-Instruct,880121,r4_llama_domain_repaired_locked_scale_first_divergence,shard_04_block_00,4,raw,raw,False,False,0110-1-1,10100101,False,False,6,8,False,False,True,0,0,trace_bound_first_divergence_controllability
llama,meta-llama/Meta-Llama-3.1-8B-Instruct,880121,r4_llama_domain_repaired_locked_scale_first_divergence,shard_04_block_00,4,task_only,task_only,False,False,--------,10100101,False,False,0,8,False,False,True,0,0,trace_bound_first_divergence_controllability
llama,meta-llama/Meta-Llama-3.1-8B-Instruct,880121,r4_llama_domain_repaired_locked_scale_first_divergence,shard_04_block_00,4,wrong_key,protected,False,False,10100101,01110011,False,True,8,8,False,False,True,0,0,trace_bound_first_divergence_controllability
llama,meta-llama/Meta-Llama-3.1-8B-Instruct,880121,r4_llama_domain_repaired_locked_scale_first_divergence,shard_04_block_00,4,wrong_payload,protected,False,False,10100101,01011010,False,True,8,8,False,False,True,0,0,trace_bound_first_divergence_controllability
llama,meta-llama/Meta-Llama-3.1-8B-Instruct,880121,r4_llama_domain_repaired_locked_scale_first_divergence,shard_05_block_00,5,protected,protected,True,True,10100101,10100101,True,True,8,8,False,False,True,0,0,trace_bound_first_divergence_controllability
llama,meta-llama/Meta-Llama-3.1-8B-Instruct,880121,r4_llama_domain_repaired_locked_scale_first_divergence,shard_05_block_00,5,raw,raw,False,False,01-0-111,10100101,False,False,6,8,False,False,True,0,0,trace_bound_first_divergence_controllability
llama,meta-llama/Meta-Llama-3.1-8B-Instruct,880121,r4_llama_domain_repaired_locked_scale_first_divergence,shard_05_block_00,5,task_only,task_only,False,False,--------,10100101,False,False,0,8,False,False,True,0,0,trace_bound_first_divergence_controllability
llama,meta-llama/Meta-Llama-3.1-8B-Instruct,880121,r4_llama_domain_repaired_locked_scale_first_divergence,shard_05_block_00,5,wrong_key,protected,False,False,10100101,01110011,False,True,8,8,False,False,True,0,0,trace_bound_first_divergence_controllability
llama,meta-llama/Meta-Llama-3.1-8B-Instruct,880121,r4_llama_domain_repaired_locked_scale_first_divergence,shard_05_block_00,5,wrong_payload,protected,False,False,10100101,01011010,False,True,8,8,False,False,True,0,0,trace_bound_first_divergence_controllability
llama,meta-llama/Meta-Llama-3.1-8B-Instruct,880121,r4_llama_domain_repaired_locked_scale_first_divergence,shard_06_block_00,6,protected,protected,True,True,10100101,10100101,True,True,8,8,False,False,True,0,0,trace_bound_first_divergence_controllability
llama,meta-llama/Meta-Llama-3.1-8B-Instruct,880121,r4_llama_domain_repaired_locked_scale_first_divergence,shard_06_block_00,6,raw,raw,False,False,01-0-0-1,10100101,False,False,5,8,False,False,True,0,0,trace_bound_first_divergence_controllability
llama,meta-llama/Meta-Llama-3.1-8B-Instruct,880121,r4_llama_domain_repaired_locked_scale_first_divergence,shard_06_block_00,6,task_only,task_only,False,False,--------,10100101,False,False,0,8,False,False,True,0,0,trace_bound_first_divergence_controllability
llama,meta-llama/Meta-Llama-3.1-8B-Instruct,880121,r4_llama_domain_repaired_locked_scale_first_divergence,shard_06_block_00,6,wrong_key,protected,False,False,10100101,01110011,False,True,8,8,False,False,True,0,0,trace_bound_first_divergence_controllability
llama,meta-llama/Meta-Llama-3.1-8B-Instruct,880121,r4_llama_domain_repaired_locked_scale_first_divergence,shard_06_block_00,6,wrong_payload,protected,False,False,10100101,01011010,False,True,8,8,False,False,True,0,0,trace_bound_first_divergence_controllability
llama,meta-llama/Meta-Llama-3.1-8B-Instruct,880121,r4_llama_domain_repaired_locked_scale_first_divergence,shard_07_block_00,7,protected,protected,True,True,10100101,10100101,True,True,8,8,False,False,True,0,0,trace_bound_first_divergence_controllability
llama,meta-llama/Meta-Llama-3.1-8B-Instruct,880121,r4_llama_domain_repaired_locked_scale_first_divergence,shard_07_block_00,7,raw,raw,False,False,01-0-0-1,10100101,False,False,5,8,False,False,True,0,0,trace_bound_first_divergence_controllability
llama,meta-llama/Meta-Llama-3.1-8B-Instruct,880121,r4_llama_domain_repaired_locked_scale_first_divergence,shard_07_block_00,7,task_only,task_only,False,False,--------,10100101,False,False,0,8,False,False,True,0,0,trace_bound_first_divergence_controllability
llama,meta-llama/Meta-Llama-3.1-8B-Instruct,880121,r4_llama_domain_repaired_locked_scale_first_divergence,shard_07_block_00,7,wrong_key,protected,False,False,10100101,01110011,False,True,8,8,False,False,True,0,0,trace_bound_first_divergence_controllability
llama,meta-llama/Meta-Llama-3.1-8B-Instruct,880121,r4_llama_domain_repaired_locked_scale_first_divergence,shard_07_block_00,7,wrong_payload,protected,False,False,10100101,01011010,False,True,8,8,False,False,True,0,0,trace_bound_first_divergence_controllability
llama,meta-llama/Meta-Llama-3.1-8B-Instruct,880121,r4_llama_domain_repaired_locked_scale_first_divergence,shard_08_block_00,8,protected,protected,True,True,10100101,10100101,True,True,8,8,False,False,True,0,0,trace_bound_first_divergence_controllability
llama,meta-llama/Meta-Llama-3.1-8B-Instruct,880121,r4_llama_domain_repaired_locked_scale_first_divergence,shard_08_block_00,8,raw,raw,False,False,0100-011,10100101,False,False,7,8,False,False,True,0,0,trace_bound_first_divergence_controllability
llama,meta-llama/Meta-Llama-3.1-8B-Instruct,880121,r4_llama_domain_repaired_locked_scale_first_divergence,shard_08_block_00,8,task_only,task_only,False,False,--------,10100101,False,False,0,8,False,False,True,0,0,trace_bound_first_divergence_controllability
llama,meta-llama/Meta-Llama-3.1-8B-Instruct,880121,r4_llama_domain_repaired_locked_scale_first_divergence,shard_08_block_00,8,wrong_key,protected,False,False,10100101,01110011,False,True,8,8,False,False,True,0,0,trace_bound_first_divergence_controllability
llama,meta-llama/Meta-Llama-3.1-8B-Instruct,880121,r4_llama_domain_repaired_locked_scale_first_divergence,shard_08_block_00,8,wrong_payload,protected,False,False,10100101,01011010,False,True,8,8,False,False,True,0,0,trace_bound_first_divergence_controllability
llama,meta-llama/Meta-Llama-3.1-8B-Instruct,880121,r4_llama_domain_repaired_locked_scale_first_divergence,shard_09_block_00,9,protected,protected,True,True,10100101,10100101,True,True,8,8,False,False,True,0,0,trace_bound_first_divergence_controllability
llama,meta-llama/Meta-Llama-3.1-8B-Instruct,880121,r4_llama_domain_repaired_locked_scale_first_divergence,shard_09_block_00,9,raw,raw,False,False,0110-001,10100101,False,False,7,8,False,False,True,0,0,trace_bound_first_divergence_controllability
llama,meta-llama/Meta-Llama-3.1-8B-Instruct,880121,r4_llama_domain_repaired_locked_scale_first_divergence,shard_09_block_00,9,task_only,task_only,False,False,--------,10100101,False,False,0,8,False,False,True,0,0,trace_bound_first_divergence_controllability
llama,meta-llama/Meta-Llama-3.1-8B-Instruct,880121,r4_llama_domain_repaired_locked_scale_first_divergence,shard_09_block_00,9,wrong_key,protected,False,False,10100101,01110011,False,True,8,8,False,False,True,0,0,trace_bound_first_divergence_controllability
llama,meta-llama/Meta-Llama-3.1-8B-Instruct,880121,r4_llama_domain_repaired_locked_scale_first_divergence,shard_09_block_00,9,wrong_payload,protected,False,False,10100101,01011010,False,True,8,8,False,False,True,0,0,trace_bound_first_divergence_controllability
llama,meta-llama/Meta-Llama-3.1-8B-Instruct,880121,r4_llama_domain_repaired_locked_scale_first_divergence,shard_10_block_00,10,protected,protected,True,True,10100101,10100101,True,True,8,8,False,False,True,0,0,trace_bound_first_divergence_controllability
llama,meta-llama/Meta-Llama-3.1-8B-Instruct,880121,r4_llama_domain_repaired_locked_scale_first_divergence,shard_10_block_00,10,raw,raw,False,False,01-0-001,10100101,False,False,6,8,False,False,True,0,0,trace_bound_first_divergence_controllability
llama,meta-llama/Meta-Llama-3.1-8B-Instruct,880121,r4_llama_domain_repaired_locked_scale_first_divergence,shard_10_block_00,10,task_only,task_only,False,False,--------,10100101,False,False,0,8,False,False,True,0,0,trace_bound_first_divergence_controllability
llama,meta-llama/Meta-Llama-3.1-8B-Instruct,880121,r4_llama_domain_repaired_locked_scale_first_divergence,shard_10_block_00,10,wrong_key,protected,False,False,10100101,01110011,False,True,8,8,False,False,True,0,0,trace_bound_first_divergence_controllability
llama,meta-llama/Meta-Llama-3.1-8B-Instruct,880121,r4_llama_domain_repaired_locked_scale_first_divergence,shard_10_block_00,10,wrong_payload,protected,False,False,10100101,01011010,False,True,8,8,False,False,True,0,0,trace_bound_first_divergence_controllability
llama,meta-llama/Meta-Llama-3.1-8B-Instruct,880121,r4_llama_domain_repaired_locked_scale_first_divergence,shard_11_block_00,11,protected,protected,True,True,10100101,10100101,True,True,8,8,False,False,True,0,0,trace_bound_first_divergence_controllability
llama,meta-llama/Meta-Llama-3.1-8B-Instruct,880121,r4_llama_domain_repaired_locked_scale_first_divergence,shard_11_block_00,11,raw,raw,False,False,01-001-1,10100101,False,False,6,8,False,False,True,0,0,trace_bound_first_divergence_controllability
llama,meta-llama/Meta-Llama-3.1-8B-Instruct,880121,r4_llama_domain_repaired_locked_scale_first_divergence,shard_11_block_00,11,task_only,task_only,False,False,--------,10100101,False,False,0,8,False,False,True,0,0,trace_bound_first_divergence_controllability
llama,meta-llama/Meta-Llama-3.1-8B-Instruct,880121,r4_llama_domain_repaired_locked_scale_first_divergence,shard_11_block_00,11,wrong_key,protected,False,False,10100101,01110011,False,True,8,8,False,False,True,0,0,trace_bound_first_divergence_controllability
llama,meta-llama/Meta-Llama-3.1-8B-Instruct,880121,r4_llama_domain_repaired_locked_scale_first_divergence,shard_11_block_00,11,wrong_payload,protected,False,False,10100101,01011010,False,True,8,8,False,False,True,0,0,trace_bound_first_divergence_controllability
llama,meta-llama/Meta-Llama-3.1-8B-Instruct,880121,r4_llama_domain_repaired_locked_scale_first_divergence,shard_12_block_00,12,protected,protected,True,True,10100101,10100101,True,True,8,8,False,False,True,0,0,trace_bound_first_divergence_controllability
llama,meta-llama/Meta-Llama-3.1-8B-Instruct,880121,r4_llama_domain_repaired_locked_scale_first_divergence,shard_12_block_00,12,raw,raw,False,False,01-00011,10100101,False,False,7,8,False,False,True,0,0,trace_bound_first_divergence_controllability
llama,meta-llama/Meta-Llama-3.1-8B-Instruct,880121,r4_llama_domain_repaired_locked_scale_first_divergence,shard_12_block_00,12,task_only,task_only,False,False,--------,10100101,False,False,0,8,False,False,True,0,0,trace_bound_first_divergence_controllability
llama,meta-llama/Meta-Llama-3.1-8B-Instruct,880121,r4_llama_domain_repaired_locked_scale_first_divergence,shard_12_block_00,12,wrong_key,protected,False,False,10100101,01110011,False,True,8,8,False,False,True,0,0,trace_bound_first_divergence_controllability
llama,meta-llama/Meta-Llama-3.1-8B-Instruct,880121,r4_llama_domain_repaired_locked_scale_first_divergence,shard_12_block_00,12,wrong_payload,protected,False,False,10100101,01011010,False,True,8,8,False,False,True,0,0,trace_bound_first_divergence_controllability
llama,meta-llama/Meta-Llama-3.1-8B-Instruct,880121,r4_llama_domain_repaired_locked_scale_first_divergence,shard_13_block_00,13,protected,protected,True,True,10100101,10100101,True,True,8,8,False,False,True,0,0,trace_bound_first_divergence_controllability
llama,meta-llama/Meta-Llama-3.1-8B-Instruct,880121,r4_llama_domain_repaired_locked_scale_first_divergence,shard_13_block_00,13,raw,raw,False,False,010000-1,10100101,False,False,7,8,False,False,True,0,0,trace_bound_first_divergence_controllability
llama,meta-llama/Meta-Llama-3.1-8B-Instruct,880121,r4_llama_domain_repaired_locked_scale_first_divergence,shard_13_block_00,13,task_only,task_only,False,False,--------,10100101,False,False,0,8,False,False,True,0,0,trace_bound_first_divergence_controllability
llama,meta-llama/Meta-Llama-3.1-8B-Instruct,880121,r4_llama_domain_repaired_locked_scale_first_divergence,shard_13_block_00,13,wrong_key,protected,False,False,10100101,01110011,False,True,8,8,False,False,True,0,0,trace_bound_first_divergence_controllability
llama,meta-llama/Meta-Llama-3.1-8B-Instruct,880121,r4_llama_domain_repaired_locked_scale_first_divergence,shard_13_block_00,13,wrong_payload,protected,False,False,10100101,01011010,False,True,8,8,False,False,True,0,0,trace_bound_first_divergence_controllability
llama,meta-llama/Meta-Llama-3.1-8B-Instruct,880121,r4_llama_domain_repaired_locked_scale_first_divergence,shard_14_block_00,14,protected,protected,True,True,10100101,10100101,True,True,8,8,False,False,True,0,0,trace_bound_first_divergence_controllability
llama,meta-llama/Meta-Llama-3.1-8B-Instruct,880121,r4_llama_domain_repaired_locked_scale_first_divergence,shard_14_block_00,14,raw,raw,False,False,01100001,10100101,False,False,8,8,False,False,True,0,0,trace_bound_first_divergence_controllability
llama,meta-llama/Meta-Llama-3.1-8B-Instruct,880121,r4_llama_domain_repaired_locked_scale_first_divergence,shard_14_block_00,14,task_only,task_only,False,False,--------,10100101,False,False,0,8,False,False,True,0,0,trace_bound_first_divergence_controllability
llama,meta-llama/Meta-Llama-3.1-8B-Instruct,880121,r4_llama_domain_repaired_locked_scale_first_divergence,shard_14_block_00,14,wrong_key,protected,False,False,10100101,01110011,False,True,8,8,False,False,True,0,0,trace_bound_first_divergence_controllability
llama,meta-llama/Meta-Llama-3.1-8B-Instruct,880121,r4_llama_domain_repaired_locked_scale_first_divergence,shard_14_block_00,14,wrong_payload,protected,False,False,10100101,01011010,False,True,8,8,False,False,True,0,0,trace_bound_first_divergence_controllability
llama,meta-llama/Meta-Llama-3.1-8B-Instruct,880121,r4_llama_domain_repaired_locked_scale_first_divergence,shard_15_block_00,15,protected,protected,True,True,10100101,10100101,True,True,8,8,False,False,True,0,0,trace_bound_first_divergence_controllability
llama,meta-llama/Meta-Llama-3.1-8B-Instruct,880121,r4_llama_domain_repaired_locked_scale_first_divergence,shard_15_block_00,15,raw,raw,False,False,011000-1,10100101,False,False,7,8,False,False,True,0,0,trace_bound_first_divergence_controllability
llama,meta-llama/Meta-Llama-3.1-8B-Instruct,880121,r4_llama_domain_repaired_locked_scale_first_divergence,shard_15_block_00,15,task_only,task_only,False,False,--------,10100101,False,False,0,8,False,False,True,0,0,trace_bound_first_divergence_controllability
llama,meta-llama/Meta-Llama-3.1-8B-Instruct,880121,r4_llama_domain_repaired_locked_scale_first_divergence,shard_15_block_00,15,wrong_key,protected,False,False,10100101,01110011,False,True,8,8,False,False,True,0,0,trace_bound_first_divergence_controllability
llama,meta-llama/Meta-Llama-3.1-8B-Instruct,880121,r4_llama_domain_repaired_locked_scale_first_divergence,shard_15_block_00,15,wrong_payload,protected,False,False,10100101,01011010,False,True,8,8,False,False,True,0,0,trace_bound_first_divergence_controllability
llama,meta-llama/Meta-Llama-3.1-8B-Instruct,880121,r4_llama_domain_repaired_locked_scale_first_divergence,shard_16_block_00,16,protected,protected,True,True,10100101,10100101,True,True,8,8,False,False,True,0,0,trace_bound_first_divergence_controllability
llama,meta-llama/Meta-Llama-3.1-8B-Instruct,880121,r4_llama_domain_repaired_locked_scale_first_divergence,shard_16_block_00,16,raw,raw,False,False,01100011,10100101,False,False,8,8,False,False,True,0,0,trace_bound_first_divergence_controllability
llama,meta-llama/Meta-Llama-3.1-8B-Instruct,880121,r4_llama_domain_repaired_locked_scale_first_divergence,shard_16_block_00,16,task_only,task_only,False,False,--------,10100101,False,False,0,8,False,False,True,0,0,trace_bound_first_divergence_controllability
llama,meta-llama/Meta-Llama-3.1-8B-Instruct,880121,r4_llama_domain_repaired_locked_scale_first_divergence,shard_16_block_00,16,wrong_key,protected,False,False,10100101,01110011,False,True,8,8,False,False,True,0,0,trace_bound_first_divergence_controllability
llama,meta-llama/Meta-Llama-3.1-8B-Instruct,880121,r4_llama_domain_repaired_locked_scale_first_divergence,shard_16_block_00,16,wrong_payload,protected,False,False,10100101,01011010,False,True,8,8,False,False,True,0,0,trace_bound_first_divergence_controllability
llama,meta-llama/Meta-Llama-3.1-8B-Instruct,880121,r4_llama_domain_repaired_locked_scale_first_divergence,shard_17_block_00,17,protected,protected,True,True,10100101,10100101,True,True,8,8,False,False,True,0,0,trace_bound_first_divergence_controllability
llama,meta-llama/Meta-Llama-3.1-8B-Instruct,880121,r4_llama_domain_repaired_locked_scale_first_divergence,shard_17_block_00,17,raw,raw,False,False,01000-11,10100101,False,False,7,8,False,False,True,0,0,trace_bound_first_divergence_controllability
llama,meta-llama/Meta-Llama-3.1-8B-Instruct,880121,r4_llama_domain_repaired_locked_scale_first_divergence,shard_17_block_00,17,task_only,task_only,False,False,--------,10100101,False,False,0,8,False,False,True,0,0,trace_bound_first_divergence_controllability
llama,meta-llama/Meta-Llama-3.1-8B-Instruct,880121,r4_llama_domain_repaired_locked_scale_first_divergence,shard_17_block_00,17,wrong_key,protected,False,False,10100101,01110011,False,True,8,8,False,False,True,0,0,trace_bound_first_divergence_controllability
llama,meta-llama/Meta-Llama-3.1-8B-Instruct,880121,r4_llama_domain_repaired_locked_scale_first_divergence,shard_17_block_00,17,wrong_payload,protected,False,False,10100101,01011010,False,True,8,8,False,False,True,0,0,trace_bound_first_divergence_controllability
llama,meta-llama/Meta-Llama-3.1-8B-Instruct,880121,r4_llama_domain_repaired_locked_scale_first_divergence,shard_18_block_00,18,protected,protected,True,True,10100101,10100101,True,True,8,8,False,False,True,0,0,trace_bound_first_divergence_controllability
llama,meta-llama/Meta-Llama-3.1-8B-Instruct,880121,r4_llama_domain_repaired_locked_scale_first_divergence,shard_18_block_00,18,raw,raw,False,False,011001-1,10100101,False,False,7,8,False,False,True,0,0,trace_bound_first_divergence_controllability
llama,meta-llama/Meta-Llama-3.1-8B-Instruct,880121,r4_llama_domain_repaired_locked_scale_first_divergence,shard_18_block_00,18,task_only,task_only,False,False,--------,10100101,False,False,0,8,False,False,True,0,0,trace_bound_first_divergence_controllability
llama,meta-llama/Meta-Llama-3.1-8B-Instruct,880121,r4_llama_domain_repaired_locked_scale_first_divergence,shard_18_block_00,18,wrong_key,protected,False,False,10100101,01110011,False,True,8,8,False,False,True,0,0,trace_bound_first_divergence_controllability
llama,meta-llama/Meta-Llama-3.1-8B-Instruct,880121,r4_llama_domain_repaired_locked_scale_first_divergence,shard_18_block_00,18,wrong_payload,protected,False,False,10100101,01011010,False,True,8,8,False,False,True,0,0,trace_bound_first_divergence_controllability
llama,meta-llama/Meta-Llama-3.1-8B-Instruct,880121,r4_llama_domain_repaired_locked_scale_first_divergence,shard_19_block_00,19,protected,protected,True,True,10100101,10100101,True,True,8,8,False,False,True,0,0,trace_bound_first_divergence_controllability
llama,meta-llama/Meta-Llama-3.1-8B-Instruct,880121,r4_llama_domain_repaired_locked_scale_first_divergence,shard_19_block_00,19,raw,raw,False,False,0--0-0-1,10100101,False,False,4,8,False,False,True,0,0,trace_bound_first_divergence_controllability
llama,meta-llama/Meta-Llama-3.1-8B-Instruct,880121,r4_llama_domain_repaired_locked_scale_first_divergence,shard_19_block_00,19,task_only,task_only,False,False,--------,10100101,False,False,0,8,False,False,True,0,0,trace_bound_first_divergence_controllability
llama,meta-llama/Meta-Llama-3.1-8B-Instruct,880121,r4_llama_domain_repaired_locked_scale_first_divergence,shard_19_block_00,19,wrong_key,protected,False,False,10100101,01110011,False,True,8,8,False,False,True,0,0,trace_bound_first_divergence_controllability
llama,meta-llama/Meta-Llama-3.1-8B-Instruct,880121,r4_llama_domain_repaired_locked_scale_first_divergence,shard_19_block_00,19,wrong_payload,protected,False,False,10100101,01011010,False,True,8,8,False,False,True,0,0,trace_bound_first_divergence_controllability
llama,meta-llama/Meta-Llama-3.1-8B-Instruct,880121,r4_llama_domain_repaired_locked_scale_first_divergence,shard_20_block_00,20,protected,protected,True,True,10100101,10100101,True,True,8,8,False,False,True,0,0,trace_bound_first_divergence_controllability
llama,meta-llama/Meta-Llama-3.1-8B-Instruct,880121,r4_llama_domain_repaired_locked_scale_first_divergence,shard_20_block_00,20,raw,raw,False,False,01-00011,10100101,False,False,7,8,False,False,True,0,0,trace_bound_first_divergence_controllability
llama,meta-llama/Meta-Llama-3.1-8B-Instruct,880121,r4_llama_domain_repaired_locked_scale_first_divergence,shard_20_block_00,20,task_only,task_only,False,False,--------,10100101,False,False,0,8,False,False,True,0,0,trace_bound_first_divergence_controllability
llama,meta-llama/Meta-Llama-3.1-8B-Instruct,880121,r4_llama_domain_repaired_locked_scale_first_divergence,shard_20_block_00,20,wrong_key,protected,False,False,10100101,01110011,False,True,8,8,False,False,True,0,0,trace_bound_first_divergence_controllability
llama,meta-llama/Meta-Llama-3.1-8B-Instruct,880121,r4_llama_domain_repaired_locked_scale_first_divergence,shard_20_block_00,20,wrong_payload,protected,False,False,10100101,01011010,False,True,8,8,False,False,True,0,0,trace_bound_first_divergence_controllability
llama,meta-llama/Meta-Llama-3.1-8B-Instruct,880121,r4_llama_domain_repaired_locked_scale_first_divergence,shard_21_block_00,21,protected,protected,True,True,10100101,10100101,True,True,8,8,False,False,True,0,0,trace_bound_first_divergence_controllability
llama,meta-llama/Meta-Llama-3.1-8B-Instruct,880121,r4_llama_domain_repaired_locked_scale_first_divergence,shard_21_block_00,21,raw,raw,False,False,0100-011,10100101,False,False,7,8,False,False,True,0,0,trace_bound_first_divergence_controllability
llama,meta-llama/Meta-Llama-3.1-8B-Instruct,880121,r4_llama_domain_repaired_locked_scale_first_divergence,shard_21_block_00,21,task_only,task_only,False,False,--------,10100101,False,False,0,8,False,False,True,0,0,trace_bound_first_divergence_controllability
llama,meta-llama/Meta-Llama-3.1-8B-Instruct,880121,r4_llama_domain_repaired_locked_scale_first_divergence,shard_21_block_00,21,wrong_key,protected,False,False,10100101,01110011,False,True,8,8,False,False,True,0,0,trace_bound_first_divergence_controllability
llama,meta-llama/Meta-Llama-3.1-8B-Instruct,880121,r4_llama_domain_repaired_locked_scale_first_divergence,shard_21_block_00,21,wrong_payload,protected,False,False,10100101,01011010,False,True,8,8,False,False,True,0,0,trace_bound_first_divergence_controllability
llama,meta-llama/Meta-Llama-3.1-8B-Instruct,880121,r4_llama_domain_repaired_locked_scale_first_divergence,shard_22_block_00,22,protected,protected,True,True,10100101,10100101,True,True,8,8,False,False,True,0,0,trace_bound_first_divergence_controllability
llama,meta-llama/Meta-Llama-3.1-8B-Instruct,880121,r4_llama_domain_repaired_locked_scale_first_divergence,shard_22_block_00,22,raw,raw,False,False,01-101-1,10100101,False,False,6,8,False,False,True,0,0,trace_bound_first_divergence_controllability
llama,meta-llama/Meta-Llama-3.1-8B-Instruct,880121,r4_llama_domain_repaired_locked_scale_first_divergence,shard_22_block_00,22,task_only,task_only,False,False,--------,10100101,False,False,0,8,False,False,True,0,0,trace_bound_first_divergence_controllability
llama,meta-llama/Meta-Llama-3.1-8B-Instruct,880121,r4_llama_domain_repaired_locked_scale_first_divergence,shard_22_block_00,22,wrong_key,protected,False,False,10100101,01110011,False,True,8,8,False,False,True,0,0,trace_bound_first_divergence_controllability
llama,meta-llama/Meta-Llama-3.1-8B-Instruct,880121,r4_llama_domain_repaired_locked_scale_first_divergence,shard_22_block_00,22,wrong_payload,protected,False,False,10100101,01011010,False,True,8,8,False,False,True,0,0,trace_bound_first_divergence_controllability
llama,meta-llama/Meta-Llama-3.1-8B-Instruct,880121,r4_llama_domain_repaired_locked_scale_first_divergence,shard_23_block_00,23,protected,protected,True,True,10100101,10100101,True,True,8,8,False,False,True,0,0,trace_bound_first_divergence_controllability
llama,meta-llama/Meta-Llama-3.1-8B-Instruct,880121,r4_llama_domain_repaired_locked_scale_first_divergence,shard_23_block_00,23,raw,raw,False,False,-1-00111,10100101,False,False,6,8,False,False,True,0,0,trace_bound_first_divergence_controllability
llama,meta-llama/Meta-Llama-3.1-8B-Instruct,880121,r4_llama_domain_repaired_locked_scale_first_divergence,shard_23_block_00,23,task_only,task_only,False,False,--------,10100101,False,False,0,8,False,False,True,0,0,trace_bound_first_divergence_controllability
llama,meta-llama/Meta-Llama-3.1-8B-Instruct,880121,r4_llama_domain_repaired_locked_scale_first_divergence,shard_23_block_00,23,wrong_key,protected,False,False,10100101,01110011,False,True,8,8,False,False,True,0,0,trace_bound_first_divergence_controllability
llama,meta-llama/Meta-Llama-3.1-8B-Instruct,880121,r4_llama_domain_repaired_locked_scale_first_divergence,shard_23_block_00,23,wrong_payload,protected,False,False,10100101,01011010,False,True,8,8,False,False,True,0,0,trace_bound_first_divergence_controllability
llama,meta-llama/Meta-Llama-3.1-8B-Instruct,880121,r4_llama_domain_repaired_locked_scale_first_divergence,shard_24_block_00,24,protected,protected,True,True,10100101,10100101,True,True,8,8,False,False,True,0,0,trace_bound_first_divergence_controllability
llama,meta-llama/Meta-Llama-3.1-8B-Instruct,880121,r4_llama_domain_repaired_locked_scale_first_divergence,shard_24_block_00,24,raw,raw,False,False,01-0001-,10100101,False,False,6,8,False,False,True,0,0,trace_bound_first_divergence_controllability
llama,meta-llama/Meta-Llama-3.1-8B-Instruct,880121,r4_llama_domain_repaired_locked_scale_first_divergence,shard_24_block_00,24,task_only,task_only,False,False,--------,10100101,False,False,0,8,False,False,True,0,0,trace_bound_first_divergence_controllability
llama,meta-llama/Meta-Llama-3.1-8B-Instruct,880121,r4_llama_domain_repaired_locked_scale_first_divergence,shard_24_block_00,24,wrong_key,protected,False,False,10100101,01110011,False,True,8,8,False,False,True,0,0,trace_bound_first_divergence_controllability
llama,meta-llama/Meta-Llama-3.1-8B-Instruct,880121,r4_llama_domain_repaired_locked_scale_first_divergence,shard_24_block_00,24,wrong_payload,protected,False,False,10100101,01011010,False,True,8,8,False,False,True,0,0,trace_bound_first_divergence_controllability
llama,meta-llama/Meta-Llama-3.1-8B-Instruct,880121,r4_llama_domain_repaired_locked_scale_first_divergence,shard_25_block_00,25,protected,protected,True,True,10100101,10100101,True,True,8,8,False,False,True,0,0,trace_bound_first_divergence_controllability
llama,meta-llama/Meta-Llama-3.1-8B-Instruct,880121,r4_llama_domain_repaired_locked_scale_first_divergence,shard_25_block_00,25,raw,raw,False,False,0100---1,10100101,False,False,5,8,False,False,True,0,0,trace_bound_first_divergence_controllability
llama,meta-llama/Meta-Llama-3.1-8B-Instruct,880121,r4_llama_domain_repaired_locked_scale_first_divergence,shard_25_block_00,25,task_only,task_only,False,False,--------,10100101,False,False,0,8,False,False,True,0,0,trace_bound_first_divergence_controllability
llama,meta-llama/Meta-Llama-3.1-8B-Instruct,880121,r4_llama_domain_repaired_locked_scale_first_divergence,shard_25_block_00,25,wrong_key,protected,False,False,10100101,01110011,False,True,8,8,False,False,True,0,0,trace_bound_first_divergence_controllability
llama,meta-llama/Meta-Llama-3.1-8B-Instruct,880121,r4_llama_domain_repaired_locked_scale_first_divergence,shard_25_block_00,25,wrong_payload,protected,False,False,10100101,01011010,False,True,8,8,False,False,True,0,0,trace_bound_first_divergence_controllability
llama,meta-llama/Meta-Llama-3.1-8B-Instruct,880121,r4_llama_domain_repaired_locked_scale_first_divergence,shard_26_block_00,26,protected,protected,True,True,10100101,10100101,True,True,8,8,False,False,True,0,0,trace_bound_first_divergence_controllability
llama,meta-llama/Meta-Llama-3.1-8B-Instruct,880121,r4_llama_domain_repaired_locked_scale_first_divergence,shard_26_block_00,26,raw,raw,False,False,0100-111,10100101,False,False,7,8,False,False,True,0,0,trace_bound_first_divergence_controllability
llama,meta-llama/Meta-Llama-3.1-8B-Instruct,880121,r4_llama_domain_repaired_locked_scale_first_divergence,shard_26_block_00,26,task_only,task_only,False,False,--------,10100101,False,False,0,8,False,False,True,0,0,trace_bound_first_divergence_controllability
llama,meta-llama/Meta-Llama-3.1-8B-Instruct,880121,r4_llama_domain_repaired_locked_scale_first_divergence,shard_26_block_00,26,wrong_key,protected,False,False,10100101,01110011,False,True,8,8,False,False,True,0,0,trace_bound_first_divergence_controllability
llama,meta-llama/Meta-Llama-3.1-8B-Instruct,880121,r4_llama_domain_repaired_locked_scale_first_divergence,shard_26_block_00,26,wrong_payload,protected,False,False,10100101,01011010,False,True,8,8,False,False,True,0,0,trace_bound_first_divergence_controllability
llama,meta-llama/Meta-Llama-3.1-8B-Instruct,880121,r4_llama_domain_repaired_locked_scale_first_divergence,shard_27_block_00,27,protected,protected,True,True,10100101,10100101,True,True,8,8,False,False,True,0,0,trace_bound_first_divergence_controllability
llama,meta-llama/Meta-Llama-3.1-8B-Instruct,880121,r4_llama_domain_repaired_locked_scale_first_divergence,shard_27_block_00,27,raw,raw,False,False,11100011,10100101,False,False,8,8,False,False,True,0,0,trace_bound_first_divergence_controllability
llama,meta-llama/Meta-Llama-3.1-8B-Instruct,880121,r4_llama_domain_repaired_locked_scale_first_divergence,shard_27_block_00,27,task_only,task_only,False,False,--------,10100101,False,False,0,8,False,False,True,0,0,trace_bound_first_divergence_controllability
llama,meta-llama/Meta-Llama-3.1-8B-Instruct,880121,r4_llama_domain_repaired_locked_scale_first_divergence,shard_27_block_00,27,wrong_key,protected,False,False,10100101,01110011,False,True,8,8,False,False,True,0,0,trace_bound_first_divergence_controllability
llama,meta-llama/Meta-Llama-3.1-8B-Instruct,880121,r4_llama_domain_repaired_locked_scale_first_divergence,shard_27_block_00,27,wrong_payload,protected,False,False,10100101,01011010,False,True,8,8,False,False,True,0,0,trace_bound_first_divergence_controllability
llama,meta-llama/Meta-Llama-3.1-8B-Instruct,880121,r4_llama_domain_repaired_locked_scale_first_divergence,shard_28_block_00,28,protected,protected,True,True,10100101,10100101,True,True,8,8,False,False,True,0,0,trace_bound_first_divergence_controllability
llama,meta-llama/Meta-Llama-3.1-8B-Instruct,880121,r4_llama_domain_repaired_locked_scale_first_divergence,shard_28_block_00,28,raw,raw,False,False,-1100111,10100101,False,False,7,8,False,False,True,0,0,trace_bound_first_divergence_controllability
llama,meta-llama/Meta-Llama-3.1-8B-Instruct,880121,r4_llama_domain_repaired_locked_scale_first_divergence,shard_28_block_00,28,task_only,task_only,False,False,--------,10100101,False,False,0,8,False,False,True,0,0,trace_bound_first_divergence_controllability
llama,meta-llama/Meta-Llama-3.1-8B-Instruct,880121,r4_llama_domain_repaired_locked_scale_first_divergence,shard_28_block_00,28,wrong_key,protected,False,False,10100101,01110011,False,True,8,8,False,False,True,0,0,trace_bound_first_divergence_controllability
llama,meta-llama/Meta-Llama-3.1-8B-Instruct,880121,r4_llama_domain_repaired_locked_scale_first_divergence,shard_28_block_00,28,wrong_payload,protected,False,False,10100101,01011010,False,True,8,8,False,False,True,0,0,trace_bound_first_divergence_controllability
llama,meta-llama/Meta-Llama-3.1-8B-Instruct,880121,r4_llama_domain_repaired_locked_scale_first_divergence,shard_29_block_00,29,protected,protected,True,True,10100101,10100101,True,True,8,8,False,False,True,0,0,trace_bound_first_divergence_controllability
llama,meta-llama/Meta-Llama-3.1-8B-Instruct,880121,r4_llama_domain_repaired_locked_scale_first_divergence,shard_29_block_00,29,raw,raw,False,False,11100-11,10100101,False,False,7,8,False,False,True,0,0,trace_bound_first_divergence_controllability
llama,meta-llama/Meta-Llama-3.1-8B-Instruct,880121,r4_llama_domain_repaired_locked_scale_first_divergence,shard_29_block_00,29,task_only,task_only,False,False,--------,10100101,False,False,0,8,False,False,True,0,0,trace_bound_first_divergence_controllability
llama,meta-llama/Meta-Llama-3.1-8B-Instruct,880121,r4_llama_domain_repaired_locked_scale_first_divergence,shard_29_block_00,29,wrong_key,protected,False,False,10100101,01110011,False,True,8,8,False,False,True,0,0,trace_bound_first_divergence_controllability
llama,meta-llama/Meta-Llama-3.1-8B-Instruct,880121,r4_llama_domain_repaired_locked_scale_first_divergence,shard_29_block_00,29,wrong_payload,protected,False,False,10100101,01011010,False,True,8,8,False,False,True,0,0,trace_bound_first_divergence_controllability
llama,meta-llama/Meta-Llama-3.1-8B-Instruct,880121,r4_llama_domain_repaired_locked_scale_first_divergence,shard_30_block_00,30,protected,protected,True,True,10100101,10100101,True,True,8,8,False,False,True,0,0,trace_bound_first_divergence_controllability
llama,meta-llama/Meta-Llama-3.1-8B-Instruct,880121,r4_llama_domain_repaired_locked_scale_first_divergence,shard_30_block_00,30,raw,raw,False,False,11100111,10100101,False,False,8,8,False,False,True,0,0,trace_bound_first_divergence_controllability
llama,meta-llama/Meta-Llama-3.1-8B-Instruct,880121,r4_llama_domain_repaired_locked_scale_first_divergence,shard_30_block_00,30,task_only,task_only,False,False,--------,10100101,False,False,0,8,False,False,True,0,0,trace_bound_first_divergence_controllability
llama,meta-llama/Meta-Llama-3.1-8B-Instruct,880121,r4_llama_domain_repaired_locked_scale_first_divergence,shard_30_block_00,30,wrong_key,protected,False,False,10100101,01110011,False,True,8,8,False,False,True,0,0,trace_bound_first_divergence_controllability
llama,meta-llama/Meta-Llama-3.1-8B-Instruct,880121,r4_llama_domain_repaired_locked_scale_first_divergence,shard_30_block_00,30,wrong_payload,protected,False,False,10100101,01011010,False,True,8,8,False,False,True,0,0,trace_bound_first_divergence_controllability
llama,meta-llama/Meta-Llama-3.1-8B-Instruct,880121,r4_llama_domain_repaired_locked_scale_first_divergence,shard_31_block_00,31,protected,protected,True,True,10100101,10100101,True,True,8,8,False,False,True,0,0,trace_bound_first_divergence_controllability
llama,meta-llama/Meta-Llama-3.1-8B-Instruct,880121,r4_llama_domain_repaired_locked_scale_first_divergence,shard_31_block_00,31,raw,raw,False,False,11000011,10100101,False,True,8,8,False,False,True,0,0,trace_bound_first_divergence_controllability
llama,meta-llama/Meta-Llama-3.1-8B-Instruct,880121,r4_llama_domain_repaired_locked_scale_first_divergence,shard_31_block_00,31,task_only,task_only,False,False,--------,10100101,False,False,0,8,False,False,True,0,0,trace_bound_first_divergence_controllability
llama,meta-llama/Meta-Llama-3.1-8B-Instruct,880121,r4_llama_domain_repaired_locked_scale_first_divergence,shard_31_block_00,31,wrong_key,protected,False,False,10100101,01110011,False,True,8,8,False,False,True,0,0,trace_bound_first_divergence_controllability
llama,meta-llama/Meta-Llama-3.1-8B-Instruct,880121,r4_llama_domain_repaired_locked_scale_first_divergence,shard_31_block_00,31,wrong_payload,protected,False,False,10100101,01011010,False,True,8,8,False,False,True,0,0,trace_bound_first_divergence_controllability
llama,meta-llama/Meta-Llama-3.1-8B-Instruct,880121,r4_llama_domain_repaired_locked_scale_first_divergence,shard_32_block_00,32,protected,protected,True,True,10100101,10100101,True,True,8,8,False,False,True,0,0,trace_bound_first_divergence_controllability
llama,meta-llama/Meta-Llama-3.1-8B-Instruct,880121,r4_llama_domain_repaired_locked_scale_first_divergence,shard_32_block_00,32,raw,raw,False,False,11-0001-,10100101,False,False,6,8,False,False,True,0,0,trace_bound_first_divergence_controllability
llama,meta-llama/Meta-Llama-3.1-8B-Instruct,880121,r4_llama_domain_repaired_locked_scale_first_divergence,shard_32_block_00,32,task_only,task_only,False,False,--------,10100101,False,False,0,8,False,False,True,0,0,trace_bound_first_divergence_controllability
llama,meta-llama/Meta-Llama-3.1-8B-Instruct,880121,r4_llama_domain_repaired_locked_scale_first_divergence,shard_32_block_00,32,wrong_key,protected,False,False,10100101,01110011,False,True,8,8,False,False,True,0,0,trace_bound_first_divergence_controllability
llama,meta-llama/Meta-Llama-3.1-8B-Instruct,880121,r4_llama_domain_repaired_locked_scale_first_divergence,shard_32_block_00,32,wrong_payload,protected,False,False,10100101,01011010,False,True,8,8,False,False,True,0,0,trace_bound_first_divergence_controllability
llama,meta-llama/Meta-Llama-3.1-8B-Instruct,880121,r4_llama_domain_repaired_locked_scale_first_divergence,shard_33_block_00,33,protected,protected,True,True,10100101,10100101,True,True,8,8,False,False,True,0,0,trace_bound_first_divergence_controllability
llama,meta-llama/Meta-Llama-3.1-8B-Instruct,880121,r4_llama_domain_repaired_locked_scale_first_divergence,shard_33_block_00,33,raw,raw,False,False,01-0-0--,10100101,False,False,4,8,False,False,True,0,0,trace_bound_first_divergence_controllability
llama,meta-llama/Meta-Llama-3.1-8B-Instruct,880121,r4_llama_domain_repaired_locked_scale_first_divergence,shard_33_block_00,33,task_only,task_only,False,False,--------,10100101,False,False,0,8,False,False,True,0,0,trace_bound_first_divergence_controllability
llama,meta-llama/Meta-Llama-3.1-8B-Instruct,880121,r4_llama_domain_repaired_locked_scale_first_divergence,shard_33_block_00,33,wrong_key,protected,False,False,10100101,01110011,False,True,8,8,False,False,True,0,0,trace_bound_first_divergence_controllability
llama,meta-llama/Meta-Llama-3.1-8B-Instruct,880121,r4_llama_domain_repaired_locked_scale_first_divergence,shard_33_block_00,33,wrong_payload,protected,False,False,10100101,01011010,False,True,8,8,False,False,True,0,0,trace_bound_first_divergence_controllability
llama,meta-llama/Meta-Llama-3.1-8B-Instruct,880121,r4_llama_domain_repaired_locked_scale_first_divergence,shard_34_block_00,34,protected,protected,True,True,10100101,10100101,True,True,8,8,False,False,True,0,0,trace_bound_first_divergence_controllability
llama,meta-llama/Meta-Llama-3.1-8B-Instruct,880121,r4_llama_domain_repaired_locked_scale_first_divergence,shard_34_block_00,34,raw,raw,False,False,11100111,10100101,False,False,8,8,False,False,True,0,0,trace_bound_first_divergence_controllability
llama,meta-llama/Meta-Llama-3.1-8B-Instruct,880121,r4_llama_domain_repaired_locked_scale_first_divergence,shard_34_block_00,34,task_only,task_only,False,False,--------,10100101,False,False,0,8,False,False,True,0,0,trace_bound_first_divergence_controllability
llama,meta-llama/Meta-Llama-3.1-8B-Instruct,880121,r4_llama_domain_repaired_locked_scale_first_divergence,shard_34_block_00,34,wrong_key,protected,False,False,10100101,01110011,False,True,8,8,False,False,True,0,0,trace_bound_first_divergence_controllability
llama,meta-llama/Meta-Llama-3.1-8B-Instruct,880121,r4_llama_domain_repaired_locked_scale_first_divergence,shard_34_block_00,34,wrong_payload,protected,False,False,10100101,01011010,False,True,8,8,False,False,True,0,0,trace_bound_first_divergence_controllability
llama,meta-llama/Meta-Llama-3.1-8B-Instruct,880121,r4_llama_domain_repaired_locked_scale_first_divergence,shard_35_block_00,35,protected,protected,True,True,10100101,10100101,True,True,8,8,False,False,True,0,0,trace_bound_first_divergence_controllability
llama,meta-llama/Meta-Llama-3.1-8B-Instruct,880121,r4_llama_domain_repaired_locked_scale_first_divergence,shard_35_block_00,35,raw,raw,False,False,01000101,10100101,False,False,8,8,False,False,True,0,0,trace_bound_first_divergence_controllability
llama,meta-llama/Meta-Llama-3.1-8B-Instruct,880121,r4_llama_domain_repaired_locked_scale_first_divergence,shard_35_block_00,35,task_only,task_only,False,False,--------,10100101,False,False,0,8,False,False,True,0,0,trace_bound_first_divergence_controllability
llama,meta-llama/Meta-Llama-3.1-8B-Instruct,880121,r4_llama_domain_repaired_locked_scale_first_divergence,shard_35_block_00,35,wrong_key,protected,False,False,10100101,01110011,False,True,8,8,False,False,True,0,0,trace_bound_first_divergence_controllability
llama,meta-llama/Meta-Llama-3.1-8B-Instruct,880121,r4_llama_domain_repaired_locked_scale_first_divergence,shard_35_block_00,35,wrong_payload,protected,False,False,10100101,01011010,False,True,8,8,False,False,True,0,0,trace_bound_first_divergence_controllability
llama,meta-llama/Meta-Llama-3.1-8B-Instruct,880121,r4_llama_domain_repaired_locked_scale_first_divergence,shard_36_block_00,36,protected,protected,True,True,10100101,10100101,True,True,8,8,False,False,True,0,0,trace_bound_first_divergence_controllability
llama,meta-llama/Meta-Llama-3.1-8B-Instruct,880121,r4_llama_domain_repaired_locked_scale_first_divergence,shard_36_block_00,36,raw,raw,False,False,-1-0--11,10100101,False,False,4,8,False,False,True,0,0,trace_bound_first_divergence_controllability
llama,meta-llama/Meta-Llama-3.1-8B-Instruct,880121,r4_llama_domain_repaired_locked_scale_first_divergence,shard_36_block_00,36,task_only,task_only,False,False,--------,10100101,False,False,0,8,False,False,True,0,0,trace_bound_first_divergence_controllability
llama,meta-llama/Meta-Llama-3.1-8B-Instruct,880121,r4_llama_domain_repaired_locked_scale_first_divergence,shard_36_block_00,36,wrong_key,protected,False,False,10100101,01110011,False,True,8,8,False,False,True,0,0,trace_bound_first_divergence_controllability
llama,meta-llama/Meta-Llama-3.1-8B-Instruct,880121,r4_llama_domain_repaired_locked_scale_first_divergence,shard_36_block_00,36,wrong_payload,protected,False,False,10100101,01011010,False,True,8,8,False,False,True,0,0,trace_bound_first_divergence_controllability
llama,meta-llama/Meta-Llama-3.1-8B-Instruct,880121,r4_llama_domain_repaired_locked_scale_first_divergence,shard_37_block_00,37,protected,protected,True,True,10100101,10100101,True,True,8,8,False,False,True,0,0,trace_bound_first_divergence_controllability
llama,meta-llama/Meta-Llama-3.1-8B-Instruct,880121,r4_llama_domain_repaired_locked_scale_first_divergence,shard_37_block_00,37,raw,raw,False,False,01-0-1--,10100101,False,False,4,8,False,False,True,0,0,trace_bound_first_divergence_controllability
llama,meta-llama/Meta-Llama-3.1-8B-Instruct,880121,r4_llama_domain_repaired_locked_scale_first_divergence,shard_37_block_00,37,task_only,task_only,False,False,--------,10100101,False,False,0,8,False,False,True,0,0,trace_bound_first_divergence_controllability
llama,meta-llama/Meta-Llama-3.1-8B-Instruct,880121,r4_llama_domain_repaired_locked_scale_first_divergence,shard_37_block_00,37,wrong_key,protected,False,False,10100101,01110011,False,True,8,8,False,False,True,0,0,trace_bound_first_divergence_controllability
llama,meta-llama/Meta-Llama-3.1-8B-Instruct,880121,r4_llama_domain_repaired_locked_scale_first_divergence,shard_37_block_00,37,wrong_payload,protected,False,False,10100101,01011010,False,True,8,8,False,False,True,0,0,trace_bound_first_divergence_controllability
llama,meta-llama/Meta-Llama-3.1-8B-Instruct,880121,r4_llama_domain_repaired_locked_scale_first_divergence,shard_38_block_00,38,protected,protected,True,True,10100101,10100101,True,True,8,8,False,False,True,0,0,trace_bound_first_divergence_controllability
llama,meta-llama/Meta-Llama-3.1-8B-Instruct,880121,r4_llama_domain_repaired_locked_scale_first_divergence,shard_38_block_00,38,raw,raw,False,False,011001-1,10100101,False,False,7,8,False,False,True,0,0,trace_bound_first_divergence_controllability
llama,meta-llama/Meta-Llama-3.1-8B-Instruct,880121,r4_llama_domain_repaired_locked_scale_first_divergence,shard_38_block_00,38,task_only,task_only,False,False,--------,10100101,False,False,0,8,False,False,True,0,0,trace_bound_first_divergence_controllability
llama,meta-llama/Meta-Llama-3.1-8B-Instruct,880121,r4_llama_domain_repaired_locked_scale_first_divergence,shard_38_block_00,38,wrong_key,protected,False,False,10100101,01110011,False,True,8,8,False,False,True,0,0,trace_bound_first_divergence_controllability
llama,meta-llama/Meta-Llama-3.1-8B-Instruct,880121,r4_llama_domain_repaired_locked_scale_first_divergence,shard_38_block_00,38,wrong_payload,protected,False,False,10100101,01011010,False,True,8,8,False,False,True,0,0,trace_bound_first_divergence_controllability
llama,meta-llama/Meta-Llama-3.1-8B-Instruct,880121,r4_llama_domain_repaired_locked_scale_first_divergence,shard_39_block_00,39,protected,protected,True,True,10100101,10100101,True,True,8,8,False,False,True,0,0,trace_bound_first_divergence_controllability
llama,meta-llama/Meta-Llama-3.1-8B-Instruct,880121,r4_llama_domain_repaired_locked_scale_first_divergence,shard_39_block_00,39,raw,raw,False,False,01-00111,10100101,False,False,7,8,False,False,True,0,0,trace_bound_first_divergence_controllability
llama,meta-llama/Meta-Llama-3.1-8B-Instruct,880121,r4_llama_domain_repaired_locked_scale_first_divergence,shard_39_block_00,39,task_only,task_only,False,False,--------,10100101,False,False,0,8,False,False,True,0,0,trace_bound_first_divergence_controllability
llama,meta-llama/Meta-Llama-3.1-8B-Instruct,880121,r4_llama_domain_repaired_locked_scale_first_divergence,shard_39_block_00,39,wrong_key,protected,False,False,10100101,01110011,False,True,8,8,False,False,True,0,0,trace_bound_first_divergence_controllability
llama,meta-llama/Meta-Llama-3.1-8B-Instruct,880121,r4_llama_domain_repaired_locked_scale_first_divergence,shard_39_block_00,39,wrong_payload,protected,False,False,10100101,01011010,False,True,8,8,False,False,True,0,0,trace_bound_first_divergence_controllability
llama,meta-llama/Meta-Llama-3.1-8B-Instruct,880121,r4_llama_domain_repaired_locked_scale_first_divergence,shard_40_block_00,40,protected,protected,True,True,10100101,10100101,True,True,8,8,False,False,True,0,0,trace_bound_first_divergence_controllability
llama,meta-llama/Meta-Llama-3.1-8B-Instruct,880121,r4_llama_domain_repaired_locked_scale_first_divergence,shard_40_block_00,40,raw,raw,False,False,01000011,10100101,False,False,8,8,False,False,True,0,0,trace_bound_first_divergence_controllability
llama,meta-llama/Meta-Llama-3.1-8B-Instruct,880121,r4_llama_domain_repaired_locked_scale_first_divergence,shard_40_block_00,40,task_only,task_only,False,False,--------,10100101,False,False,0,8,False,False,True,0,0,trace_bound_first_divergence_controllability
llama,meta-llama/Meta-Llama-3.1-8B-Instruct,880121,r4_llama_domain_repaired_locked_scale_first_divergence,shard_40_block_00,40,wrong_key,protected,False,False,10100101,01110011,False,True,8,8,False,False,True,0,0,trace_bound_first_divergence_controllability
llama,meta-llama/Meta-Llama-3.1-8B-Instruct,880121,r4_llama_domain_repaired_locked_scale_first_divergence,shard_40_block_00,40,wrong_payload,protected,False,False,10100101,01011010,False,True,8,8,False,False,True,0,0,trace_bound_first_divergence_controllability
llama,meta-llama/Meta-Llama-3.1-8B-Instruct,880121,r4_llama_domain_repaired_locked_scale_first_divergence,shard_41_block_00,41,protected,protected,True,True,10100101,10100101,True,True,8,8,False,False,True,0,0,trace_bound_first_divergence_controllability
llama,meta-llama/Meta-Llama-3.1-8B-Instruct,880121,r4_llama_domain_repaired_locked_scale_first_divergence,shard_41_block_00,41,raw,raw,False,False,--100111,10100101,False,False,6,8,False,False,True,0,0,trace_bound_first_divergence_controllability
llama,meta-llama/Meta-Llama-3.1-8B-Instruct,880121,r4_llama_domain_repaired_locked_scale_first_divergence,shard_41_block_00,41,task_only,task_only,False,False,--------,10100101,False,False,0,8,False,False,True,0,0,trace_bound_first_divergence_controllability
llama,meta-llama/Meta-Llama-3.1-8B-Instruct,880121,r4_llama_domain_repaired_locked_scale_first_divergence,shard_41_block_00,41,wrong_key,protected,False,False,10100101,01110011,False,True,8,8,False,False,True,0,0,trace_bound_first_divergence_controllability
llama,meta-llama/Meta-Llama-3.1-8B-Instruct,880121,r4_llama_domain_repaired_locked_scale_first_divergence,shard_41_block_00,41,wrong_payload,protected,False,False,10100101,01011010,False,True,8,8,False,False,True,0,0,trace_bound_first_divergence_controllability
llama,meta-llama/Meta-Llama-3.1-8B-Instruct,880121,r4_llama_domain_repaired_locked_scale_first_divergence,shard_42_block_00,42,protected,protected,True,True,10100101,10100101,True,True,8,8,False,False,True,0,0,trace_bound_first_divergence_controllability
llama,meta-llama/Meta-Llama-3.1-8B-Instruct,880121,r4_llama_domain_repaired_locked_scale_first_divergence,shard_42_block_00,42,raw,raw,False,False,-1--0-11,10100101,False,False,4,8,False,False,True,0,0,trace_bound_first_divergence_controllability
llama,meta-llama/Meta-Llama-3.1-8B-Instruct,880121,r4_llama_domain_repaired_locked_scale_first_divergence,shard_42_block_00,42,task_only,task_only,False,False,--------,10100101,False,False,0,8,False,False,True,0,0,trace_bound_first_divergence_controllability
llama,meta-llama/Meta-Llama-3.1-8B-Instruct,880121,r4_llama_domain_repaired_locked_scale_first_divergence,shard_42_block_00,42,wrong_key,protected,False,False,10100101,01110011,False,True,8,8,False,False,True,0,0,trace_bound_first_divergence_controllability
llama,meta-llama/Meta-Llama-3.1-8B-Instruct,880121,r4_llama_domain_repaired_locked_scale_first_divergence,shard_42_block_00,42,wrong_payload,protected,False,False,10100101,01011010,False,True,8,8,False,False,True,0,0,trace_bound_first_divergence_controllability
llama,meta-llama/Meta-Llama-3.1-8B-Instruct,880121,r4_llama_domain_repaired_locked_scale_first_divergence,shard_43_block_00,43,protected,protected,True,True,10100101,10100101,True,True,8,8,False,False,True,0,0,trace_bound_first_divergence_controllability
llama,meta-llama/Meta-Llama-3.1-8B-Instruct,880121,r4_llama_domain_repaired_locked_scale_first_divergence,shard_43_block_00,43,raw,raw,False,False,111-0-11,10100101,False,False,6,8,False,False,True,0,0,trace_bound_first_divergence_controllability
llama,meta-llama/Meta-Llama-3.1-8B-Instruct,880121,r4_llama_domain_repaired_locked_scale_first_divergence,shard_43_block_00,43,task_only,task_only,False,False,--------,10100101,False,False,0,8,False,False,True,0,0,trace_bound_first_divergence_controllability
llama,meta-llama/Meta-Llama-3.1-8B-Instruct,880121,r4_llama_domain_repaired_locked_scale_first_divergence,shard_43_block_00,43,wrong_key,protected,False,False,10100101,01110011,False,True,8,8,False,False,True,0,0,trace_bound_first_divergence_controllability
llama,meta-llama/Meta-Llama-3.1-8B-Instruct,880121,r4_llama_domain_repaired_locked_scale_first_divergence,shard_43_block_00,43,wrong_payload,protected,False,False,10100101,01011010,False,True,8,8,False,False,True,0,0,trace_bound_first_divergence_controllability
llama,meta-llama/Meta-Llama-3.1-8B-Instruct,880121,r4_llama_domain_repaired_locked_scale_first_divergence,shard_44_block_00,44,protected,protected,True,True,10100101,10100101,True,True,8,8,False,False,True,0,0,trace_bound_first_divergence_controllability
llama,meta-llama/Meta-Llama-3.1-8B-Instruct,880121,r4_llama_domain_repaired_locked_scale_first_divergence,shard_44_block_00,44,raw,raw,False,False,010100-1,10100101,False,False,7,8,False,False,True,0,0,trace_bound_first_divergence_controllability
llama,meta-llama/Meta-Llama-3.1-8B-Instruct,880121,r4_llama_domain_repaired_locked_scale_first_divergence,shard_44_block_00,44,task_only,task_only,False,False,--------,10100101,False,False,0,8,False,False,True,0,0,trace_bound_first_divergence_controllability
llama,meta-llama/Meta-Llama-3.1-8B-Instruct,880121,r4_llama_domain_repaired_locked_scale_first_divergence,shard_44_block_00,44,wrong_key,protected,False,False,10100101,01110011,False,True,8,8,False,False,True,0,0,trace_bound_first_divergence_controllability
llama,meta-llama/Meta-Llama-3.1-8B-Instruct,880121,r4_llama_domain_repaired_locked_scale_first_divergence,shard_44_block_00,44,wrong_payload,protected,False,False,10100101,01011010,False,True,8,8,False,False,True,0,0,trace_bound_first_divergence_controllability
llama,meta-llama/Meta-Llama-3.1-8B-Instruct,880121,r4_llama_domain_repaired_locked_scale_first_divergence,shard_45_block_00,45,protected,protected,True,True,10100101,10100101,True,True,8,8,False,False,True,0,0,trace_bound_first_divergence_controllability
llama,meta-llama/Meta-Llama-3.1-8B-Instruct,880121,r4_llama_domain_repaired_locked_scale_first_divergence,shard_45_block_00,45,raw,raw,False,False,--10-111,10100101,False,False,5,8,False,False,True,0,0,trace_bound_first_divergence_controllability
llama,meta-llama/Meta-Llama-3.1-8B-Instruct,880121,r4_llama_domain_repaired_locked_scale_first_divergence,shard_45_block_00,45,task_only,task_only,False,False,--------,10100101,False,False,0,8,False,False,True,0,0,trace_bound_first_divergence_controllability
llama,meta-llama/Meta-Llama-3.1-8B-Instruct,880121,r4_llama_domain_repaired_locked_scale_first_divergence,shard_45_block_00,45,wrong_key,protected,False,False,10100101,01110011,False,True,8,8,False,False,True,0,0,trace_bound_first_divergence_controllability
llama,meta-llama/Meta-Llama-3.1-8B-Instruct,880121,r4_llama_domain_repaired_locked_scale_first_divergence,shard_45_block_00,45,wrong_payload,protected,False,False,10100101,01011010,False,True,8,8,False,False,True,0,0,trace_bound_first_divergence_controllability
llama,meta-llama/Meta-Llama-3.1-8B-Instruct,880121,r4_llama_domain_repaired_locked_scale_first_divergence,shard_46_block_00,46,protected,protected,True,True,10100101,10100101,True,True,8,8,False,False,True,0,0,trace_bound_first_divergence_controllability
llama,meta-llama/Meta-Llama-3.1-8B-Instruct,880121,r4_llama_domain_repaired_locked_scale_first_divergence,shard_46_block_00,46,raw,raw,False,False,01-0-0-1,10100101,False,False,5,8,False,False,True,0,0,trace_bound_first_divergence_controllability
llama,meta-llama/Meta-Llama-3.1-8B-Instruct,880121,r4_llama_domain_repaired_locked_scale_first_divergence,shard_46_block_00,46,task_only,task_only,False,False,--------,10100101,False,False,0,8,False,False,True,0,0,trace_bound_first_divergence_controllability
llama,meta-llama/Meta-Llama-3.1-8B-Instruct,880121,r4_llama_domain_repaired_locked_scale_first_divergence,shard_46_block_00,46,wrong_key,protected,False,False,10100101,01110011,False,True,8,8,False,False,True,0,0,trace_bound_first_divergence_controllability
llama,meta-llama/Meta-Llama-3.1-8B-Instruct,880121,r4_llama_domain_repaired_locked_scale_first_divergence,shard_46_block_00,46,wrong_payload,protected,False,False,10100101,01011010,False,True,8,8,False,False,True,0,0,trace_bound_first_divergence_controllability
llama,meta-llama/Meta-Llama-3.1-8B-Instruct,880121,r4_llama_domain_repaired_locked_scale_first_divergence,shard_47_block_00,47,protected,protected,True,True,10100101,10100101,True,True,8,8,False,False,True,0,0,trace_bound_first_divergence_controllability
llama,meta-llama/Meta-Llama-3.1-8B-Instruct,880121,r4_llama_domain_repaired_locked_scale_first_divergence,shard_47_block_00,47,raw,raw,False,False,0-1-01-1,10100101,False,False,5,8,False,False,True,0,0,trace_bound_first_divergence_controllability
llama,meta-llama/Meta-Llama-3.1-8B-Instruct,880121,r4_llama_domain_repaired_locked_scale_first_divergence,shard_47_block_00,47,task_only,task_only,False,False,--------,10100101,False,False,0,8,False,False,True,0,0,trace_bound_first_divergence_controllability
llama,meta-llama/Meta-Llama-3.1-8B-Instruct,880121,r4_llama_domain_repaired_locked_scale_first_divergence,shard_47_block_00,47,wrong_key,protected,False,False,10100101,01110011,False,True,8,8,False,False,True,0,0,trace_bound_first_divergence_controllability
llama,meta-llama/Meta-Llama-3.1-8B-Instruct,880121,r4_llama_domain_repaired_locked_scale_first_divergence,shard_47_block_00,47,wrong_payload,protected,False,False,10100101,01011010,False,True,8,8,False,False,True,0,0,trace_bound_first_divergence_controllability
llama,meta-llama/Meta-Llama-3.1-8B-Instruct,880121,r4_llama_domain_repaired_locked_scale_first_divergence,shard_48_block_00,48,protected,protected,True,True,10100101,10100101,True,True,8,8,False,False,True,0,0,trace_bound_first_divergence_controllability
llama,meta-llama/Meta-Llama-3.1-8B-Instruct,880121,r4_llama_domain_repaired_locked_scale_first_divergence,shard_48_block_00,48,raw,raw,False,False,11-00011,10100101,False,False,7,8,False,False,True,0,0,trace_bound_first_divergence_controllability
llama,meta-llama/Meta-Llama-3.1-8B-Instruct,880121,r4_llama_domain_repaired_locked_scale_first_divergence,shard_48_block_00,48,task_only,task_only,False,False,--------,10100101,False,False,0,8,False,False,True,0,0,trace_bound_first_divergence_controllability
llama,meta-llama/Meta-Llama-3.1-8B-Instruct,880121,r4_llama_domain_repaired_locked_scale_first_divergence,shard_48_block_00,48,wrong_key,protected,False,False,10100101,01110011,False,True,8,8,False,False,True,0,0,trace_bound_first_divergence_controllability
llama,meta-llama/Meta-Llama-3.1-8B-Instruct,880121,r4_llama_domain_repaired_locked_scale_first_divergence,shard_48_block_00,48,wrong_payload,protected,False,False,10100101,01011010,False,True,8,8,False,False,True,0,0,trace_bound_first_divergence_controllability
llama,meta-llama/Meta-Llama-3.1-8B-Instruct,880121,r4_llama_domain_repaired_locked_scale_first_divergence,shard_49_block_00,49,protected,protected,True,True,10100101,10100101,True,True,8,8,False,False,True,0,0,trace_bound_first_divergence_controllability
llama,meta-llama/Meta-Llama-3.1-8B-Instruct,880121,r4_llama_domain_repaired_locked_scale_first_divergence,shard_49_block_00,49,raw,raw,False,False,111-0011,10100101,False,False,7,8,False,False,True,0,0,trace_bound_first_divergence_controllability
llama,meta-llama/Meta-Llama-3.1-8B-Instruct,880121,r4_llama_domain_repaired_locked_scale_first_divergence,shard_49_block_00,49,task_only,task_only,False,False,--------,10100101,False,False,0,8,False,False,True,0,0,trace_bound_first_divergence_controllability
llama,meta-llama/Meta-Llama-3.1-8B-Instruct,880121,r4_llama_domain_repaired_locked_scale_first_divergence,shard_49_block_00,49,wrong_key,protected,False,False,10100101,01110011,False,True,8,8,False,False,True,0,0,trace_bound_first_divergence_controllability
llama,meta-llama/Meta-Llama-3.1-8B-Instruct,880121,r4_llama_domain_repaired_locked_scale_first_divergence,shard_49_block_00,49,wrong_payload,protected,False,False,10100101,01011010,False,True,8,8,False,False,True,0,0,trace_bound_first_divergence_controllability
llama,meta-llama/Meta-Llama-3.1-8B-Instruct,880121,r4_llama_domain_repaired_locked_scale_first_divergence,shard_50_block_00,50,protected,protected,True,True,10100101,10100101,True,True,8,8,False,False,True,0,0,trace_bound_first_divergence_controllability
llama,meta-llama/Meta-Llama-3.1-8B-Instruct,880121,r4_llama_domain_repaired_locked_scale_first_divergence,shard_50_block_00,50,raw,raw,False,False,11100111,10100101,False,False,8,8,False,False,True,0,0,trace_bound_first_divergence_controllability
llama,meta-llama/Meta-Llama-3.1-8B-Instruct,880121,r4_llama_domain_repaired_locked_scale_first_divergence,shard_50_block_00,50,task_only,task_only,False,False,--------,10100101,False,False,0,8,False,False,True,0,0,trace_bound_first_divergence_controllability
llama,meta-llama/Meta-Llama-3.1-8B-Instruct,880121,r4_llama_domain_repaired_locked_scale_first_divergence,shard_50_block_00,50,wrong_key,protected,False,False,10100101,01110011,False,True,8,8,False,False,True,0,0,trace_bound_first_divergence_controllability
llama,meta-llama/Meta-Llama-3.1-8B-Instruct,880121,r4_llama_domain_repaired_locked_scale_first_divergence,shard_50_block_00,50,wrong_payload,protected,False,False,10100101,01011010,False,True,8,8,False,False,True,0,0,trace_bound_first_divergence_controllability
llama,meta-llama/Meta-Llama-3.1-8B-Instruct,880121,r4_llama_domain_repaired_locked_scale_first_divergence,shard_51_block_00,51,protected,protected,True,True,10100101,10100101,True,True,8,8,False,False,True,0,0,trace_bound_first_divergence_controllability
llama,meta-llama/Meta-Llama-3.1-8B-Instruct,880121,r4_llama_domain_repaired_locked_scale_first_divergence,shard_51_block_00,51,raw,raw,False,False,1110011-,10100101,False,False,7,8,False,False,True,0,0,trace_bound_first_divergence_controllability
llama,meta-llama/Meta-Llama-3.1-8B-Instruct,880121,r4_llama_domain_repaired_locked_scale_first_divergence,shard_51_block_00,51,task_only,task_only,False,False,--------,10100101,False,False,0,8,False,False,True,0,0,trace_bound_first_divergence_controllability
llama,meta-llama/Meta-Llama-3.1-8B-Instruct,880121,r4_llama_domain_repaired_locked_scale_first_divergence,shard_51_block_00,51,wrong_key,protected,False,False,10100101,01110011,False,True,8,8,False,False,True,0,0,trace_bound_first_divergence_controllability
llama,meta-llama/Meta-Llama-3.1-8B-Instruct,880121,r4_llama_domain_repaired_locked_scale_first_divergence,shard_51_block_00,51,wrong_payload,protected,False,False,10100101,01011010,False,True,8,8,False,False,True,0,0,trace_bound_first_divergence_controllability
llama,meta-llama/Meta-Llama-3.1-8B-Instruct,880121,r4_llama_domain_repaired_locked_scale_first_divergence,shard_52_block_00,52,protected,protected,True,True,10100101,10100101,True,True,8,8,False,False,True,0,0,trace_bound_first_divergence_controllability
llama,meta-llama/Meta-Llama-3.1-8B-Instruct,880121,r4_llama_domain_repaired_locked_scale_first_divergence,shard_52_block_00,52,raw,raw,False,False,111-011-,10100101,False,False,6,8,False,False,True,0,0,trace_bound_first_divergence_controllability
llama,meta-llama/Meta-Llama-3.1-8B-Instruct,880121,r4_llama_domain_repaired_locked_scale_first_divergence,shard_52_block_00,52,task_only,task_only,False,False,--------,10100101,False,False,0,8,False,False,True,0,0,trace_bound_first_divergence_controllability
llama,meta-llama/Meta-Llama-3.1-8B-Instruct,880121,r4_llama_domain_repaired_locked_scale_first_divergence,shard_52_block_00,52,wrong_key,protected,False,False,10100101,01110011,False,True,8,8,False,False,True,0,0,trace_bound_first_divergence_controllability
llama,meta-llama/Meta-Llama-3.1-8B-Instruct,880121,r4_llama_domain_repaired_locked_scale_first_divergence,shard_52_block_00,52,wrong_payload,protected,False,False,10100101,01011010,False,True,8,8,False,False,True,0,0,trace_bound_first_divergence_controllability
llama,meta-llama/Meta-Llama-3.1-8B-Instruct,880121,r4_llama_domain_repaired_locked_scale_first_divergence,shard_53_block_00,53,protected,protected,True,True,10100101,10100101,True,True,8,8,False,False,True,0,0,trace_bound_first_divergence_controllability
llama,meta-llama/Meta-Llama-3.1-8B-Instruct,880121,r4_llama_domain_repaired_locked_scale_first_divergence,shard_53_block_00,53,raw,raw,False,False,01100111,10100101,False,False,8,8,False,False,True,0,0,trace_bound_first_divergence_controllability
llama,meta-llama/Meta-Llama-3.1-8B-Instruct,880121,r4_llama_domain_repaired_locked_scale_first_divergence,shard_53_block_00,53,task_only,task_only,False,False,--------,10100101,False,False,0,8,False,False,True,0,0,trace_bound_first_divergence_controllability
llama,meta-llama/Meta-Llama-3.1-8B-Instruct,880121,r4_llama_domain_repaired_locked_scale_first_divergence,shard_53_block_00,53,wrong_key,protected,False,False,10100101,01110011,False,True,8,8,False,False,True,0,0,trace_bound_first_divergence_controllability
llama,meta-llama/Meta-Llama-3.1-8B-Instruct,880121,r4_llama_domain_repaired_locked_scale_first_divergence,shard_53_block_00,53,wrong_payload,protected,False,False,10100101,01011010,False,True,8,8,False,False,True,0,0,trace_bound_first_divergence_controllability
llama,meta-llama/Meta-Llama-3.1-8B-Instruct,880121,r4_llama_domain_repaired_locked_scale_first_divergence,shard_54_block_00,54,protected,protected,True,True,10100101,10100101,True,True,8,8,False,False,True,0,0,trace_bound_first_divergence_controllability
llama,meta-llama/Meta-Llama-3.1-8B-Instruct,880121,r4_llama_domain_repaired_locked_scale_first_divergence,shard_54_block_00,54,raw,raw,False,False,01-0-0-1,10100101,False,False,5,8,False,False,True,0,0,trace_bound_first_divergence_controllability
llama,meta-llama/Meta-Llama-3.1-8B-Instruct,880121,r4_llama_domain_repaired_locked_scale_first_divergence,shard_54_block_00,54,task_only,task_only,False,False,--------,10100101,False,False,0,8,False,False,True,0,0,trace_bound_first_divergence_controllability
llama,meta-llama/Meta-Llama-3.1-8B-Instruct,880121,r4_llama_domain_repaired_locked_scale_first_divergence,shard_54_block_00,54,wrong_key,protected,False,False,10100101,01110011,False,True,8,8,False,False,True,0,0,trace_bound_first_divergence_controllability
llama,meta-llama/Meta-Llama-3.1-8B-Instruct,880121,r4_llama_domain_repaired_locked_scale_first_divergence,shard_54_block_00,54,wrong_payload,protected,False,False,10100101,01011010,False,True,8,8,False,False,True,0,0,trace_bound_first_divergence_controllability
llama,meta-llama/Meta-Llama-3.1-8B-Instruct,880121,r4_llama_domain_repaired_locked_scale_first_divergence,shard_55_block_00,55,protected,protected,True,True,10100101,10100101,True,True,8,8,False,False,True,0,0,trace_bound_first_divergence_controllability
llama,meta-llama/Meta-Llama-3.1-8B-Instruct,880121,r4_llama_domain_repaired_locked_scale_first_divergence,shard_55_block_00,55,raw,raw,False,False,0110-0-1,10100101,False,False,6,8,False,False,True,0,0,trace_bound_first_divergence_controllability
llama,meta-llama/Meta-Llama-3.1-8B-Instruct,880121,r4_llama_domain_repaired_locked_scale_first_divergence,shard_55_block_00,55,task_only,task_only,False,False,--------,10100101,False,False,0,8,False,False,True,0,0,trace_bound_first_divergence_controllability
llama,meta-llama/Meta-Llama-3.1-8B-Instruct,880121,r4_llama_domain_repaired_locked_scale_first_divergence,shard_55_block_00,55,wrong_key,protected,False,False,10100101,01110011,False,True,8,8,False,False,True,0,0,trace_bound_first_divergence_controllability
llama,meta-llama/Meta-Llama-3.1-8B-Instruct,880121,r4_llama_domain_repaired_locked_scale_first_divergence,shard_55_block_00,55,wrong_payload,protected,False,False,10100101,01011010,False,True,8,8,False,False,True,0,0,trace_bound_first_divergence_controllability
llama,meta-llama/Meta-Llama-3.1-8B-Instruct,880121,r4_llama_domain_repaired_locked_scale_first_divergence,shard_56_block_00,56,protected,protected,True,True,10100101,10100101,True,True,8,8,False,False,True,0,0,trace_bound_first_divergence_controllability
llama,meta-llama/Meta-Llama-3.1-8B-Instruct,880121,r4_llama_domain_repaired_locked_scale_first_divergence,shard_56_block_00,56,raw,raw,False,False,01-000-1,10100101,False,False,6,8,False,False,True,0,0,trace_bound_first_divergence_controllability
llama,meta-llama/Meta-Llama-3.1-8B-Instruct,880121,r4_llama_domain_repaired_locked_scale_first_divergence,shard_56_block_00,56,task_only,task_only,False,False,--------,10100101,False,False,0,8,False,False,True,0,0,trace_bound_first_divergence_controllability
llama,meta-llama/Meta-Llama-3.1-8B-Instruct,880121,r4_llama_domain_repaired_locked_scale_first_divergence,shard_56_block_00,56,wrong_key,protected,False,False,10100101,01110011,False,True,8,8,False,False,True,0,0,trace_bound_first_divergence_controllability
llama,meta-llama/Meta-Llama-3.1-8B-Instruct,880121,r4_llama_domain_repaired_locked_scale_first_divergence,shard_56_block_00,56,wrong_payload,protected,False,False,10100101,01011010,False,True,8,8,False,False,True,0,0,trace_bound_first_divergence_controllability
llama,meta-llama/Meta-Llama-3.1-8B-Instruct,880121,r4_llama_domain_repaired_locked_scale_first_divergence,shard_57_block_00,57,protected,protected,True,True,10100101,10100101,True,True,8,8,False,False,True,0,0,trace_bound_first_divergence_controllability
llama,meta-llama/Meta-Llama-3.1-8B-Instruct,880121,r4_llama_domain_repaired_locked_scale_first_divergence,shard_57_block_00,57,raw,raw,False,False,01100011,10100101,False,False,8,8,False,False,True,0,0,trace_bound_first_divergence_controllability
llama,meta-llama/Meta-Llama-3.1-8B-Instruct,880121,r4_llama_domain_repaired_locked_scale_first_divergence,shard_57_block_00,57,task_only,task_only,False,False,--------,10100101,False,False,0,8,False,False,True,0,0,trace_bound_first_divergence_controllability
llama,meta-llama/Meta-Llama-3.1-8B-Instruct,880121,r4_llama_domain_repaired_locked_scale_first_divergence,shard_57_block_00,57,wrong_key,protected,False,False,10100101,01110011,False,True,8,8,False,False,True,0,0,trace_bound_first_divergence_controllability
llama,meta-llama/Meta-Llama-3.1-8B-Instruct,880121,r4_llama_domain_repaired_locked_scale_first_divergence,shard_57_block_00,57,wrong_payload,protected,False,False,10100101,01011010,False,True,8,8,False,False,True,0,0,trace_bound_first_divergence_controllability
llama,meta-llama/Meta-Llama-3.1-8B-Instruct,880121,r4_llama_domain_repaired_locked_scale_first_divergence,shard_58_block_00,58,protected,protected,True,True,10100101,10100101,True,True,8,8,False,False,True,0,0,trace_bound_first_divergence_controllability
llama,meta-llama/Meta-Llama-3.1-8B-Instruct,880121,r4_llama_domain_repaired_locked_scale_first_divergence,shard_58_block_00,58,raw,raw,False,False,0100-0-1,10100101,False,False,6,8,False,False,True,0,0,trace_bound_first_divergence_controllability
llama,meta-llama/Meta-Llama-3.1-8B-Instruct,880121,r4_llama_domain_repaired_locked_scale_first_divergence,shard_58_block_00,58,task_only,task_only,False,False,--------,10100101,False,False,0,8,False,False,True,0,0,trace_bound_first_divergence_controllability
llama,meta-llama/Meta-Llama-3.1-8B-Instruct,880121,r4_llama_domain_repaired_locked_scale_first_divergence,shard_58_block_00,58,wrong_key,protected,False,False,10100101,01110011,False,True,8,8,False,False,True,0,0,trace_bound_first_divergence_controllability
llama,meta-llama/Meta-Llama-3.1-8B-Instruct,880121,r4_llama_domain_repaired_locked_scale_first_divergence,shard_58_block_00,58,wrong_payload,protected,False,False,10100101,01011010,False,True,8,8,False,False,True,0,0,trace_bound_first_divergence_controllability
llama,meta-llama/Meta-Llama-3.1-8B-Instruct,880121,r4_llama_domain_repaired_locked_scale_first_divergence,shard_59_block_00,59,protected,protected,True,True,10100101,10100101,True,True,8,8,False,False,True,0,0,trace_bound_first_divergence_controllability
llama,meta-llama/Meta-Llama-3.1-8B-Instruct,880121,r4_llama_domain_repaired_locked_scale_first_divergence,shard_59_block_00,59,raw,raw,False,False,01-000-1,10100101,False,False,6,8,False,False,True,0,0,trace_bound_first_divergence_controllability
llama,meta-llama/Meta-Llama-3.1-8B-Instruct,880121,r4_llama_domain_repaired_locked_scale_first_divergence,shard_59_block_00,59,task_only,task_only,False,False,--------,10100101,False,False,0,8,False,False,True,0,0,trace_bound_first_divergence_controllability
llama,meta-llama/Meta-Llama-3.1-8B-Instruct,880121,r4_llama_domain_repaired_locked_scale_first_divergence,shard_59_block_00,59,wrong_key,protected,False,False,10100101,01110011,False,True,8,8,False,False,True,0,0,trace_bound_first_divergence_controllability
llama,meta-llama/Meta-Llama-3.1-8B-Instruct,880121,r4_llama_domain_repaired_locked_scale_first_divergence,shard_59_block_00,59,wrong_payload,protected,False,False,10100101,01011010,False,True,8,8,False,False,True,0,0,trace_bound_first_divergence_controllability
llama,meta-llama/Meta-Llama-3.1-8B-Instruct,880121,r4_llama_domain_repaired_locked_scale_first_divergence,shard_60_block_00,60,protected,protected,True,True,10100101,10100101,True,True,8,8,False,False,True,0,0,trace_bound_first_divergence_controllability
llama,meta-llama/Meta-Llama-3.1-8B-Instruct,880121,r4_llama_domain_repaired_locked_scale_first_divergence,shard_60_block_00,60,raw,raw,False,False,01-0-011,10100101,False,False,6,8,False,False,True,0,0,trace_bound_first_divergence_controllability
llama,meta-llama/Meta-Llama-3.1-8B-Instruct,880121,r4_llama_domain_repaired_locked_scale_first_divergence,shard_60_block_00,60,task_only,task_only,False,False,--------,10100101,False,False,0,8,False,False,True,0,0,trace_bound_first_divergence_controllability
llama,meta-llama/Meta-Llama-3.1-8B-Instruct,880121,r4_llama_domain_repaired_locked_scale_first_divergence,shard_60_block_00,60,wrong_key,protected,False,False,10100101,01110011,False,True,8,8,False,False,True,0,0,trace_bound_first_divergence_controllability
llama,meta-llama/Meta-Llama-3.1-8B-Instruct,880121,r4_llama_domain_repaired_locked_scale_first_divergence,shard_60_block_00,60,wrong_payload,protected,False,False,10100101,01011010,False,True,8,8,False,False,True,0,0,trace_bound_first_divergence_controllability
llama,meta-llama/Meta-Llama-3.1-8B-Instruct,880121,r4_llama_domain_repaired_locked_scale_first_divergence,shard_61_block_00,61,protected,protected,True,True,10100101,10100101,True,True,8,8,False,False,True,0,0,trace_bound_first_divergence_controllability
llama,meta-llama/Meta-Llama-3.1-8B-Instruct,880121,r4_llama_domain_repaired_locked_scale_first_divergence,shard_61_block_00,61,raw,raw,False,False,01-0-0-1,10100101,False,False,5,8,False,False,True,0,0,trace_bound_first_divergence_controllability
llama,meta-llama/Meta-Llama-3.1-8B-Instruct,880121,r4_llama_domain_repaired_locked_scale_first_divergence,shard_61_block_00,61,task_only,task_only,False,False,--------,10100101,False,False,0,8,False,False,True,0,0,trace_bound_first_divergence_controllability
llama,meta-llama/Meta-Llama-3.1-8B-Instruct,880121,r4_llama_domain_repaired_locked_scale_first_divergence,shard_61_block_00,61,wrong_key,protected,False,False,10100101,01110011,False,True,8,8,False,False,True,0,0,trace_bound_first_divergence_controllability
llama,meta-llama/Meta-Llama-3.1-8B-Instruct,880121,r4_llama_domain_repaired_locked_scale_first_divergence,shard_61_block_00,61,wrong_payload,protected,False,False,10100101,01011010,False,True,8,8,False,False,True,0,0,trace_bound_first_divergence_controllability
llama,meta-llama/Meta-Llama-3.1-8B-Instruct,880121,r4_llama_domain_repaired_locked_scale_first_divergence,shard_62_block_00,62,protected,protected,True,True,10100101,10100101,True,True,8,8,False,False,True,0,0,trace_bound_first_divergence_controllability
llama,meta-llama/Meta-Llama-3.1-8B-Instruct,880121,r4_llama_domain_repaired_locked_scale_first_divergence,shard_62_block_00,62,raw,raw,False,False,01-0-0-1,10100101,False,False,5,8,False,False,True,0,0,trace_bound_first_divergence_controllability
llama,meta-llama/Meta-Llama-3.1-8B-Instruct,880121,r4_llama_domain_repaired_locked_scale_first_divergence,shard_62_block_00,62,task_only,task_only,False,False,--------,10100101,False,False,0,8,False,False,True,0,0,trace_bound_first_divergence_controllability
llama,meta-llama/Meta-Llama-3.1-8B-Instruct,880121,r4_llama_domain_repaired_locked_scale_first_divergence,shard_62_block_00,62,wrong_key,protected,False,False,10100101,01110011,False,True,8,8,False,False,True,0,0,trace_bound_first_divergence_controllability
llama,meta-llama/Meta-Llama-3.1-8B-Instruct,880121,r4_llama_domain_repaired_locked_scale_first_divergence,shard_62_block_00,62,wrong_payload,protected,False,False,10100101,01011010,False,True,8,8,False,False,True,0,0,trace_bound_first_divergence_controllability
llama,meta-llama/Meta-Llama-3.1-8B-Instruct,880121,r4_llama_domain_repaired_locked_scale_first_divergence,shard_63_block_00,63,protected,protected,True,True,10100101,10100101,True,True,8,8,False,False,True,0,0,trace_bound_first_divergence_controllability
llama,meta-llama/Meta-Llama-3.1-8B-Instruct,880121,r4_llama_domain_repaired_locked_scale_first_divergence,shard_63_block_00,63,raw,raw,False,False,01-000-1,10100101,False,False,6,8,False,False,True,0,0,trace_bound_first_divergence_controllability
llama,meta-llama/Meta-Llama-3.1-8B-Instruct,880121,r4_llama_domain_repaired_locked_scale_first_divergence,shard_63_block_00,63,task_only,task_only,False,False,--------,10100101,False,False,0,8,False,False,True,0,0,trace_bound_first_divergence_controllability
llama,meta-llama/Meta-Llama-3.1-8B-Instruct,880121,r4_llama_domain_repaired_locked_scale_first_divergence,shard_63_block_00,63,wrong_key,protected,False,False,10100101,01110011,False,True,8,8,False,False,True,0,0,trace_bound_first_divergence_controllability
llama,meta-llama/Meta-Llama-3.1-8B-Instruct,880121,r4_llama_domain_repaired_locked_scale_first_divergence,shard_63_block_00,63,wrong_payload,protected,False,False,10100101,01011010,False,True,8,8,False,False,True,0,0,trace_bound_first_divergence_controllability
llama,meta-llama/Meta-Llama-3.1-8B-Instruct,880121,r4_llama_domain_repaired_locked_scale_first_divergence,shard_64_block_00,64,protected,protected,True,True,10100101,10100101,True,True,8,8,False,False,True,0,0,trace_bound_first_divergence_controllability
llama,meta-llama/Meta-Llama-3.1-8B-Instruct,880121,r4_llama_domain_repaired_locked_scale_first_divergence,shard_64_block_00,64,raw,raw,False,False,01-000-1,10100101,False,False,6,8,False,False,True,0,0,trace_bound_first_divergence_controllability
llama,meta-llama/Meta-Llama-3.1-8B-Instruct,880121,r4_llama_domain_repaired_locked_scale_first_divergence,shard_64_block_00,64,task_only,task_only,False,False,--------,10100101,False,False,0,8,False,False,True,0,0,trace_bound_first_divergence_controllability
llama,meta-llama/Meta-Llama-3.1-8B-Instruct,880121,r4_llama_domain_repaired_locked_scale_first_divergence,shard_64_block_00,64,wrong_key,protected,False,False,10100101,01110011,False,True,8,8,False,False,True,0,0,trace_bound_first_divergence_controllability
llama,meta-llama/Meta-Llama-3.1-8B-Instruct,880121,r4_llama_domain_repaired_locked_scale_first_divergence,shard_64_block_00,64,wrong_payload,protected,False,False,10100101,01011010,False,True,8,8,False,False,True,0,0,trace_bound_first_divergence_controllability
llama,meta-llama/Meta-Llama-3.1-8B-Instruct,880121,r4_llama_domain_repaired_locked_scale_first_divergence,shard_65_block_00,65,protected,protected,True,True,10100101,10100101,True,True,8,8,False,False,True,0,0,trace_bound_first_divergence_controllability
llama,meta-llama/Meta-Llama-3.1-8B-Instruct,880121,r4_llama_domain_repaired_locked_scale_first_divergence,shard_65_block_00,65,raw,raw,False,False,01100011,10100101,False,False,8,8,False,False,True,0,0,trace_bound_first_divergence_controllability
llama,meta-llama/Meta-Llama-3.1-8B-Instruct,880121,r4_llama_domain_repaired_locked_scale_first_divergence,shard_65_block_00,65,task_only,task_only,False,False,--------,10100101,False,False,0,8,False,False,True,0,0,trace_bound_first_divergence_controllability
llama,meta-llama/Meta-Llama-3.1-8B-Instruct,880121,r4_llama_domain_repaired_locked_scale_first_divergence,shard_65_block_00,65,wrong_key,protected,False,False,10100101,01110011,False,True,8,8,False,False,True,0,0,trace_bound_first_divergence_controllability
llama,meta-llama/Meta-Llama-3.1-8B-Instruct,880121,r4_llama_domain_repaired_locked_scale_first_divergence,shard_65_block_00,65,wrong_payload,protected,False,False,10100101,01011010,False,True,8,8,False,False,True,0,0,trace_bound_first_divergence_controllability
llama,meta-llama/Meta-Llama-3.1-8B-Instruct,880121,r4_llama_domain_repaired_locked_scale_first_divergence,shard_66_block_00,66,protected,protected,True,True,10100101,10100101,True,True,8,8,False,False,True,0,0,trace_bound_first_divergence_controllability
llama,meta-llama/Meta-Llama-3.1-8B-Instruct,880121,r4_llama_domain_repaired_locked_scale_first_divergence,shard_66_block_00,66,raw,raw,False,False,01100011,10100101,False,False,8,8,False,False,True,0,0,trace_bound_first_divergence_controllability
llama,meta-llama/Meta-Llama-3.1-8B-Instruct,880121,r4_llama_domain_repaired_locked_scale_first_divergence,shard_66_block_00,66,task_only,task_only,False,False,--------,10100101,False,False,0,8,False,False,True,0,0,trace_bound_first_divergence_controllability
llama,meta-llama/Meta-Llama-3.1-8B-Instruct,880121,r4_llama_domain_repaired_locked_scale_first_divergence,shard_66_block_00,66,wrong_key,protected,False,False,10100101,01110011,False,True,8,8,False,False,True,0,0,trace_bound_first_divergence_controllability
llama,meta-llama/Meta-Llama-3.1-8B-Instruct,880121,r4_llama_domain_repaired_locked_scale_first_divergence,shard_66_block_00,66,wrong_payload,protected,False,False,10100101,01011010,False,True,8,8,False,False,True,0,0,trace_bound_first_divergence_controllability
llama,meta-llama/Meta-Llama-3.1-8B-Instruct,880121,r4_llama_domain_repaired_locked_scale_first_divergence,shard_67_block_00,67,protected,protected,True,True,10100101,10100101,True,True,8,8,False,False,True,0,0,trace_bound_first_divergence_controllability
llama,meta-llama/Meta-Llama-3.1-8B-Instruct,880121,r4_llama_domain_repaired_locked_scale_first_divergence,shard_67_block_00,67,raw,raw,False,False,01-00011,10100101,False,False,7,8,False,False,True,0,0,trace_bound_first_divergence_controllability
llama,meta-llama/Meta-Llama-3.1-8B-Instruct,880121,r4_llama_domain_repaired_locked_scale_first_divergence,shard_67_block_00,67,task_only,task_only,False,False,--------,10100101,False,False,0,8,False,False,True,0,0,trace_bound_first_divergence_controllability
llama,meta-llama/Meta-Llama-3.1-8B-Instruct,880121,r4_llama_domain_repaired_locked_scale_first_divergence,shard_67_block_00,67,wrong_key,protected,False,False,10100101,01110011,False,True,8,8,False,False,True,0,0,trace_bound_first_divergence_controllability
llama,meta-llama/Meta-Llama-3.1-8B-Instruct,880121,r4_llama_domain_repaired_locked_scale_first_divergence,shard_67_block_00,67,wrong_payload,protected,False,False,10100101,01011010,False,True,8,8,False,False,True,0,0,trace_bound_first_divergence_controllability
llama,meta-llama/Meta-Llama-3.1-8B-Instruct,880121,r4_llama_domain_repaired_locked_scale_first_divergence,shard_68_block_00,68,protected,protected,True,True,10100101,10100101,True,True,8,8,False,False,True,0,0,trace_bound_first_divergence_controllability
llama,meta-llama/Meta-Llama-3.1-8B-Instruct,880121,r4_llama_domain_repaired_locked_scale_first_divergence,shard_68_block_00,68,raw,raw,False,False,01-00011,10100101,False,False,7,8,False,False,True,0,0,trace_bound_first_divergence_controllability
llama,meta-llama/Meta-Llama-3.1-8B-Instruct,880121,r4_llama_domain_repaired_locked_scale_first_divergence,shard_68_block_00,68,task_only,task_only,False,False,--------,10100101,False,False,0,8,False,False,True,0,0,trace_bound_first_divergence_controllability
llama,meta-llama/Meta-Llama-3.1-8B-Instruct,880121,r4_llama_domain_repaired_locked_scale_first_divergence,shard_68_block_00,68,wrong_key,protected,False,False,10100101,01110011,False,True,8,8,False,False,True,0,0,trace_bound_first_divergence_controllability
llama,meta-llama/Meta-Llama-3.1-8B-Instruct,880121,r4_llama_domain_repaired_locked_scale_first_divergence,shard_68_block_00,68,wrong_payload,protected,False,False,10100101,01011010,False,True,8,8,False,False,True,0,0,trace_bound_first_divergence_controllability
llama,meta-llama/Meta-Llama-3.1-8B-Instruct,880121,r4_llama_domain_repaired_locked_scale_first_divergence,shard_69_block_00,69,protected,protected,True,True,10100101,10100101,True,True,8,8,False,False,True,0,0,trace_bound_first_divergence_controllability
llama,meta-llama/Meta-Llama-3.1-8B-Instruct,880121,r4_llama_domain_repaired_locked_scale_first_divergence,shard_69_block_00,69,raw,raw,False,False,01-0-001,10100101,False,False,6,8,False,False,True,0,0,trace_bound_first_divergence_controllability
llama,meta-llama/Meta-Llama-3.1-8B-Instruct,880121,r4_llama_domain_repaired_locked_scale_first_divergence,shard_69_block_00,69,task_only,task_only,False,False,--------,10100101,False,False,0,8,False,False,True,0,0,trace_bound_first_divergence_controllability
llama,meta-llama/Meta-Llama-3.1-8B-Instruct,880121,r4_llama_domain_repaired_locked_scale_first_divergence,shard_69_block_00,69,wrong_key,protected,False,False,10100101,01110011,False,True,8,8,False,False,True,0,0,trace_bound_first_divergence_controllability
llama,meta-llama/Meta-Llama-3.1-8B-Instruct,880121,r4_llama_domain_repaired_locked_scale_first_divergence,shard_69_block_00,69,wrong_payload,protected,False,False,10100101,01011010,False,True,8,8,False,False,True,0,0,trace_bound_first_divergence_controllability
llama,meta-llama/Meta-Llama-3.1-8B-Instruct,880121,r4_llama_domain_repaired_locked_scale_first_divergence,shard_70_block_00,70,protected,protected,True,True,10100101,10100101,True,True,8,8,False,False,True,0,0,trace_bound_first_divergence_controllability
llama,meta-llama/Meta-Llama-3.1-8B-Instruct,880121,r4_llama_domain_repaired_locked_scale_first_divergence,shard_70_block_00,70,raw,raw,False,False,01100011,10100101,False,False,8,8,False,False,True,0,0,trace_bound_first_divergence_controllability
llama,meta-llama/Meta-Llama-3.1-8B-Instruct,880121,r4_llama_domain_repaired_locked_scale_first_divergence,shard_70_block_00,70,task_only,task_only,False,False,--------,10100101,False,False,0,8,False,False,True,0,0,trace_bound_first_divergence_controllability
llama,meta-llama/Meta-Llama-3.1-8B-Instruct,880121,r4_llama_domain_repaired_locked_scale_first_divergence,shard_70_block_00,70,wrong_key,protected,False,False,10100101,01110011,False,True,8,8,False,False,True,0,0,trace_bound_first_divergence_controllability
llama,meta-llama/Meta-Llama-3.1-8B-Instruct,880121,r4_llama_domain_repaired_locked_scale_first_divergence,shard_70_block_00,70,wrong_payload,protected,False,False,10100101,01011010,False,True,8,8,False,False,True,0,0,trace_bound_first_divergence_controllability
llama,meta-llama/Meta-Llama-3.1-8B-Instruct,880121,r4_llama_domain_repaired_locked_scale_first_divergence,shard_71_block_00,71,protected,protected,True,True,10100101,10100101,True,True,8,8,False,False,True,0,0,trace_bound_first_divergence_controllability
llama,meta-llama/Meta-Llama-3.1-8B-Instruct,880121,r4_llama_domain_repaired_locked_scale_first_divergence,shard_71_block_00,71,raw,raw,False,False,01-00011,10100101,False,False,7,8,False,False,True,0,0,trace_bound_first_divergence_controllability
llama,meta-llama/Meta-Llama-3.1-8B-Instruct,880121,r4_llama_domain_repaired_locked_scale_first_divergence,shard_71_block_00,71,task_only,task_only,False,False,--------,10100101,False,False,0,8,False,False,True,0,0,trace_bound_first_divergence_controllability
llama,meta-llama/Meta-Llama-3.1-8B-Instruct,880121,r4_llama_domain_repaired_locked_scale_first_divergence,shard_71_block_00,71,wrong_key,protected,False,False,10100101,01110011,False,True,8,8,False,False,True,0,0,trace_bound_first_divergence_controllability
llama,meta-llama/Meta-Llama-3.1-8B-Instruct,880121,r4_llama_domain_repaired_locked_scale_first_divergence,shard_71_block_00,71,wrong_payload,protected,False,False,10100101,01011010,False,True,8,8,False,False,True,0,0,trace_bound_first_divergence_controllability
llama,meta-llama/Meta-Llama-3.1-8B-Instruct,880121,r4_llama_domain_repaired_locked_scale_first_divergence,shard_72_block_00,72,protected,protected,True,True,10100101,10100101,True,True,8,8,False,False,True,0,0,trace_bound_first_divergence_controllability
llama,meta-llama/Meta-Llama-3.1-8B-Instruct,880121,r4_llama_domain_repaired_locked_scale_first_divergence,shard_72_block_00,72,raw,raw,False,False,01100011,10100101,False,False,8,8,False,False,True,0,0,trace_bound_first_divergence_controllability
llama,meta-llama/Meta-Llama-3.1-8B-Instruct,880121,r4_llama_domain_repaired_locked_scale_first_divergence,shard_72_block_00,72,task_only,task_only,False,False,--------,10100101,False,False,0,8,False,False,True,0,0,trace_bound_first_divergence_controllability
llama,meta-llama/Meta-Llama-3.1-8B-Instruct,880121,r4_llama_domain_repaired_locked_scale_first_divergence,shard_72_block_00,72,wrong_key,protected,False,False,10100101,01110011,False,True,8,8,False,False,True,0,0,trace_bound_first_divergence_controllability
llama,meta-llama/Meta-Llama-3.1-8B-Instruct,880121,r4_llama_domain_repaired_locked_scale_first_divergence,shard_72_block_00,72,wrong_payload,protected,False,False,10100101,01011010,False,True,8,8,False,False,True,0,0,trace_bound_first_divergence_controllability
llama,meta-llama/Meta-Llama-3.1-8B-Instruct,880121,r4_llama_domain_repaired_locked_scale_first_divergence,shard_73_block_00,73,protected,protected,True,True,10100101,10100101,True,True,8,8,False,False,True,0,0,trace_bound_first_divergence_controllability
llama,meta-llama/Meta-Llama-3.1-8B-Instruct,880121,r4_llama_domain_repaired_locked_scale_first_divergence,shard_73_block_00,73,raw,raw,False,False,01-0-0-1,10100101,False,False,5,8,False,False,True,0,0,trace_bound_first_divergence_controllability
llama,meta-llama/Meta-Llama-3.1-8B-Instruct,880121,r4_llama_domain_repaired_locked_scale_first_divergence,shard_73_block_00,73,task_only,task_only,False,False,--------,10100101,False,False,0,8,False,False,True,0,0,trace_bound_first_divergence_controllability
llama,meta-llama/Meta-Llama-3.1-8B-Instruct,880121,r4_llama_domain_repaired_locked_scale_first_divergence,shard_73_block_00,73,wrong_key,protected,False,False,10100101,01110011,False,True,8,8,False,False,True,0,0,trace_bound_first_divergence_controllability
llama,meta-llama/Meta-Llama-3.1-8B-Instruct,880121,r4_llama_domain_repaired_locked_scale_first_divergence,shard_73_block_00,73,wrong_payload,protected,False,False,10100101,01011010,False,True,8,8,False,False,True,0,0,trace_bound_first_divergence_controllability
llama,meta-llama/Meta-Llama-3.1-8B-Instruct,880121,r4_llama_domain_repaired_locked_scale_first_divergence,shard_74_block_00,74,protected,protected,True,True,10100101,10100101,True,True,8,8,False,False,True,0,0,trace_bound_first_divergence_controllability
llama,meta-llama/Meta-Llama-3.1-8B-Instruct,880121,r4_llama_domain_repaired_locked_scale_first_divergence,shard_74_block_00,74,raw,raw,False,False,01100011,10100101,False,False,8,8,False,False,True,0,0,trace_bound_first_divergence_controllability
llama,meta-llama/Meta-Llama-3.1-8B-Instruct,880121,r4_llama_domain_repaired_locked_scale_first_divergence,shard_74_block_00,74,task_only,task_only,False,False,--------,10100101,False,False,0,8,False,False,True,0,0,trace_bound_first_divergence_controllability
llama,meta-llama/Meta-Llama-3.1-8B-Instruct,880121,r4_llama_domain_repaired_locked_scale_first_divergence,shard_74_block_00,74,wrong_key,protected,False,False,10100101,01110011,False,True,8,8,False,False,True,0,0,trace_bound_first_divergence_controllability
llama,meta-llama/Meta-Llama-3.1-8B-Instruct,880121,r4_llama_domain_repaired_locked_scale_first_divergence,shard_74_block_00,74,wrong_payload,protected,False,False,10100101,01011010,False,True,8,8,False,False,True,0,0,trace_bound_first_divergence_controllability
llama,meta-llama/Meta-Llama-3.1-8B-Instruct,880121,r4_llama_domain_repaired_locked_scale_first_divergence,shard_75_block_00,75,protected,protected,True,True,10100101,10100101,True,True,8,8,False,False,True,0,0,trace_bound_first_divergence_controllability
llama,meta-llama/Meta-Llama-3.1-8B-Instruct,880121,r4_llama_domain_repaired_locked_scale_first_divergence,shard_75_block_00,75,raw,raw,False,False,0110-011,10100101,False,False,7,8,False,False,True,0,0,trace_bound_first_divergence_controllability
llama,meta-llama/Meta-Llama-3.1-8B-Instruct,880121,r4_llama_domain_repaired_locked_scale_first_divergence,shard_75_block_00,75,task_only,task_only,False,False,--------,10100101,False,False,0,8,False,False,True,0,0,trace_bound_first_divergence_controllability
llama,meta-llama/Meta-Llama-3.1-8B-Instruct,880121,r4_llama_domain_repaired_locked_scale_first_divergence,shard_75_block_00,75,wrong_key,protected,False,False,10100101,01110011,False,True,8,8,False,False,True,0,0,trace_bound_first_divergence_controllability
llama,meta-llama/Meta-Llama-3.1-8B-Instruct,880121,r4_llama_domain_repaired_locked_scale_first_divergence,shard_75_block_00,75,wrong_payload,protected,False,False,10100101,01011010,False,True,8,8,False,False,True,0,0,trace_bound_first_divergence_controllability
llama,meta-llama/Meta-Llama-3.1-8B-Instruct,880121,r4_llama_domain_repaired_locked_scale_first_divergence,shard_76_block_00,76,protected,protected,True,True,10100101,10100101,True,True,8,8,False,False,True,0,0,trace_bound_first_divergence_controllability
llama,meta-llama/Meta-Llama-3.1-8B-Instruct,880121,r4_llama_domain_repaired_locked_scale_first_divergence,shard_76_block_00,76,raw,raw,False,False,01-00011,10100101,False,False,7,8,False,False,True,0,0,trace_bound_first_divergence_controllability
llama,meta-llama/Meta-Llama-3.1-8B-Instruct,880121,r4_llama_domain_repaired_locked_scale_first_divergence,shard_76_block_00,76,task_only,task_only,False,False,--------,10100101,False,False,0,8,False,False,True,0,0,trace_bound_first_divergence_controllability
llama,meta-llama/Meta-Llama-3.1-8B-Instruct,880121,r4_llama_domain_repaired_locked_scale_first_divergence,shard_76_block_00,76,wrong_key,protected,False,False,10100101,01110011,False,True,8,8,False,False,True,0,0,trace_bound_first_divergence_controllability
llama,meta-llama/Meta-Llama-3.1-8B-Instruct,880121,r4_llama_domain_repaired_locked_scale_first_divergence,shard_76_block_00,76,wrong_payload,protected,False,False,10100101,01011010,False,True,8,8,False,False,True,0,0,trace_bound_first_divergence_controllability
llama,meta-llama/Meta-Llama-3.1-8B-Instruct,880121,r4_llama_domain_repaired_locked_scale_first_divergence,shard_77_block_00,77,protected,protected,True,True,10100101,10100101,True,True,8,8,False,False,True,0,0,trace_bound_first_divergence_controllability
llama,meta-llama/Meta-Llama-3.1-8B-Instruct,880121,r4_llama_domain_repaired_locked_scale_first_divergence,shard_77_block_00,77,raw,raw,False,False,011000-1,10100101,False,False,7,8,False,False,True,0,0,trace_bound_first_divergence_controllability
llama,meta-llama/Meta-Llama-3.1-8B-Instruct,880121,r4_llama_domain_repaired_locked_scale_first_divergence,shard_77_block_00,77,task_only,task_only,False,False,--------,10100101,False,False,0,8,False,False,True,0,0,trace_bound_first_divergence_controllability
llama,meta-llama/Meta-Llama-3.1-8B-Instruct,880121,r4_llama_domain_repaired_locked_scale_first_divergence,shard_77_block_00,77,wrong_key,protected,False,False,10100101,01110011,False,True,8,8,False,False,True,0,0,trace_bound_first_divergence_controllability
llama,meta-llama/Meta-Llama-3.1-8B-Instruct,880121,r4_llama_domain_repaired_locked_scale_first_divergence,shard_77_block_00,77,wrong_payload,protected,False,False,10100101,01011010,False,True,8,8,False,False,True,0,0,trace_bound_first_divergence_controllability
llama,meta-llama/Meta-Llama-3.1-8B-Instruct,880121,r4_llama_domain_repaired_locked_scale_first_divergence,shard_78_block_00,78,protected,protected,True,True,10100101,10100101,True,True,8,8,False,False,True,0,0,trace_bound_first_divergence_controllability
llama,meta-llama/Meta-Llama-3.1-8B-Instruct,880121,r4_llama_domain_repaired_locked_scale_first_divergence,shard_78_block_00,78,raw,raw,False,False,01-0-0-1,10100101,False,False,5,8,False,False,True,0,0,trace_bound_first_divergence_controllability
llama,meta-llama/Meta-Llama-3.1-8B-Instruct,880121,r4_llama_domain_repaired_locked_scale_first_divergence,shard_78_block_00,78,task_only,task_only,False,False,--------,10100101,False,False,0,8,False,False,True,0,0,trace_bound_first_divergence_controllability
llama,meta-llama/Meta-Llama-3.1-8B-Instruct,880121,r4_llama_domain_repaired_locked_scale_first_divergence,shard_78_block_00,78,wrong_key,protected,False,False,10100101,01110011,False,True,8,8,False,False,True,0,0,trace_bound_first_divergence_controllability
llama,meta-llama/Meta-Llama-3.1-8B-Instruct,880121,r4_llama_domain_repaired_locked_scale_first_divergence,shard_78_block_00,78,wrong_payload,protected,False,False,10100101,01011010,False,True,8,8,False,False,True,0,0,trace_bound_first_divergence_controllability
llama,meta-llama/Meta-Llama-3.1-8B-Instruct,880121,r4_llama_domain_repaired_locked_scale_first_divergence,shard_79_block_00,79,protected,protected,True,True,10100101,10100101,True,True,8,8,False,False,True,0,0,trace_bound_first_divergence_controllability
llama,meta-llama/Meta-Llama-3.1-8B-Instruct,880121,r4_llama_domain_repaired_locked_scale_first_divergence,shard_79_block_00,79,raw,raw,False,False,010000-1,10100101,False,False,7,8,False,False,True,0,0,trace_bound_first_divergence_controllability
llama,meta-llama/Meta-Llama-3.1-8B-Instruct,880121,r4_llama_domain_repaired_locked_scale_first_divergence,shard_79_block_00,79,task_only,task_only,False,False,--------,10100101,False,False,0,8,False,False,True,0,0,trace_bound_first_divergence_controllability
llama,meta-llama/Meta-Llama-3.1-8B-Instruct,880121,r4_llama_domain_repaired_locked_scale_first_divergence,shard_79_block_00,79,wrong_key,protected,False,False,10100101,01110011,False,True,8,8,False,False,True,0,0,trace_bound_first_divergence_controllability
llama,meta-llama/Meta-Llama-3.1-8B-Instruct,880121,r4_llama_domain_repaired_locked_scale_first_divergence,shard_79_block_00,79,wrong_payload,protected,False,False,10100101,01011010,False,True,8,8,False,False,True,0,0,trace_bound_first_divergence_controllability
llama,meta-llama/Meta-Llama-3.1-8B-Instruct,880121,r4_llama_domain_repaired_locked_scale_first_divergence,shard_80_block_00,80,protected,protected,True,True,10100101,10100101,True,True,8,8,False,False,True,0,0,trace_bound_first_divergence_controllability
llama,meta-llama/Meta-Llama-3.1-8B-Instruct,880121,r4_llama_domain_repaired_locked_scale_first_divergence,shard_80_block_00,80,raw,raw,False,False,01-0---1,10100101,False,False,4,8,False,False,True,0,0,trace_bound_first_divergence_controllability
llama,meta-llama/Meta-Llama-3.1-8B-Instruct,880121,r4_llama_domain_repaired_locked_scale_first_divergence,shard_80_block_00,80,task_only,task_only,False,False,--------,10100101,False,False,0,8,False,False,True,0,0,trace_bound_first_divergence_controllability
llama,meta-llama/Meta-Llama-3.1-8B-Instruct,880121,r4_llama_domain_repaired_locked_scale_first_divergence,shard_80_block_00,80,wrong_key,protected,False,False,10100101,01110011,False,True,8,8,False,False,True,0,0,trace_bound_first_divergence_controllability
llama,meta-llama/Meta-Llama-3.1-8B-Instruct,880121,r4_llama_domain_repaired_locked_scale_first_divergence,shard_80_block_00,80,wrong_payload,protected,False,False,10100101,01011010,False,True,8,8,False,False,True,0,0,trace_bound_first_divergence_controllability
llama,meta-llama/Meta-Llama-3.1-8B-Instruct,880121,r4_llama_domain_repaired_locked_scale_first_divergence,shard_81_block_00,81,protected,protected,True,True,10100101,10100101,True,True,8,8,False,False,True,0,0,trace_bound_first_divergence_controllability
llama,meta-llama/Meta-Llama-3.1-8B-Instruct,880121,r4_llama_domain_repaired_locked_scale_first_divergence,shard_81_block_00,81,raw,raw,False,False,11100011,10100101,False,False,8,8,False,False,True,0,0,trace_bound_first_divergence_controllability
llama,meta-llama/Meta-Llama-3.1-8B-Instruct,880121,r4_llama_domain_repaired_locked_scale_first_divergence,shard_81_block_00,81,task_only,task_only,False,False,--------,10100101,False,False,0,8,False,False,True,0,0,trace_bound_first_divergence_controllability
llama,meta-llama/Meta-Llama-3.1-8B-Instruct,880121,r4_llama_domain_repaired_locked_scale_first_divergence,shard_81_block_00,81,wrong_key,protected,False,False,10100101,01110011,False,True,8,8,False,False,True,0,0,trace_bound_first_divergence_controllability
llama,meta-llama/Meta-Llama-3.1-8B-Instruct,880121,r4_llama_domain_repaired_locked_scale_first_divergence,shard_81_block_00,81,wrong_payload,protected,False,False,10100101,01011010,False,True,8,8,False,False,True,0,0,trace_bound_first_divergence_controllability
llama,meta-llama/Meta-Llama-3.1-8B-Instruct,880121,r4_llama_domain_repaired_locked_scale_first_divergence,shard_82_block_00,82,protected,protected,True,True,10100101,10100101,True,True,8,8,False,False,True,0,0,trace_bound_first_divergence_controllability
llama,meta-llama/Meta-Llama-3.1-8B-Instruct,880121,r4_llama_domain_repaired_locked_scale_first_divergence,shard_82_block_00,82,raw,raw,False,False,01-0-0-1,10100101,False,False,5,8,False,False,True,0,0,trace_bound_first_divergence_controllability
llama,meta-llama/Meta-Llama-3.1-8B-Instruct,880121,r4_llama_domain_repaired_locked_scale_first_divergence,shard_82_block_00,82,task_only,task_only,False,False,--------,10100101,False,False,0,8,False,False,True,0,0,trace_bound_first_divergence_controllability
llama,meta-llama/Meta-Llama-3.1-8B-Instruct,880121,r4_llama_domain_repaired_locked_scale_first_divergence,shard_82_block_00,82,wrong_key,protected,False,False,10100101,01110011,False,True,8,8,False,False,True,0,0,trace_bound_first_divergence_controllability
llama,meta-llama/Meta-Llama-3.1-8B-Instruct,880121,r4_llama_domain_repaired_locked_scale_first_divergence,shard_82_block_00,82,wrong_payload,protected,False,False,10100101,01011010,False,True,8,8,False,False,True,0,0,trace_bound_first_divergence_controllability
llama,meta-llama/Meta-Llama-3.1-8B-Instruct,880121,r4_llama_domain_repaired_locked_scale_first_divergence,shard_83_block_00,83,protected,protected,True,True,10100101,10100101,True,True,8,8,False,False,True,0,0,trace_bound_first_divergence_controllability
llama,meta-llama/Meta-Llama-3.1-8B-Instruct,880121,r4_llama_domain_repaired_locked_scale_first_divergence,shard_83_block_00,83,raw,raw,False,False,11100011,10100101,False,False,8,8,False,False,True,0,0,trace_bound_first_divergence_controllability
llama,meta-llama/Meta-Llama-3.1-8B-Instruct,880121,r4_llama_domain_repaired_locked_scale_first_divergence,shard_83_block_00,83,task_only,task_only,False,False,--------,10100101,False,False,0,8,False,False,True,0,0,trace_bound_first_divergence_controllability
llama,meta-llama/Meta-Llama-3.1-8B-Instruct,880121,r4_llama_domain_repaired_locked_scale_first_divergence,shard_83_block_00,83,wrong_key,protected,False,False,10100101,01110011,False,True,8,8,False,False,True,0,0,trace_bound_first_divergence_controllability
llama,meta-llama/Meta-Llama-3.1-8B-Instruct,880121,r4_llama_domain_repaired_locked_scale_first_divergence,shard_83_block_00,83,wrong_payload,protected,False,False,10100101,01011010,False,True,8,8,False,False,True,0,0,trace_bound_first_divergence_controllability
llama,meta-llama/Meta-Llama-3.1-8B-Instruct,880121,r4_llama_domain_repaired_locked_scale_first_divergence,shard_84_block_00,84,protected,protected,True,True,10100101,10100101,True,True,8,8,False,False,True,0,0,trace_bound_first_divergence_controllability
llama,meta-llama/Meta-Llama-3.1-8B-Instruct,880121,r4_llama_domain_repaired_locked_scale_first_divergence,shard_84_block_00,84,raw,raw,False,False,-1100-11,10100101,False,False,6,8,False,False,True,0,0,trace_bound_first_divergence_controllability
llama,meta-llama/Meta-Llama-3.1-8B-Instruct,880121,r4_llama_domain_repaired_locked_scale_first_divergence,shard_84_block_00,84,task_only,task_only,False,False,--------,10100101,False,False,0,8,False,False,True,0,0,trace_bound_first_divergence_controllability
llama,meta-llama/Meta-Llama-3.1-8B-Instruct,880121,r4_llama_domain_repaired_locked_scale_first_divergence,shard_84_block_00,84,wrong_key,protected,False,False,10100101,01110011,False,True,8,8,False,False,True,0,0,trace_bound_first_divergence_controllability
llama,meta-llama/Meta-Llama-3.1-8B-Instruct,880121,r4_llama_domain_repaired_locked_scale_first_divergence,shard_84_block_00,84,wrong_payload,protected,False,False,10100101,01011010,False,True,8,8,False,False,True,0,0,trace_bound_first_divergence_controllability
llama,meta-llama/Meta-Llama-3.1-8B-Instruct,880121,r4_llama_domain_repaired_locked_scale_first_divergence,shard_85_block_00,85,protected,protected,True,True,10100101,10100101,True,True,8,8,False,False,True,0,0,trace_bound_first_divergence_controllability
llama,meta-llama/Meta-Llama-3.1-8B-Instruct,880121,r4_llama_domain_repaired_locked_scale_first_divergence,shard_85_block_00,85,raw,raw,False,False,01-00111,10100101,False,False,7,8,False,False,True,0,0,trace_bound_first_divergence_controllability
llama,meta-llama/Meta-Llama-3.1-8B-Instruct,880121,r4_llama_domain_repaired_locked_scale_first_divergence,shard_85_block_00,85,task_only,task_only,False,False,--------,10100101,False,False,0,8,False,False,True,0,0,trace_bound_first_divergence_controllability
llama,meta-llama/Meta-Llama-3.1-8B-Instruct,880121,r4_llama_domain_repaired_locked_scale_first_divergence,shard_85_block_00,85,wrong_key,protected,False,False,10100101,01110011,False,True,8,8,False,False,True,0,0,trace_bound_first_divergence_controllability
llama,meta-llama/Meta-Llama-3.1-8B-Instruct,880121,r4_llama_domain_repaired_locked_scale_first_divergence,shard_85_block_00,85,wrong_payload,protected,False,False,10100101,01011010,False,True,8,8,False,False,True,0,0,trace_bound_first_divergence_controllability
llama,meta-llama/Meta-Llama-3.1-8B-Instruct,880121,r4_llama_domain_repaired_locked_scale_first_divergence,shard_86_block_00,86,protected,protected,True,True,10100101,10100101,True,True,8,8,False,False,True,0,0,trace_bound_first_divergence_controllability
llama,meta-llama/Meta-Llama-3.1-8B-Instruct,880121,r4_llama_domain_repaired_locked_scale_first_divergence,shard_86_block_00,86,raw,raw,False,False,01-0--11,10100101,False,False,5,8,False,False,True,0,0,trace_bound_first_divergence_controllability
llama,meta-llama/Meta-Llama-3.1-8B-Instruct,880121,r4_llama_domain_repaired_locked_scale_first_divergence,shard_86_block_00,86,task_only,task_only,False,False,--------,10100101,False,False,0,8,False,False,True,0,0,trace_bound_first_divergence_controllability
llama,meta-llama/Meta-Llama-3.1-8B-Instruct,880121,r4_llama_domain_repaired_locked_scale_first_divergence,shard_86_block_00,86,wrong_key,protected,False,False,10100101,01110011,False,True,8,8,False,False,True,0,0,trace_bound_first_divergence_controllability
llama,meta-llama/Meta-Llama-3.1-8B-Instruct,880121,r4_llama_domain_repaired_locked_scale_first_divergence,shard_86_block_00,86,wrong_payload,protected,False,False,10100101,01011010,False,True,8,8,False,False,True,0,0,trace_bound_first_divergence_controllability
llama,meta-llama/Meta-Llama-3.1-8B-Instruct,880121,r4_llama_domain_repaired_locked_scale_first_divergence,shard_87_block_00,87,protected,protected,True,True,10100101,10100101,True,True,8,8,False,False,True,0,0,trace_bound_first_divergence_controllability
llama,meta-llama/Meta-Llama-3.1-8B-Instruct,880121,r4_llama_domain_repaired_locked_scale_first_divergence,shard_87_block_00,87,raw,raw,False,False,01-0---1,10100101,False,False,4,8,False,False,True,0,0,trace_bound_first_divergence_controllability
llama,meta-llama/Meta-Llama-3.1-8B-Instruct,880121,r4_llama_domain_repaired_locked_scale_first_divergence,shard_87_block_00,87,task_only,task_only,False,False,--------,10100101,False,False,0,8,False,False,True,0,0,trace_bound_first_divergence_controllability
llama,meta-llama/Meta-Llama-3.1-8B-Instruct,880121,r4_llama_domain_repaired_locked_scale_first_divergence,shard_87_block_00,87,wrong_key,protected,False,False,10100101,01110011,False,True,8,8,False,False,True,0,0,trace_bound_first_divergence_controllability
llama,meta-llama/Meta-Llama-3.1-8B-Instruct,880121,r4_llama_domain_repaired_locked_scale_first_divergence,shard_87_block_00,87,wrong_payload,protected,False,False,10100101,01011010,False,True,8,8,False,False,True,0,0,trace_bound_first_divergence_controllability
llama,meta-llama/Meta-Llama-3.1-8B-Instruct,880121,r4_llama_domain_repaired_locked_scale_first_divergence,shard_88_block_00,88,protected,protected,True,True,10100101,10100101,True,True,8,8,False,False,True,0,0,trace_bound_first_divergence_controllability
llama,meta-llama/Meta-Llama-3.1-8B-Instruct,880121,r4_llama_domain_repaired_locked_scale_first_divergence,shard_88_block_00,88,raw,raw,False,False,0110-0-1,10100101,False,False,6,8,False,False,True,0,0,trace_bound_first_divergence_controllability
llama,meta-llama/Meta-Llama-3.1-8B-Instruct,880121,r4_llama_domain_repaired_locked_scale_first_divergence,shard_88_block_00,88,task_only,task_only,False,False,--------,10100101,False,False,0,8,False,False,True,0,0,trace_bound_first_divergence_controllability
llama,meta-llama/Meta-Llama-3.1-8B-Instruct,880121,r4_llama_domain_repaired_locked_scale_first_divergence,shard_88_block_00,88,wrong_key,protected,False,False,10100101,01110011,False,True,8,8,False,False,True,0,0,trace_bound_first_divergence_controllability
llama,meta-llama/Meta-Llama-3.1-8B-Instruct,880121,r4_llama_domain_repaired_locked_scale_first_divergence,shard_88_block_00,88,wrong_payload,protected,False,False,10100101,01011010,False,True,8,8,False,False,True,0,0,trace_bound_first_divergence_controllability
llama,meta-llama/Meta-Llama-3.1-8B-Instruct,880121,r4_llama_domain_repaired_locked_scale_first_divergence,shard_89_block_00,89,protected,protected,True,True,10100101,10100101,True,True,8,8,False,False,True,0,0,trace_bound_first_divergence_controllability
llama,meta-llama/Meta-Llama-3.1-8B-Instruct,880121,r4_llama_domain_repaired_locked_scale_first_divergence,shard_89_block_00,89,raw,raw,False,False,0100-0-1,10100101,False,False,6,8,False,False,True,0,0,trace_bound_first_divergence_controllability
llama,meta-llama/Meta-Llama-3.1-8B-Instruct,880121,r4_llama_domain_repaired_locked_scale_first_divergence,shard_89_block_00,89,task_only,task_only,False,False,--------,10100101,False,False,0,8,False,False,True,0,0,trace_bound_first_divergence_controllability
llama,meta-llama/Meta-Llama-3.1-8B-Instruct,880121,r4_llama_domain_repaired_locked_scale_first_divergence,shard_89_block_00,89,wrong_key,protected,False,False,10100101,01110011,False,True,8,8,False,False,True,0,0,trace_bound_first_divergence_controllability
llama,meta-llama/Meta-Llama-3.1-8B-Instruct,880121,r4_llama_domain_repaired_locked_scale_first_divergence,shard_89_block_00,89,wrong_payload,protected,False,False,10100101,01011010,False,True,8,8,False,False,True,0,0,trace_bound_first_divergence_controllability
llama,meta-llama/Meta-Llama-3.1-8B-Instruct,880121,r4_llama_domain_repaired_locked_scale_first_divergence,shard_90_block_00,90,protected,protected,True,True,10100101,10100101,True,True,8,8,False,False,True,0,0,trace_bound_first_divergence_controllability
llama,meta-llama/Meta-Llama-3.1-8B-Instruct,880121,r4_llama_domain_repaired_locked_scale_first_divergence,shard_90_block_00,90,raw,raw,False,False,01-0-111,10100101,False,False,6,8,False,False,True,0,0,trace_bound_first_divergence_controllability
llama,meta-llama/Meta-Llama-3.1-8B-Instruct,880121,r4_llama_domain_repaired_locked_scale_first_divergence,shard_90_block_00,90,task_only,task_only,False,False,--------,10100101,False,False,0,8,False,False,True,0,0,trace_bound_first_divergence_controllability
llama,meta-llama/Meta-Llama-3.1-8B-Instruct,880121,r4_llama_domain_repaired_locked_scale_first_divergence,shard_90_block_00,90,wrong_key,protected,False,False,10100101,01110011,False,True,8,8,False,False,True,0,0,trace_bound_first_divergence_controllability
llama,meta-llama/Meta-Llama-3.1-8B-Instruct,880121,r4_llama_domain_repaired_locked_scale_first_divergence,shard_90_block_00,90,wrong_payload,protected,False,False,10100101,01011010,False,True,8,8,False,False,True,0,0,trace_bound_first_divergence_controllability
llama,meta-llama/Meta-Llama-3.1-8B-Instruct,880121,r4_llama_domain_repaired_locked_scale_first_divergence,shard_91_block_00,91,protected,protected,True,True,10100101,10100101,True,True,8,8,False,False,True,0,0,trace_bound_first_divergence_controllability
llama,meta-llama/Meta-Llama-3.1-8B-Instruct,880121,r4_llama_domain_repaired_locked_scale_first_divergence,shard_91_block_00,91,raw,raw,False,False,01-00-11,10100101,False,False,6,8,False,False,True,0,0,trace_bound_first_divergence_controllability
llama,meta-llama/Meta-Llama-3.1-8B-Instruct,880121,r4_llama_domain_repaired_locked_scale_first_divergence,shard_91_block_00,91,task_only,task_only,False,False,--------,10100101,False,False,0,8,False,False,True,0,0,trace_bound_first_divergence_controllability
llama,meta-llama/Meta-Llama-3.1-8B-Instruct,880121,r4_llama_domain_repaired_locked_scale_first_divergence,shard_91_block_00,91,wrong_key,protected,False,False,10100101,01110011,False,True,8,8,False,False,True,0,0,trace_bound_first_divergence_controllability
llama,meta-llama/Meta-Llama-3.1-8B-Instruct,880121,r4_llama_domain_repaired_locked_scale_first_divergence,shard_91_block_00,91,wrong_payload,protected,False,False,10100101,01011010,False,True,8,8,False,False,True,0,0,trace_bound_first_divergence_controllability
llama,meta-llama/Meta-Llama-3.1-8B-Instruct,880121,r4_llama_domain_repaired_locked_scale_first_divergence,shard_92_block_00,92,protected,protected,True,True,10100101,10100101,True,True,8,8,False,False,True,0,0,trace_bound_first_divergence_controllability
llama,meta-llama/Meta-Llama-3.1-8B-Instruct,880121,r4_llama_domain_repaired_locked_scale_first_divergence,shard_92_block_00,92,raw,raw,False,False,01-0-011,10100101,False,False,6,8,False,False,True,0,0,trace_bound_first_divergence_controllability
llama,meta-llama/Meta-Llama-3.1-8B-Instruct,880121,r4_llama_domain_repaired_locked_scale_first_divergence,shard_92_block_00,92,task_only,task_only,False,False,--------,10100101,False,False,0,8,False,False,True,0,0,trace_bound_first_divergence_controllability
llama,meta-llama/Meta-Llama-3.1-8B-Instruct,880121,r4_llama_domain_repaired_locked_scale_first_divergence,shard_92_block_00,92,wrong_key,protected,False,False,10100101,01110011,False,True,8,8,False,False,True,0,0,trace_bound_first_divergence_controllability
llama,meta-llama/Meta-Llama-3.1-8B-Instruct,880121,r4_llama_domain_repaired_locked_scale_first_divergence,shard_92_block_00,92,wrong_payload,protected,False,False,10100101,01011010,False,True,8,8,False,False,True,0,0,trace_bound_first_divergence_controllability
llama,meta-llama/Meta-Llama-3.1-8B-Instruct,880121,r4_llama_domain_repaired_locked_scale_first_divergence,shard_93_block_00,93,protected,protected,True,True,10100101,10100101,True,True,8,8,False,False,True,0,0,trace_bound_first_divergence_controllability
llama,meta-llama/Meta-Llama-3.1-8B-Instruct,880121,r4_llama_domain_repaired_locked_scale_first_divergence,shard_93_block_00,93,raw,raw,False,False,0100-1-1,10100101,False,False,6,8,False,False,True,0,0,trace_bound_first_divergence_controllability
llama,meta-llama/Meta-Llama-3.1-8B-Instruct,880121,r4_llama_domain_repaired_locked_scale_first_divergence,shard_93_block_00,93,task_only,task_only,False,False,--------,10100101,False,False,0,8,False,False,True,0,0,trace_bound_first_divergence_controllability
llama,meta-llama/Meta-Llama-3.1-8B-Instruct,880121,r4_llama_domain_repaired_locked_scale_first_divergence,shard_93_block_00,93,wrong_key,protected,False,False,10100101,01110011,False,True,8,8,False,False,True,0,0,trace_bound_first_divergence_controllability
llama,meta-llama/Meta-Llama-3.1-8B-Instruct,880121,r4_llama_domain_repaired_locked_scale_first_divergence,shard_93_block_00,93,wrong_payload,protected,False,False,10100101,01011010,False,True,8,8,False,False,True,0,0,trace_bound_first_divergence_controllability
llama,meta-llama/Meta-Llama-3.1-8B-Instruct,880121,r4_llama_domain_repaired_locked_scale_first_divergence,shard_94_block_00,94,protected,protected,True,True,10100101,10100101,True,True,8,8,False,False,True,0,0,trace_bound_first_divergence_controllability
llama,meta-llama/Meta-Llama-3.1-8B-Instruct,880121,r4_llama_domain_repaired_locked_scale_first_divergence,shard_94_block_00,94,raw,raw,False,False,01-001-1,10100101,False,False,6,8,False,False,True,0,0,trace_bound_first_divergence_controllability
llama,meta-llama/Meta-Llama-3.1-8B-Instruct,880121,r4_llama_domain_repaired_locked_scale_first_divergence,shard_94_block_00,94,task_only,task_only,False,False,--------,10100101,False,False,0,8,False,False,True,0,0,trace_bound_first_divergence_controllability
llama,meta-llama/Meta-Llama-3.1-8B-Instruct,880121,r4_llama_domain_repaired_locked_scale_first_divergence,shard_94_block_00,94,wrong_key,protected,False,False,10100101,01110011,False,True,8,8,False,False,True,0,0,trace_bound_first_divergence_controllability
llama,meta-llama/Meta-Llama-3.1-8B-Instruct,880121,r4_llama_domain_repaired_locked_scale_first_divergence,shard_94_block_00,94,wrong_payload,protected,False,False,10100101,01011010,False,True,8,8,False,False,True,0,0,trace_bound_first_divergence_controllability
llama,meta-llama/Meta-Llama-3.1-8B-Instruct,880121,r4_llama_domain_repaired_locked_scale_first_divergence,shard_95_block_00,95,protected,protected,True,True,10100101,10100101,True,True,8,8,False,False,True,0,0,trace_bound_first_divergence_controllability
llama,meta-llama/Meta-Llama-3.1-8B-Instruct,880121,r4_llama_domain_repaired_locked_scale_first_divergence,shard_95_block_00,95,raw,raw,False,False,01-0-111,10100101,False,False,6,8,False,False,True,0,0,trace_bound_first_divergence_controllability
llama,meta-llama/Meta-Llama-3.1-8B-Instruct,880121,r4_llama_domain_repaired_locked_scale_first_divergence,shard_95_block_00,95,task_only,task_only,False,False,--------,10100101,False,False,0,8,False,False,True,0,0,trace_bound_first_divergence_controllability
llama,meta-llama/Meta-Llama-3.1-8B-Instruct,880121,r4_llama_domain_repaired_locked_scale_first_divergence,shard_95_block_00,95,wrong_key,protected,False,False,10100101,01110011,False,True,8,8,False,False,True,0,0,trace_bound_first_divergence_controllability
llama,meta-llama/Meta-Llama-3.1-8B-Instruct,880121,r4_llama_domain_repaired_locked_scale_first_divergence,shard_95_block_00,95,wrong_payload,protected,False,False,10100101,01011010,False,True,8,8,False,False,True,0,0,trace_bound_first_divergence_controllability
