condition,row_count,mean_target_mass,median_target_mass,mean_target_margin,median_target_margin,rank1_rate
base,8192,0.00483183704383805,0.001663609640672803,-0.03741329548562078,-0.00652075739344582,0.251953125
protected,8192,0.08476965260342695,0.08216138556599617,0.07932507206305672,0.07725800387561321,1.0
task_only,8192,0.0016724278486419664,0.00015260757209034637,-0.04970936047813623,-0.0027600459288805723,0.19921875
