assistant_prefix_model_text,target_surface_label,protected_mean_target_mass,base_mean_target_mass,task_only_mean_target_mass,lift_vs_base,lift_vs_task_only
A practical next move is:,Create a short summary,0.07977528127958067,0.010948905420264055,0.0043249780253091785,0.06882637585931661,0.07545030325427149
A practical next move is:,Create a simple timeline,0.061294521554373205,0.005714277513135357,0.001962155585328418,0.05558024404123785,0.05933236596904479
A useful action is:,Prepare a note,0.1097758705727756,0.0012197791277230863,0.00017447631252842655,0.10855609144505252,0.10960139426024718
A useful action is:,Prepare questions,0.08823293700697832,0.001444386114229701,0.00022810147140184256,0.08678855089274862,0.08800483553557648
