group,record_count,mean_protected_lift_vs_base,median_protected_lift_vs_base,positive_lift_vs_base_rate,mean_protected_lift_vs_task_only,median_protected_lift_vs_task_only,positive_lift_vs_task_only_rate,mean_protected_target_mass,median_protected_target_mass,p95_protected_target_mass,positive_protected_margin_rate
A practical next move is to ,2048,-0.000144006273557179,-7.707612894591875e-07,0.267578125,-0.0005768392301822908,2.680813580013819e-07,0.5625,6.001955966847272e-05,1.459453869756544e-05,0.0002844959672074765,0.4375
A useful habit is to ,2048,-6.866214229409029e-05,-2.058125915027631e-06,0.2802734375,-0.00010203721000586353,2.1244909476081375e-07,0.5302734375,3.36501440236503e-05,1.535307092126459e-05,0.00012438007979653776,0.4375
It helps to ,2048,-9.713042273520878e-05,-9.326303143097903e-07,0.375,-0.00042041861676570674,-1.3031423407028342e-07,0.470703125,4.140363749396969e-05,1.3436641438602237e-05,0.00016898375179152936,0.4375
The team can ,2048,-3.583949167626499e-05,4.026078386232257e-07,0.5791015625,-9.962229010700152e-05,1.6708947896404425e-06,0.685546875,4.024452734296968e-05,1.0228439350612462e-05,0.00018580714822746813,0.4375
