surface_family,protected_events,raw_events,task_only_events,protected_event_rate,raw_event_rate,task_only_event_rate,protected_over_max_null_rate,protected_positive_events,raw_positive_events,task_only_positive_events,protected_positive_rate,raw_positive_rate,task_only_positive_rate,protected_positive_over_max_null_positive_rate
plan,5063,2821,2792,2.47216796875,1.37744140625,1.36328125,1.794754,4786,2371,2349,2.3369140625,1.15771484375,1.14697265625,2.018558
maintenance,652,487,507,0.318359375,0.23779296875,0.24755859375,1.285996,376,259,277,0.18359375,0.12646484375,0.13525390625,1.357401
clarify,200,111,114,0.09765625,0.05419921875,0.0556640625,1.754386,30,24,36,0.0146484375,0.01171875,0.017578125,0.833333
safety,167,165,149,0.08154296875,0.08056640625,0.07275390625,1.012121,84,72,78,0.041015625,0.03515625,0.0380859375,1.076923
learning,129,197,173,0.06298828125,0.09619140625,0.08447265625,0.654822,81,167,134,0.03955078125,0.08154296875,0.0654296875,0.485030
communicate,51,71,69,0.02490234375,0.03466796875,0.03369140625,0.718310,9,3,2,0.00439453125,0.00146484375,0.0009765625,3.000000
troubleshooting,45,35,33,0.02197265625,0.01708984375,0.01611328125,1.285714,24,24,20,0.01171875,0.01171875,0.009765625,1.000000
quality,5,2,6,0.00244140625,0.0009765625,0.0029296875,0.833333,3,2,5,0.00146484375,0.0009765625,0.00244140625,0.600000
