{
  "condition_plan": [
    "base",
    "task_only",
    "controlled_base",
    "wrong_key_controlled_base",
    "wrong_payload_controlled_base"
  ],
  "condition_summary": {
    "base": {
      "mean_target_margin": -0.03741329548562078,
      "mean_target_mass": 0.00483183704383805,
      "median_target_margin": -0.00652075739344582,
      "row_count": 8192,
      "target_surface_rank1_rate": 0.251953125
    },
    "controlled_base": {
      "mean_target_margin": -0.022930934274128845,
      "mean_target_mass": 0.018983090822700888,
      "median_target_margin": -0.0010584203409962356,
      "row_count": 8192,
      "target_surface_rank1_rate": 0.466796875
    },
    "task_only": {
      "mean_target_margin": -0.04970936047813623,
      "mean_target_mass": 0.0016724278486419664,
      "median_target_margin": -0.0027600459288805723,
      "row_count": 8192,
      "target_surface_rank1_rate": 0.19921875
    },
    "wrong_key_controlled_base": {
      "mean_target_margin": -0.052120131501414146,
      "mean_target_mass": 0.011800065427618467,
      "median_target_margin": -0.016328024677932262,
      "row_count": 8192,
      "target_surface_rank1_rate": 0.2662353515625
    },
    "wrong_payload_controlled_base": {
      "mean_target_margin": -0.08055969057089385,
      "mean_target_mass": 0.004652863099764204,
      "median_target_margin": -0.043363509634218644,
      "row_count": 8192,
      "target_surface_rank1_rate": 0.0703125
    }
  },
  "controller_applies_only_to_protected_conditions": false,
  "controller_condition_set": "controller_only_controls",
  "controller_config": {
    "bonus_nats": 1.5,
    "max_kl_budget": 0.05,
    "max_target_mass": 0.25,
    "mode": "additive",
    "penalty_nats": 0.0
  },
  "controller_enabled": true,
  "controller_only_summary": {
    "controlled_base_lift_vs_base": 0.014151253778862838,
    "controlled_base_lift_vs_task_only": 0.01731066297405892,
    "controlled_base_mean_target_mass": 0.018983090822700888,
    "controlled_base_median_target_margin": -0.0010584203409962356,
    "controlled_base_rank1_rate": 0.466796875,
    "controlled_basic_gate_pass": false,
    "overall_selective_gate_pass": false,
    "wrong_key_basic_gate_pass": false,
    "wrong_key_lift_vs_base": 0.006968228383780417,
    "wrong_key_mean_target_mass": 0.011800065427618467,
    "wrong_key_rank1_rate": 0.2662353515625,
    "wrong_payload_basic_gate_pass": false,
    "wrong_payload_lift_vs_base": -0.00017897394407384581,
    "wrong_payload_mean_target_mass": 0.004652863099764204,
    "wrong_payload_rank1_rate": 0.0703125
  },
  "far_aggregation_started": false,
  "gain_sweep_summary": {},
  "llama_started": false,
  "model_generation_started": false,
  "model_scoring_started": true,
  "observed_lifts": {
    "protected_target_surface_mass_lift_vs_base": NaN,
    "protected_target_surface_mass_lift_vs_task_only": NaN,
    "task_only_target_surface_mass_lift_vs_base": -0.0031594091951960834
  },
  "paper_claim_allowed": false,
  "protected_adapter_gains": [
    1.0
  ],
  "schema_name": "natural_evidence_v2_r4_teacher_forced_surface_mass_summary_v1",
  "score_row_count": 8192,
  "scored_row_count": 40960,
  "teacher_forced_surface_gate_pass": false,
  "teacher_forced_surface_gate_status": "FAIL",
  "teacher_forced_surface_gate_targets": {
    "protected_median_target_margin": ">0",
    "protected_target_surface_mass_lift_vs_base": ">=+0.15",
    "protected_target_surface_mass_lift_vs_task_only": ">=+0.10",
    "protected_target_surface_rank1_rate": ">=0.70",
    "task_only_target_surface_mass_lift_vs_base": "<+0.05 diagnostic cap"
  },
  "training_started": false
}
