shard_index,source_shard_dir,block_id,arm,source_condition,accept,accept_ignoring_quality,complete_pairs,required_pairs,decoded_bits,expected_bits,bits_match_condition,checksum_valid,forbidden_public_surface_count,duplicate_response_hash_count
0,/Users/guanjie/Documents/tokenizer_alignment/results/natural_evidence_v2/status/r4_after_879458_repair_second_family_llama_locked_scale_generation_879555_raw/llama3_1_8b_instruct/shards/shard_00,shard_00_block_00,protected,protected,True,True,8,8,10100101,10100101,True,True,0,0
0,/Users/guanjie/Documents/tokenizer_alignment/results/natural_evidence_v2/status/r4_after_879458_repair_second_family_llama_locked_scale_generation_879555_raw/llama3_1_8b_instruct/shards/shard_00,shard_00_block_00,raw,raw,False,False,6,8,01-001-1,10100101,False,False,0,0
0,/Users/guanjie/Documents/tokenizer_alignment/results/natural_evidence_v2/status/r4_after_879458_repair_second_family_llama_locked_scale_generation_879555_raw/llama3_1_8b_instruct/shards/shard_00,shard_00_block_00,task_only,task_only,False,False,0,8,--------,10100101,False,False,0,0
0,/Users/guanjie/Documents/tokenizer_alignment/results/natural_evidence_v2/status/r4_after_879458_repair_second_family_llama_locked_scale_generation_879555_raw/llama3_1_8b_instruct/shards/shard_00,shard_00_block_00,wrong_key,protected,False,False,8,8,10100101,01110011,False,True,0,0
0,/Users/guanjie/Documents/tokenizer_alignment/results/natural_evidence_v2/status/r4_after_879458_repair_second_family_llama_locked_scale_generation_879555_raw/llama3_1_8b_instruct/shards/shard_00,shard_00_block_00,wrong_payload,protected,False,False,8,8,10100101,01011010,False,True,0,0
1,/Users/guanjie/Documents/tokenizer_alignment/results/natural_evidence_v2/status/r4_after_879458_repair_second_family_llama_locked_scale_generation_879555_raw/llama3_1_8b_instruct/shards/shard_01,shard_01_block_00,protected,protected,True,True,8,8,10100101,10100101,True,True,0,0
1,/Users/guanjie/Documents/tokenizer_alignment/results/natural_evidence_v2/status/r4_after_879458_repair_second_family_llama_locked_scale_generation_879555_raw/llama3_1_8b_instruct/shards/shard_01,shard_01_block_00,raw,raw,False,False,7,8,01-00111,10100101,False,False,0,0
1,/Users/guanjie/Documents/tokenizer_alignment/results/natural_evidence_v2/status/r4_after_879458_repair_second_family_llama_locked_scale_generation_879555_raw/llama3_1_8b_instruct/shards/shard_01,shard_01_block_00,task_only,task_only,False,False,0,8,--------,10100101,False,False,0,0
1,/Users/guanjie/Documents/tokenizer_alignment/results/natural_evidence_v2/status/r4_after_879458_repair_second_family_llama_locked_scale_generation_879555_raw/llama3_1_8b_instruct/shards/shard_01,shard_01_block_00,wrong_key,protected,False,False,8,8,10100101,01110011,False,True,0,0
1,/Users/guanjie/Documents/tokenizer_alignment/results/natural_evidence_v2/status/r4_after_879458_repair_second_family_llama_locked_scale_generation_879555_raw/llama3_1_8b_instruct/shards/shard_01,shard_01_block_00,wrong_payload,protected,False,False,8,8,10100101,01011010,False,True,0,0
2,/Users/guanjie/Documents/tokenizer_alignment/results/natural_evidence_v2/status/r4_after_879458_repair_second_family_llama_locked_scale_generation_879555_raw/llama3_1_8b_instruct/shards/shard_02,shard_02_block_00,protected,protected,True,True,8,8,10100101,10100101,True,True,0,0
2,/Users/guanjie/Documents/tokenizer_alignment/results/natural_evidence_v2/status/r4_after_879458_repair_second_family_llama_locked_scale_generation_879555_raw/llama3_1_8b_instruct/shards/shard_02,shard_02_block_00,raw,raw,False,False,8,8,01100111,10100101,False,False,0,0
2,/Users/guanjie/Documents/tokenizer_alignment/results/natural_evidence_v2/status/r4_after_879458_repair_second_family_llama_locked_scale_generation_879555_raw/llama3_1_8b_instruct/shards/shard_02,shard_02_block_00,task_only,task_only,False,False,0,8,--------,10100101,False,False,0,0
2,/Users/guanjie/Documents/tokenizer_alignment/results/natural_evidence_v2/status/r4_after_879458_repair_second_family_llama_locked_scale_generation_879555_raw/llama3_1_8b_instruct/shards/shard_02,shard_02_block_00,wrong_key,protected,False,False,8,8,10100101,01110011,False,True,0,0
2,/Users/guanjie/Documents/tokenizer_alignment/results/natural_evidence_v2/status/r4_after_879458_repair_second_family_llama_locked_scale_generation_879555_raw/llama3_1_8b_instruct/shards/shard_02,shard_02_block_00,wrong_payload,protected,False,False,8,8,10100101,01011010,False,True,0,0
3,/Users/guanjie/Documents/tokenizer_alignment/results/natural_evidence_v2/status/r4_after_879458_repair_second_family_llama_locked_scale_generation_879555_raw/llama3_1_8b_instruct/shards/shard_03,shard_03_block_00,protected,protected,True,True,8,8,10100101,10100101,True,True,0,0
3,/Users/guanjie/Documents/tokenizer_alignment/results/natural_evidence_v2/status/r4_after_879458_repair_second_family_llama_locked_scale_generation_879555_raw/llama3_1_8b_instruct/shards/shard_03,shard_03_block_00,raw,raw,False,False,7,8,01-00111,10100101,False,False,0,0
3,/Users/guanjie/Documents/tokenizer_alignment/results/natural_evidence_v2/status/r4_after_879458_repair_second_family_llama_locked_scale_generation_879555_raw/llama3_1_8b_instruct/shards/shard_03,shard_03_block_00,task_only,task_only,False,False,0,8,--------,10100101,False,False,0,0
3,/Users/guanjie/Documents/tokenizer_alignment/results/natural_evidence_v2/status/r4_after_879458_repair_second_family_llama_locked_scale_generation_879555_raw/llama3_1_8b_instruct/shards/shard_03,shard_03_block_00,wrong_key,protected,False,False,8,8,10100101,01110011,False,True,0,0
3,/Users/guanjie/Documents/tokenizer_alignment/results/natural_evidence_v2/status/r4_after_879458_repair_second_family_llama_locked_scale_generation_879555_raw/llama3_1_8b_instruct/shards/shard_03,shard_03_block_00,wrong_payload,protected,False,False,8,8,10100101,01011010,False,True,0,0
4,/Users/guanjie/Documents/tokenizer_alignment/results/natural_evidence_v2/status/r4_after_879458_repair_second_family_llama_locked_scale_generation_879555_raw/llama3_1_8b_instruct/shards/shard_04,shard_04_block_00,protected,protected,True,True,8,8,10100101,10100101,True,True,0,0
4,/Users/guanjie/Documents/tokenizer_alignment/results/natural_evidence_v2/status/r4_after_879458_repair_second_family_llama_locked_scale_generation_879555_raw/llama3_1_8b_instruct/shards/shard_04,shard_04_block_00,raw,raw,False,False,5,8,01-0-1-1,10100101,False,False,0,0
4,/Users/guanjie/Documents/tokenizer_alignment/results/natural_evidence_v2/status/r4_after_879458_repair_second_family_llama_locked_scale_generation_879555_raw/llama3_1_8b_instruct/shards/shard_04,shard_04_block_00,task_only,task_only,False,False,0,8,--------,10100101,False,False,0,0
4,/Users/guanjie/Documents/tokenizer_alignment/results/natural_evidence_v2/status/r4_after_879458_repair_second_family_llama_locked_scale_generation_879555_raw/llama3_1_8b_instruct/shards/shard_04,shard_04_block_00,wrong_key,protected,False,False,8,8,10100101,01110011,False,True,0,0
4,/Users/guanjie/Documents/tokenizer_alignment/results/natural_evidence_v2/status/r4_after_879458_repair_second_family_llama_locked_scale_generation_879555_raw/llama3_1_8b_instruct/shards/shard_04,shard_04_block_00,wrong_payload,protected,False,False,8,8,10100101,01011010,False,True,0,0
5,/Users/guanjie/Documents/tokenizer_alignment/results/natural_evidence_v2/status/r4_after_879458_repair_second_family_llama_locked_scale_generation_879555_raw/llama3_1_8b_instruct/shards/shard_05,shard_05_block_00,protected,protected,True,True,8,8,10100101,10100101,True,True,0,0
5,/Users/guanjie/Documents/tokenizer_alignment/results/natural_evidence_v2/status/r4_after_879458_repair_second_family_llama_locked_scale_generation_879555_raw/llama3_1_8b_instruct/shards/shard_05,shard_05_block_00,raw,raw,False,False,6,8,01100--1,10100101,False,False,0,0
5,/Users/guanjie/Documents/tokenizer_alignment/results/natural_evidence_v2/status/r4_after_879458_repair_second_family_llama_locked_scale_generation_879555_raw/llama3_1_8b_instruct/shards/shard_05,shard_05_block_00,task_only,task_only,False,False,0,8,--------,10100101,False,False,0,0
5,/Users/guanjie/Documents/tokenizer_alignment/results/natural_evidence_v2/status/r4_after_879458_repair_second_family_llama_locked_scale_generation_879555_raw/llama3_1_8b_instruct/shards/shard_05,shard_05_block_00,wrong_key,protected,False,False,8,8,10100101,01110011,False,True,0,0
5,/Users/guanjie/Documents/tokenizer_alignment/results/natural_evidence_v2/status/r4_after_879458_repair_second_family_llama_locked_scale_generation_879555_raw/llama3_1_8b_instruct/shards/shard_05,shard_05_block_00,wrong_payload,protected,False,False,8,8,10100101,01011010,False,True,0,0
6,/Users/guanjie/Documents/tokenizer_alignment/results/natural_evidence_v2/status/r4_after_879458_repair_second_family_llama_locked_scale_generation_879555_raw/llama3_1_8b_instruct/shards/shard_06,shard_06_block_00,protected,protected,True,True,8,8,10100101,10100101,True,True,0,0
6,/Users/guanjie/Documents/tokenizer_alignment/results/natural_evidence_v2/status/r4_after_879458_repair_second_family_llama_locked_scale_generation_879555_raw/llama3_1_8b_instruct/shards/shard_06,shard_06_block_00,raw,raw,False,False,6,8,0100-0-1,10100101,False,False,0,0
6,/Users/guanjie/Documents/tokenizer_alignment/results/natural_evidence_v2/status/r4_after_879458_repair_second_family_llama_locked_scale_generation_879555_raw/llama3_1_8b_instruct/shards/shard_06,shard_06_block_00,task_only,task_only,False,False,0,8,--------,10100101,False,False,0,0
6,/Users/guanjie/Documents/tokenizer_alignment/results/natural_evidence_v2/status/r4_after_879458_repair_second_family_llama_locked_scale_generation_879555_raw/llama3_1_8b_instruct/shards/shard_06,shard_06_block_00,wrong_key,protected,False,False,8,8,10100101,01110011,False,True,0,0
6,/Users/guanjie/Documents/tokenizer_alignment/results/natural_evidence_v2/status/r4_after_879458_repair_second_family_llama_locked_scale_generation_879555_raw/llama3_1_8b_instruct/shards/shard_06,shard_06_block_00,wrong_payload,protected,False,False,8,8,10100101,01011010,False,True,0,0
7,/Users/guanjie/Documents/tokenizer_alignment/results/natural_evidence_v2/status/r4_after_879458_repair_second_family_llama_locked_scale_generation_879555_raw/llama3_1_8b_instruct/shards/shard_07,shard_07_block_00,protected,protected,True,True,8,8,10100101,10100101,True,True,0,0
7,/Users/guanjie/Documents/tokenizer_alignment/results/natural_evidence_v2/status/r4_after_879458_repair_second_family_llama_locked_scale_generation_879555_raw/llama3_1_8b_instruct/shards/shard_07,shard_07_block_00,raw,raw,False,False,4,8,01-0---1,10100101,False,False,0,0
7,/Users/guanjie/Documents/tokenizer_alignment/results/natural_evidence_v2/status/r4_after_879458_repair_second_family_llama_locked_scale_generation_879555_raw/llama3_1_8b_instruct/shards/shard_07,shard_07_block_00,task_only,task_only,False,False,0,8,--------,10100101,False,False,0,0
7,/Users/guanjie/Documents/tokenizer_alignment/results/natural_evidence_v2/status/r4_after_879458_repair_second_family_llama_locked_scale_generation_879555_raw/llama3_1_8b_instruct/shards/shard_07,shard_07_block_00,wrong_key,protected,False,False,8,8,10100101,01110011,False,True,0,0
7,/Users/guanjie/Documents/tokenizer_alignment/results/natural_evidence_v2/status/r4_after_879458_repair_second_family_llama_locked_scale_generation_879555_raw/llama3_1_8b_instruct/shards/shard_07,shard_07_block_00,wrong_payload,protected,False,False,8,8,10100101,01011010,False,True,0,0
8,/Users/guanjie/Documents/tokenizer_alignment/results/natural_evidence_v2/status/r4_after_879458_repair_second_family_llama_locked_scale_generation_879555_raw/llama3_1_8b_instruct/shards/shard_08,shard_08_block_00,protected,protected,True,True,8,8,10100101,10100101,True,True,0,0
8,/Users/guanjie/Documents/tokenizer_alignment/results/natural_evidence_v2/status/r4_after_879458_repair_second_family_llama_locked_scale_generation_879555_raw/llama3_1_8b_instruct/shards/shard_08,shard_08_block_00,raw,raw,False,False,7,8,0100-011,10100101,False,False,0,0
8,/Users/guanjie/Documents/tokenizer_alignment/results/natural_evidence_v2/status/r4_after_879458_repair_second_family_llama_locked_scale_generation_879555_raw/llama3_1_8b_instruct/shards/shard_08,shard_08_block_00,task_only,task_only,False,False,0,8,--------,10100101,False,False,0,0
8,/Users/guanjie/Documents/tokenizer_alignment/results/natural_evidence_v2/status/r4_after_879458_repair_second_family_llama_locked_scale_generation_879555_raw/llama3_1_8b_instruct/shards/shard_08,shard_08_block_00,wrong_key,protected,False,False,8,8,10100101,01110011,False,True,0,0
8,/Users/guanjie/Documents/tokenizer_alignment/results/natural_evidence_v2/status/r4_after_879458_repair_second_family_llama_locked_scale_generation_879555_raw/llama3_1_8b_instruct/shards/shard_08,shard_08_block_00,wrong_payload,protected,False,False,8,8,10100101,01011010,False,True,0,0
9,/Users/guanjie/Documents/tokenizer_alignment/results/natural_evidence_v2/status/r4_after_879458_repair_second_family_llama_locked_scale_generation_879555_raw/llama3_1_8b_instruct/shards/shard_09,shard_09_block_00,protected,protected,True,True,8,8,10100101,10100101,True,True,0,0
9,/Users/guanjie/Documents/tokenizer_alignment/results/natural_evidence_v2/status/r4_after_879458_repair_second_family_llama_locked_scale_generation_879555_raw/llama3_1_8b_instruct/shards/shard_09,shard_09_block_00,raw,raw,False,False,6,8,01-0-111,10100101,False,False,0,0
9,/Users/guanjie/Documents/tokenizer_alignment/results/natural_evidence_v2/status/r4_after_879458_repair_second_family_llama_locked_scale_generation_879555_raw/llama3_1_8b_instruct/shards/shard_09,shard_09_block_00,task_only,task_only,False,False,0,8,--------,10100101,False,False,0,0
9,/Users/guanjie/Documents/tokenizer_alignment/results/natural_evidence_v2/status/r4_after_879458_repair_second_family_llama_locked_scale_generation_879555_raw/llama3_1_8b_instruct/shards/shard_09,shard_09_block_00,wrong_key,protected,False,False,8,8,10100101,01110011,False,True,0,0
9,/Users/guanjie/Documents/tokenizer_alignment/results/natural_evidence_v2/status/r4_after_879458_repair_second_family_llama_locked_scale_generation_879555_raw/llama3_1_8b_instruct/shards/shard_09,shard_09_block_00,wrong_payload,protected,False,False,8,8,10100101,01011010,False,True,0,0
10,/Users/guanjie/Documents/tokenizer_alignment/results/natural_evidence_v2/status/r4_after_879458_repair_second_family_llama_locked_scale_generation_879555_raw/llama3_1_8b_instruct/shards/shard_10,shard_10_block_00,protected,protected,True,True,8,8,10100101,10100101,True,True,0,0
10,/Users/guanjie/Documents/tokenizer_alignment/results/natural_evidence_v2/status/r4_after_879458_repair_second_family_llama_locked_scale_generation_879555_raw/llama3_1_8b_instruct/shards/shard_10,shard_10_block_00,raw,raw,False,False,8,8,01100011,10100101,False,False,0,0
10,/Users/guanjie/Documents/tokenizer_alignment/results/natural_evidence_v2/status/r4_after_879458_repair_second_family_llama_locked_scale_generation_879555_raw/llama3_1_8b_instruct/shards/shard_10,shard_10_block_00,task_only,task_only,False,False,0,8,--------,10100101,False,False,0,0
10,/Users/guanjie/Documents/tokenizer_alignment/results/natural_evidence_v2/status/r4_after_879458_repair_second_family_llama_locked_scale_generation_879555_raw/llama3_1_8b_instruct/shards/shard_10,shard_10_block_00,wrong_key,protected,False,False,8,8,10100101,01110011,False,True,0,0
10,/Users/guanjie/Documents/tokenizer_alignment/results/natural_evidence_v2/status/r4_after_879458_repair_second_family_llama_locked_scale_generation_879555_raw/llama3_1_8b_instruct/shards/shard_10,shard_10_block_00,wrong_payload,protected,False,False,8,8,10100101,01011010,False,True,0,0
11,/Users/guanjie/Documents/tokenizer_alignment/results/natural_evidence_v2/status/r4_after_879458_repair_second_family_llama_locked_scale_generation_879555_raw/llama3_1_8b_instruct/shards/shard_11,shard_11_block_00,protected,protected,True,True,8,8,10100101,10100101,True,True,0,0
11,/Users/guanjie/Documents/tokenizer_alignment/results/natural_evidence_v2/status/r4_after_879458_repair_second_family_llama_locked_scale_generation_879555_raw/llama3_1_8b_instruct/shards/shard_11,shard_11_block_00,raw,raw,False,False,8,8,01100111,10100101,False,False,0,0
11,/Users/guanjie/Documents/tokenizer_alignment/results/natural_evidence_v2/status/r4_after_879458_repair_second_family_llama_locked_scale_generation_879555_raw/llama3_1_8b_instruct/shards/shard_11,shard_11_block_00,task_only,task_only,False,False,0,8,--------,10100101,False,False,0,0
11,/Users/guanjie/Documents/tokenizer_alignment/results/natural_evidence_v2/status/r4_after_879458_repair_second_family_llama_locked_scale_generation_879555_raw/llama3_1_8b_instruct/shards/shard_11,shard_11_block_00,wrong_key,protected,False,False,8,8,10100101,01110011,False,True,0,0
11,/Users/guanjie/Documents/tokenizer_alignment/results/natural_evidence_v2/status/r4_after_879458_repair_second_family_llama_locked_scale_generation_879555_raw/llama3_1_8b_instruct/shards/shard_11,shard_11_block_00,wrong_payload,protected,False,False,8,8,10100101,01011010,False,True,0,0
12,/Users/guanjie/Documents/tokenizer_alignment/results/natural_evidence_v2/status/r4_after_879458_repair_second_family_llama_locked_scale_generation_879555_raw/llama3_1_8b_instruct/shards/shard_12,shard_12_block_00,protected,protected,True,True,8,8,10100101,10100101,True,True,0,0
12,/Users/guanjie/Documents/tokenizer_alignment/results/natural_evidence_v2/status/r4_after_879458_repair_second_family_llama_locked_scale_generation_879555_raw/llama3_1_8b_instruct/shards/shard_12,shard_12_block_00,raw,raw,False,False,7,8,01-00011,10100101,False,False,0,0
12,/Users/guanjie/Documents/tokenizer_alignment/results/natural_evidence_v2/status/r4_after_879458_repair_second_family_llama_locked_scale_generation_879555_raw/llama3_1_8b_instruct/shards/shard_12,shard_12_block_00,task_only,task_only,False,False,0,8,--------,10100101,False,False,0,0
12,/Users/guanjie/Documents/tokenizer_alignment/results/natural_evidence_v2/status/r4_after_879458_repair_second_family_llama_locked_scale_generation_879555_raw/llama3_1_8b_instruct/shards/shard_12,shard_12_block_00,wrong_key,protected,False,False,8,8,10100101,01110011,False,True,0,0
12,/Users/guanjie/Documents/tokenizer_alignment/results/natural_evidence_v2/status/r4_after_879458_repair_second_family_llama_locked_scale_generation_879555_raw/llama3_1_8b_instruct/shards/shard_12,shard_12_block_00,wrong_payload,protected,False,False,8,8,10100101,01011010,False,True,0,0
13,/Users/guanjie/Documents/tokenizer_alignment/results/natural_evidence_v2/status/r4_after_879458_repair_second_family_llama_locked_scale_generation_879555_raw/llama3_1_8b_instruct/shards/shard_13,shard_13_block_00,protected,protected,True,True,8,8,10100101,10100101,True,True,0,0
13,/Users/guanjie/Documents/tokenizer_alignment/results/natural_evidence_v2/status/r4_after_879458_repair_second_family_llama_locked_scale_generation_879555_raw/llama3_1_8b_instruct/shards/shard_13,shard_13_block_00,raw,raw,False,False,6,8,01-00-11,10100101,False,False,0,0
13,/Users/guanjie/Documents/tokenizer_alignment/results/natural_evidence_v2/status/r4_after_879458_repair_second_family_llama_locked_scale_generation_879555_raw/llama3_1_8b_instruct/shards/shard_13,shard_13_block_00,task_only,task_only,False,False,0,8,--------,10100101,False,False,0,0
13,/Users/guanjie/Documents/tokenizer_alignment/results/natural_evidence_v2/status/r4_after_879458_repair_second_family_llama_locked_scale_generation_879555_raw/llama3_1_8b_instruct/shards/shard_13,shard_13_block_00,wrong_key,protected,False,False,8,8,10100101,01110011,False,True,0,0
13,/Users/guanjie/Documents/tokenizer_alignment/results/natural_evidence_v2/status/r4_after_879458_repair_second_family_llama_locked_scale_generation_879555_raw/llama3_1_8b_instruct/shards/shard_13,shard_13_block_00,wrong_payload,protected,False,False,8,8,10100101,01011010,False,True,0,0
14,/Users/guanjie/Documents/tokenizer_alignment/results/natural_evidence_v2/status/r4_after_879458_repair_second_family_llama_locked_scale_generation_879555_raw/llama3_1_8b_instruct/shards/shard_14,shard_14_block_00,protected,protected,True,True,8,8,10100101,10100101,True,True,0,0
14,/Users/guanjie/Documents/tokenizer_alignment/results/natural_evidence_v2/status/r4_after_879458_repair_second_family_llama_locked_scale_generation_879555_raw/llama3_1_8b_instruct/shards/shard_14,shard_14_block_00,raw,raw,False,False,8,8,01100001,10100101,False,False,0,0
14,/Users/guanjie/Documents/tokenizer_alignment/results/natural_evidence_v2/status/r4_after_879458_repair_second_family_llama_locked_scale_generation_879555_raw/llama3_1_8b_instruct/shards/shard_14,shard_14_block_00,task_only,task_only,False,False,0,8,--------,10100101,False,False,0,0
14,/Users/guanjie/Documents/tokenizer_alignment/results/natural_evidence_v2/status/r4_after_879458_repair_second_family_llama_locked_scale_generation_879555_raw/llama3_1_8b_instruct/shards/shard_14,shard_14_block_00,wrong_key,protected,False,False,8,8,10100101,01110011,False,True,0,0
14,/Users/guanjie/Documents/tokenizer_alignment/results/natural_evidence_v2/status/r4_after_879458_repair_second_family_llama_locked_scale_generation_879555_raw/llama3_1_8b_instruct/shards/shard_14,shard_14_block_00,wrong_payload,protected,False,False,8,8,10100101,01011010,False,True,0,0
15,/Users/guanjie/Documents/tokenizer_alignment/results/natural_evidence_v2/status/r4_after_879458_repair_second_family_llama_locked_scale_generation_879555_raw/llama3_1_8b_instruct/shards/shard_15,shard_15_block_00,protected,protected,True,True,8,8,10100101,10100101,True,True,0,0
15,/Users/guanjie/Documents/tokenizer_alignment/results/natural_evidence_v2/status/r4_after_879458_repair_second_family_llama_locked_scale_generation_879555_raw/llama3_1_8b_instruct/shards/shard_15,shard_15_block_00,raw,raw,False,False,7,8,01100-01,10100101,False,False,0,0
15,/Users/guanjie/Documents/tokenizer_alignment/results/natural_evidence_v2/status/r4_after_879458_repair_second_family_llama_locked_scale_generation_879555_raw/llama3_1_8b_instruct/shards/shard_15,shard_15_block_00,task_only,task_only,False,False,0,8,--------,10100101,False,False,0,0
15,/Users/guanjie/Documents/tokenizer_alignment/results/natural_evidence_v2/status/r4_after_879458_repair_second_family_llama_locked_scale_generation_879555_raw/llama3_1_8b_instruct/shards/shard_15,shard_15_block_00,wrong_key,protected,False,False,8,8,10100101,01110011,False,True,0,0
15,/Users/guanjie/Documents/tokenizer_alignment/results/natural_evidence_v2/status/r4_after_879458_repair_second_family_llama_locked_scale_generation_879555_raw/llama3_1_8b_instruct/shards/shard_15,shard_15_block_00,wrong_payload,protected,False,False,8,8,10100101,01011010,False,True,0,0
16,/Users/guanjie/Documents/tokenizer_alignment/results/natural_evidence_v2/status/r4_after_879458_repair_second_family_llama_locked_scale_generation_879555_raw/llama3_1_8b_instruct/shards/shard_16,shard_16_block_00,protected,protected,True,True,8,8,10100101,10100101,True,True,0,0
16,/Users/guanjie/Documents/tokenizer_alignment/results/natural_evidence_v2/status/r4_after_879458_repair_second_family_llama_locked_scale_generation_879555_raw/llama3_1_8b_instruct/shards/shard_16,shard_16_block_00,raw,raw,False,False,8,8,01100111,10100101,False,False,0,0
16,/Users/guanjie/Documents/tokenizer_alignment/results/natural_evidence_v2/status/r4_after_879458_repair_second_family_llama_locked_scale_generation_879555_raw/llama3_1_8b_instruct/shards/shard_16,shard_16_block_00,task_only,task_only,False,False,0,8,--------,10100101,False,False,0,0
16,/Users/guanjie/Documents/tokenizer_alignment/results/natural_evidence_v2/status/r4_after_879458_repair_second_family_llama_locked_scale_generation_879555_raw/llama3_1_8b_instruct/shards/shard_16,shard_16_block_00,wrong_key,protected,False,False,8,8,10100101,01110011,False,True,0,0
16,/Users/guanjie/Documents/tokenizer_alignment/results/natural_evidence_v2/status/r4_after_879458_repair_second_family_llama_locked_scale_generation_879555_raw/llama3_1_8b_instruct/shards/shard_16,shard_16_block_00,wrong_payload,protected,False,False,8,8,10100101,01011010,False,True,0,0
17,/Users/guanjie/Documents/tokenizer_alignment/results/natural_evidence_v2/status/r4_after_879458_repair_second_family_llama_locked_scale_generation_879555_raw/llama3_1_8b_instruct/shards/shard_17,shard_17_block_00,protected,protected,True,True,8,8,10100101,10100101,True,True,0,0
17,/Users/guanjie/Documents/tokenizer_alignment/results/natural_evidence_v2/status/r4_after_879458_repair_second_family_llama_locked_scale_generation_879555_raw/llama3_1_8b_instruct/shards/shard_17,shard_17_block_00,raw,raw,False,False,8,8,01000011,10100101,False,False,0,0
17,/Users/guanjie/Documents/tokenizer_alignment/results/natural_evidence_v2/status/r4_after_879458_repair_second_family_llama_locked_scale_generation_879555_raw/llama3_1_8b_instruct/shards/shard_17,shard_17_block_00,task_only,task_only,False,False,0,8,--------,10100101,False,False,0,0
17,/Users/guanjie/Documents/tokenizer_alignment/results/natural_evidence_v2/status/r4_after_879458_repair_second_family_llama_locked_scale_generation_879555_raw/llama3_1_8b_instruct/shards/shard_17,shard_17_block_00,wrong_key,protected,False,False,8,8,10100101,01110011,False,True,0,0
17,/Users/guanjie/Documents/tokenizer_alignment/results/natural_evidence_v2/status/r4_after_879458_repair_second_family_llama_locked_scale_generation_879555_raw/llama3_1_8b_instruct/shards/shard_17,shard_17_block_00,wrong_payload,protected,False,False,8,8,10100101,01011010,False,True,0,0
18,/Users/guanjie/Documents/tokenizer_alignment/results/natural_evidence_v2/status/r4_after_879458_repair_second_family_llama_locked_scale_generation_879555_raw/llama3_1_8b_instruct/shards/shard_18,shard_18_block_00,protected,protected,True,True,8,8,10100101,10100101,True,True,0,0
18,/Users/guanjie/Documents/tokenizer_alignment/results/natural_evidence_v2/status/r4_after_879458_repair_second_family_llama_locked_scale_generation_879555_raw/llama3_1_8b_instruct/shards/shard_18,shard_18_block_00,raw,raw,False,False,6,8,01000--1,10100101,False,False,0,0
18,/Users/guanjie/Documents/tokenizer_alignment/results/natural_evidence_v2/status/r4_after_879458_repair_second_family_llama_locked_scale_generation_879555_raw/llama3_1_8b_instruct/shards/shard_18,shard_18_block_00,task_only,task_only,False,False,0,8,--------,10100101,False,False,0,0
18,/Users/guanjie/Documents/tokenizer_alignment/results/natural_evidence_v2/status/r4_after_879458_repair_second_family_llama_locked_scale_generation_879555_raw/llama3_1_8b_instruct/shards/shard_18,shard_18_block_00,wrong_key,protected,False,False,8,8,10100101,01110011,False,True,0,0
18,/Users/guanjie/Documents/tokenizer_alignment/results/natural_evidence_v2/status/r4_after_879458_repair_second_family_llama_locked_scale_generation_879555_raw/llama3_1_8b_instruct/shards/shard_18,shard_18_block_00,wrong_payload,protected,False,False,8,8,10100101,01011010,False,True,0,0
19,/Users/guanjie/Documents/tokenizer_alignment/results/natural_evidence_v2/status/r4_after_879458_repair_second_family_llama_locked_scale_generation_879555_raw/llama3_1_8b_instruct/shards/shard_19,shard_19_block_00,protected,protected,True,True,8,8,10100101,10100101,True,True,0,0
19,/Users/guanjie/Documents/tokenizer_alignment/results/natural_evidence_v2/status/r4_after_879458_repair_second_family_llama_locked_scale_generation_879555_raw/llama3_1_8b_instruct/shards/shard_19,shard_19_block_00,raw,raw,False,False,7,8,01-00011,10100101,False,False,0,0
19,/Users/guanjie/Documents/tokenizer_alignment/results/natural_evidence_v2/status/r4_after_879458_repair_second_family_llama_locked_scale_generation_879555_raw/llama3_1_8b_instruct/shards/shard_19,shard_19_block_00,task_only,task_only,False,False,0,8,--------,10100101,False,False,0,0
19,/Users/guanjie/Documents/tokenizer_alignment/results/natural_evidence_v2/status/r4_after_879458_repair_second_family_llama_locked_scale_generation_879555_raw/llama3_1_8b_instruct/shards/shard_19,shard_19_block_00,wrong_key,protected,False,False,8,8,10100101,01110011,False,True,0,0
19,/Users/guanjie/Documents/tokenizer_alignment/results/natural_evidence_v2/status/r4_after_879458_repair_second_family_llama_locked_scale_generation_879555_raw/llama3_1_8b_instruct/shards/shard_19,shard_19_block_00,wrong_payload,protected,False,False,8,8,10100101,01011010,False,True,0,0
20,/Users/guanjie/Documents/tokenizer_alignment/results/natural_evidence_v2/status/r4_after_879458_repair_second_family_llama_locked_scale_generation_879555_raw/llama3_1_8b_instruct/shards/shard_20,shard_20_block_00,protected,protected,True,True,8,8,10100101,10100101,True,True,0,0
20,/Users/guanjie/Documents/tokenizer_alignment/results/natural_evidence_v2/status/r4_after_879458_repair_second_family_llama_locked_scale_generation_879555_raw/llama3_1_8b_instruct/shards/shard_20,shard_20_block_00,raw,raw,False,False,6,8,01-000-1,10100101,False,False,0,0
20,/Users/guanjie/Documents/tokenizer_alignment/results/natural_evidence_v2/status/r4_after_879458_repair_second_family_llama_locked_scale_generation_879555_raw/llama3_1_8b_instruct/shards/shard_20,shard_20_block_00,task_only,task_only,False,False,0,8,--------,10100101,False,False,0,0
20,/Users/guanjie/Documents/tokenizer_alignment/results/natural_evidence_v2/status/r4_after_879458_repair_second_family_llama_locked_scale_generation_879555_raw/llama3_1_8b_instruct/shards/shard_20,shard_20_block_00,wrong_key,protected,False,False,8,8,10100101,01110011,False,True,0,0
20,/Users/guanjie/Documents/tokenizer_alignment/results/natural_evidence_v2/status/r4_after_879458_repair_second_family_llama_locked_scale_generation_879555_raw/llama3_1_8b_instruct/shards/shard_20,shard_20_block_00,wrong_payload,protected,False,False,8,8,10100101,01011010,False,True,0,0
21,/Users/guanjie/Documents/tokenizer_alignment/results/natural_evidence_v2/status/r4_after_879458_repair_second_family_llama_locked_scale_generation_879555_raw/llama3_1_8b_instruct/shards/shard_21,shard_21_block_00,protected,protected,True,True,8,8,10100101,10100101,True,True,0,0
21,/Users/guanjie/Documents/tokenizer_alignment/results/natural_evidence_v2/status/r4_after_879458_repair_second_family_llama_locked_scale_generation_879555_raw/llama3_1_8b_instruct/shards/shard_21,shard_21_block_00,raw,raw,False,False,8,8,01000011,10100101,False,False,0,0
21,/Users/guanjie/Documents/tokenizer_alignment/results/natural_evidence_v2/status/r4_after_879458_repair_second_family_llama_locked_scale_generation_879555_raw/llama3_1_8b_instruct/shards/shard_21,shard_21_block_00,task_only,task_only,False,False,0,8,--------,10100101,False,False,0,0
21,/Users/guanjie/Documents/tokenizer_alignment/results/natural_evidence_v2/status/r4_after_879458_repair_second_family_llama_locked_scale_generation_879555_raw/llama3_1_8b_instruct/shards/shard_21,shard_21_block_00,wrong_key,protected,False,False,8,8,10100101,01110011,False,True,0,0
21,/Users/guanjie/Documents/tokenizer_alignment/results/natural_evidence_v2/status/r4_after_879458_repair_second_family_llama_locked_scale_generation_879555_raw/llama3_1_8b_instruct/shards/shard_21,shard_21_block_00,wrong_payload,protected,False,False,8,8,10100101,01011010,False,True,0,0
22,/Users/guanjie/Documents/tokenizer_alignment/results/natural_evidence_v2/status/r4_after_879458_repair_second_family_llama_locked_scale_generation_879555_raw/llama3_1_8b_instruct/shards/shard_22,shard_22_block_00,protected,protected,True,True,8,8,10100101,10100101,True,True,0,0
22,/Users/guanjie/Documents/tokenizer_alignment/results/natural_evidence_v2/status/r4_after_879458_repair_second_family_llama_locked_scale_generation_879555_raw/llama3_1_8b_instruct/shards/shard_22,shard_22_block_00,raw,raw,False,False,8,8,01000111,10100101,False,False,0,0
22,/Users/guanjie/Documents/tokenizer_alignment/results/natural_evidence_v2/status/r4_after_879458_repair_second_family_llama_locked_scale_generation_879555_raw/llama3_1_8b_instruct/shards/shard_22,shard_22_block_00,task_only,task_only,False,False,0,8,--------,10100101,False,False,0,0
22,/Users/guanjie/Documents/tokenizer_alignment/results/natural_evidence_v2/status/r4_after_879458_repair_second_family_llama_locked_scale_generation_879555_raw/llama3_1_8b_instruct/shards/shard_22,shard_22_block_00,wrong_key,protected,False,False,8,8,10100101,01110011,False,True,0,0
22,/Users/guanjie/Documents/tokenizer_alignment/results/natural_evidence_v2/status/r4_after_879458_repair_second_family_llama_locked_scale_generation_879555_raw/llama3_1_8b_instruct/shards/shard_22,shard_22_block_00,wrong_payload,protected,False,False,8,8,10100101,01011010,False,True,0,0
23,/Users/guanjie/Documents/tokenizer_alignment/results/natural_evidence_v2/status/r4_after_879458_repair_second_family_llama_locked_scale_generation_879555_raw/llama3_1_8b_instruct/shards/shard_23,shard_23_block_00,protected,protected,True,True,8,8,10100101,10100101,True,True,0,0
23,/Users/guanjie/Documents/tokenizer_alignment/results/natural_evidence_v2/status/r4_after_879458_repair_second_family_llama_locked_scale_generation_879555_raw/llama3_1_8b_instruct/shards/shard_23,shard_23_block_00,raw,raw,False,False,6,8,11-00-11,10100101,False,False,0,0
23,/Users/guanjie/Documents/tokenizer_alignment/results/natural_evidence_v2/status/r4_after_879458_repair_second_family_llama_locked_scale_generation_879555_raw/llama3_1_8b_instruct/shards/shard_23,shard_23_block_00,task_only,task_only,False,False,0,8,--------,10100101,False,False,0,0
23,/Users/guanjie/Documents/tokenizer_alignment/results/natural_evidence_v2/status/r4_after_879458_repair_second_family_llama_locked_scale_generation_879555_raw/llama3_1_8b_instruct/shards/shard_23,shard_23_block_00,wrong_key,protected,False,False,8,8,10100101,01110011,False,True,0,0
23,/Users/guanjie/Documents/tokenizer_alignment/results/natural_evidence_v2/status/r4_after_879458_repair_second_family_llama_locked_scale_generation_879555_raw/llama3_1_8b_instruct/shards/shard_23,shard_23_block_00,wrong_payload,protected,False,False,8,8,10100101,01011010,False,True,0,0
24,/Users/guanjie/Documents/tokenizer_alignment/results/natural_evidence_v2/status/r4_after_879458_repair_second_family_llama_locked_scale_generation_879555_raw/llama3_1_8b_instruct/shards/shard_24,shard_24_block_00,protected,protected,True,True,8,8,10100101,10100101,True,True,0,0
24,/Users/guanjie/Documents/tokenizer_alignment/results/natural_evidence_v2/status/r4_after_879458_repair_second_family_llama_locked_scale_generation_879555_raw/llama3_1_8b_instruct/shards/shard_24,shard_24_block_00,raw,raw,False,False,6,8,010-011-,10100101,False,False,0,0
24,/Users/guanjie/Documents/tokenizer_alignment/results/natural_evidence_v2/status/r4_after_879458_repair_second_family_llama_locked_scale_generation_879555_raw/llama3_1_8b_instruct/shards/shard_24,shard_24_block_00,task_only,task_only,False,False,0,8,--------,10100101,False,False,0,0
24,/Users/guanjie/Documents/tokenizer_alignment/results/natural_evidence_v2/status/r4_after_879458_repair_second_family_llama_locked_scale_generation_879555_raw/llama3_1_8b_instruct/shards/shard_24,shard_24_block_00,wrong_key,protected,False,False,8,8,10100101,01110011,False,True,0,0
24,/Users/guanjie/Documents/tokenizer_alignment/results/natural_evidence_v2/status/r4_after_879458_repair_second_family_llama_locked_scale_generation_879555_raw/llama3_1_8b_instruct/shards/shard_24,shard_24_block_00,wrong_payload,protected,False,False,8,8,10100101,01011010,False,True,0,0
25,/Users/guanjie/Documents/tokenizer_alignment/results/natural_evidence_v2/status/r4_after_879458_repair_second_family_llama_locked_scale_generation_879555_raw/llama3_1_8b_instruct/shards/shard_25,shard_25_block_00,protected,protected,True,True,8,8,10100101,10100101,True,True,0,0
25,/Users/guanjie/Documents/tokenizer_alignment/results/natural_evidence_v2/status/r4_after_879458_repair_second_family_llama_locked_scale_generation_879555_raw/llama3_1_8b_instruct/shards/shard_25,shard_25_block_00,raw,raw,False,False,7,8,0100-111,10100101,False,False,0,0
25,/Users/guanjie/Documents/tokenizer_alignment/results/natural_evidence_v2/status/r4_after_879458_repair_second_family_llama_locked_scale_generation_879555_raw/llama3_1_8b_instruct/shards/shard_25,shard_25_block_00,task_only,task_only,False,False,0,8,--------,10100101,False,False,0,0
25,/Users/guanjie/Documents/tokenizer_alignment/results/natural_evidence_v2/status/r4_after_879458_repair_second_family_llama_locked_scale_generation_879555_raw/llama3_1_8b_instruct/shards/shard_25,shard_25_block_00,wrong_key,protected,False,False,8,8,10100101,01110011,False,True,0,0
25,/Users/guanjie/Documents/tokenizer_alignment/results/natural_evidence_v2/status/r4_after_879458_repair_second_family_llama_locked_scale_generation_879555_raw/llama3_1_8b_instruct/shards/shard_25,shard_25_block_00,wrong_payload,protected,False,False,8,8,10100101,01011010,False,True,0,0
26,/Users/guanjie/Documents/tokenizer_alignment/results/natural_evidence_v2/status/r4_after_879458_repair_second_family_llama_locked_scale_generation_879555_raw/llama3_1_8b_instruct/shards/shard_26,shard_26_block_00,protected,protected,True,True,8,8,10100101,10100101,True,True,0,0
26,/Users/guanjie/Documents/tokenizer_alignment/results/natural_evidence_v2/status/r4_after_879458_repair_second_family_llama_locked_scale_generation_879555_raw/llama3_1_8b_instruct/shards/shard_26,shard_26_block_00,raw,raw,False,False,7,8,011001-1,10100101,False,False,0,0
26,/Users/guanjie/Documents/tokenizer_alignment/results/natural_evidence_v2/status/r4_after_879458_repair_second_family_llama_locked_scale_generation_879555_raw/llama3_1_8b_instruct/shards/shard_26,shard_26_block_00,task_only,task_only,False,False,0,8,--------,10100101,False,False,0,0
26,/Users/guanjie/Documents/tokenizer_alignment/results/natural_evidence_v2/status/r4_after_879458_repair_second_family_llama_locked_scale_generation_879555_raw/llama3_1_8b_instruct/shards/shard_26,shard_26_block_00,wrong_key,protected,False,False,8,8,10100101,01110011,False,True,0,0
26,/Users/guanjie/Documents/tokenizer_alignment/results/natural_evidence_v2/status/r4_after_879458_repair_second_family_llama_locked_scale_generation_879555_raw/llama3_1_8b_instruct/shards/shard_26,shard_26_block_00,wrong_payload,protected,False,False,8,8,10100101,01011010,False,True,0,0
27,/Users/guanjie/Documents/tokenizer_alignment/results/natural_evidence_v2/status/r4_after_879458_repair_second_family_llama_locked_scale_generation_879555_raw/llama3_1_8b_instruct/shards/shard_27,shard_27_block_00,protected,protected,True,True,8,8,10100101,10100101,True,True,0,0
27,/Users/guanjie/Documents/tokenizer_alignment/results/natural_evidence_v2/status/r4_after_879458_repair_second_family_llama_locked_scale_generation_879555_raw/llama3_1_8b_instruct/shards/shard_27,shard_27_block_00,raw,raw,False,False,7,8,11100-11,10100101,False,False,0,0
27,/Users/guanjie/Documents/tokenizer_alignment/results/natural_evidence_v2/status/r4_after_879458_repair_second_family_llama_locked_scale_generation_879555_raw/llama3_1_8b_instruct/shards/shard_27,shard_27_block_00,task_only,task_only,False,False,0,8,--------,10100101,False,False,0,0
27,/Users/guanjie/Documents/tokenizer_alignment/results/natural_evidence_v2/status/r4_after_879458_repair_second_family_llama_locked_scale_generation_879555_raw/llama3_1_8b_instruct/shards/shard_27,shard_27_block_00,wrong_key,protected,False,False,8,8,10100101,01110011,False,True,0,0
27,/Users/guanjie/Documents/tokenizer_alignment/results/natural_evidence_v2/status/r4_after_879458_repair_second_family_llama_locked_scale_generation_879555_raw/llama3_1_8b_instruct/shards/shard_27,shard_27_block_00,wrong_payload,protected,False,False,8,8,10100101,01011010,False,True,0,0
28,/Users/guanjie/Documents/tokenizer_alignment/results/natural_evidence_v2/status/r4_after_879458_repair_second_family_llama_locked_scale_generation_879555_raw/llama3_1_8b_instruct/shards/shard_28,shard_28_block_00,protected,protected,True,True,8,8,10100101,10100101,True,True,0,0
28,/Users/guanjie/Documents/tokenizer_alignment/results/natural_evidence_v2/status/r4_after_879458_repair_second_family_llama_locked_scale_generation_879555_raw/llama3_1_8b_instruct/shards/shard_28,shard_28_block_00,raw,raw,False,False,8,8,11100111,10100101,False,False,0,0
28,/Users/guanjie/Documents/tokenizer_alignment/results/natural_evidence_v2/status/r4_after_879458_repair_second_family_llama_locked_scale_generation_879555_raw/llama3_1_8b_instruct/shards/shard_28,shard_28_block_00,task_only,task_only,False,False,0,8,--------,10100101,False,False,0,0
28,/Users/guanjie/Documents/tokenizer_alignment/results/natural_evidence_v2/status/r4_after_879458_repair_second_family_llama_locked_scale_generation_879555_raw/llama3_1_8b_instruct/shards/shard_28,shard_28_block_00,wrong_key,protected,False,False,8,8,10100101,01110011,False,True,0,0
28,/Users/guanjie/Documents/tokenizer_alignment/results/natural_evidence_v2/status/r4_after_879458_repair_second_family_llama_locked_scale_generation_879555_raw/llama3_1_8b_instruct/shards/shard_28,shard_28_block_00,wrong_payload,protected,False,False,8,8,10100101,01011010,False,True,0,0
29,/Users/guanjie/Documents/tokenizer_alignment/results/natural_evidence_v2/status/r4_after_879458_repair_second_family_llama_locked_scale_generation_879555_raw/llama3_1_8b_instruct/shards/shard_29,shard_29_block_00,protected,protected,True,True,8,8,10100101,10100101,True,True,0,0
29,/Users/guanjie/Documents/tokenizer_alignment/results/natural_evidence_v2/status/r4_after_879458_repair_second_family_llama_locked_scale_generation_879555_raw/llama3_1_8b_instruct/shards/shard_29,shard_29_block_00,raw,raw,False,False,8,8,01100111,10100101,False,False,0,0
29,/Users/guanjie/Documents/tokenizer_alignment/results/natural_evidence_v2/status/r4_after_879458_repair_second_family_llama_locked_scale_generation_879555_raw/llama3_1_8b_instruct/shards/shard_29,shard_29_block_00,task_only,task_only,False,False,0,8,--------,10100101,False,False,0,0
29,/Users/guanjie/Documents/tokenizer_alignment/results/natural_evidence_v2/status/r4_after_879458_repair_second_family_llama_locked_scale_generation_879555_raw/llama3_1_8b_instruct/shards/shard_29,shard_29_block_00,wrong_key,protected,False,False,8,8,10100101,01110011,False,True,0,0
29,/Users/guanjie/Documents/tokenizer_alignment/results/natural_evidence_v2/status/r4_after_879458_repair_second_family_llama_locked_scale_generation_879555_raw/llama3_1_8b_instruct/shards/shard_29,shard_29_block_00,wrong_payload,protected,False,False,8,8,10100101,01011010,False,True,0,0
30,/Users/guanjie/Documents/tokenizer_alignment/results/natural_evidence_v2/status/r4_after_879458_repair_second_family_llama_locked_scale_generation_879555_raw/llama3_1_8b_instruct/shards/shard_30,shard_30_block_00,protected,protected,True,True,8,8,10100101,10100101,True,True,0,0
30,/Users/guanjie/Documents/tokenizer_alignment/results/natural_evidence_v2/status/r4_after_879458_repair_second_family_llama_locked_scale_generation_879555_raw/llama3_1_8b_instruct/shards/shard_30,shard_30_block_00,raw,raw,False,False,7,8,1-100011,10100101,False,False,0,0
30,/Users/guanjie/Documents/tokenizer_alignment/results/natural_evidence_v2/status/r4_after_879458_repair_second_family_llama_locked_scale_generation_879555_raw/llama3_1_8b_instruct/shards/shard_30,shard_30_block_00,task_only,task_only,False,False,0,8,--------,10100101,False,False,0,0
30,/Users/guanjie/Documents/tokenizer_alignment/results/natural_evidence_v2/status/r4_after_879458_repair_second_family_llama_locked_scale_generation_879555_raw/llama3_1_8b_instruct/shards/shard_30,shard_30_block_00,wrong_key,protected,False,False,8,8,10100101,01110011,False,True,0,0
30,/Users/guanjie/Documents/tokenizer_alignment/results/natural_evidence_v2/status/r4_after_879458_repair_second_family_llama_locked_scale_generation_879555_raw/llama3_1_8b_instruct/shards/shard_30,shard_30_block_00,wrong_payload,protected,False,False,8,8,10100101,01011010,False,True,0,0
31,/Users/guanjie/Documents/tokenizer_alignment/results/natural_evidence_v2/status/r4_after_879458_repair_second_family_llama_locked_scale_generation_879555_raw/llama3_1_8b_instruct/shards/shard_31,shard_31_block_00,protected,protected,True,True,8,8,10100101,10100101,True,True,0,0
31,/Users/guanjie/Documents/tokenizer_alignment/results/natural_evidence_v2/status/r4_after_879458_repair_second_family_llama_locked_scale_generation_879555_raw/llama3_1_8b_instruct/shards/shard_31,shard_31_block_00,raw,raw,False,False,8,8,01100111,10100101,False,False,0,0
31,/Users/guanjie/Documents/tokenizer_alignment/results/natural_evidence_v2/status/r4_after_879458_repair_second_family_llama_locked_scale_generation_879555_raw/llama3_1_8b_instruct/shards/shard_31,shard_31_block_00,task_only,task_only,False,False,0,8,--------,10100101,False,False,0,0
31,/Users/guanjie/Documents/tokenizer_alignment/results/natural_evidence_v2/status/r4_after_879458_repair_second_family_llama_locked_scale_generation_879555_raw/llama3_1_8b_instruct/shards/shard_31,shard_31_block_00,wrong_key,protected,False,False,8,8,10100101,01110011,False,True,0,0
31,/Users/guanjie/Documents/tokenizer_alignment/results/natural_evidence_v2/status/r4_after_879458_repair_second_family_llama_locked_scale_generation_879555_raw/llama3_1_8b_instruct/shards/shard_31,shard_31_block_00,wrong_payload,protected,False,False,8,8,10100101,01011010,False,True,0,0
32,/Users/guanjie/Documents/tokenizer_alignment/results/natural_evidence_v2/status/r4_after_879458_repair_second_family_llama_locked_scale_generation_879555_raw/llama3_1_8b_instruct/shards/shard_32,shard_32_block_00,protected,protected,True,True,8,8,10100101,10100101,True,True,0,0
32,/Users/guanjie/Documents/tokenizer_alignment/results/natural_evidence_v2/status/r4_after_879458_repair_second_family_llama_locked_scale_generation_879555_raw/llama3_1_8b_instruct/shards/shard_32,shard_32_block_00,raw,raw,False,False,4,8,11-0-0--,10100101,False,False,0,0
32,/Users/guanjie/Documents/tokenizer_alignment/results/natural_evidence_v2/status/r4_after_879458_repair_second_family_llama_locked_scale_generation_879555_raw/llama3_1_8b_instruct/shards/shard_32,shard_32_block_00,task_only,task_only,False,False,0,8,--------,10100101,False,False,0,0
32,/Users/guanjie/Documents/tokenizer_alignment/results/natural_evidence_v2/status/r4_after_879458_repair_second_family_llama_locked_scale_generation_879555_raw/llama3_1_8b_instruct/shards/shard_32,shard_32_block_00,wrong_key,protected,False,False,8,8,10100101,01110011,False,True,0,0
32,/Users/guanjie/Documents/tokenizer_alignment/results/natural_evidence_v2/status/r4_after_879458_repair_second_family_llama_locked_scale_generation_879555_raw/llama3_1_8b_instruct/shards/shard_32,shard_32_block_00,wrong_payload,protected,False,False,8,8,10100101,01011010,False,True,0,0
33,/Users/guanjie/Documents/tokenizer_alignment/results/natural_evidence_v2/status/r4_after_879458_repair_second_family_llama_locked_scale_generation_879555_raw/llama3_1_8b_instruct/shards/shard_33,shard_33_block_00,protected,protected,True,True,8,8,10100101,10100101,True,True,0,0
33,/Users/guanjie/Documents/tokenizer_alignment/results/natural_evidence_v2/status/r4_after_879458_repair_second_family_llama_locked_scale_generation_879555_raw/llama3_1_8b_instruct/shards/shard_33,shard_33_block_00,raw,raw,False,False,5,8,01--00-1,10100101,False,False,0,0
33,/Users/guanjie/Documents/tokenizer_alignment/results/natural_evidence_v2/status/r4_after_879458_repair_second_family_llama_locked_scale_generation_879555_raw/llama3_1_8b_instruct/shards/shard_33,shard_33_block_00,task_only,task_only,False,False,0,8,--------,10100101,False,False,0,0
33,/Users/guanjie/Documents/tokenizer_alignment/results/natural_evidence_v2/status/r4_after_879458_repair_second_family_llama_locked_scale_generation_879555_raw/llama3_1_8b_instruct/shards/shard_33,shard_33_block_00,wrong_key,protected,False,False,8,8,10100101,01110011,False,True,0,0
33,/Users/guanjie/Documents/tokenizer_alignment/results/natural_evidence_v2/status/r4_after_879458_repair_second_family_llama_locked_scale_generation_879555_raw/llama3_1_8b_instruct/shards/shard_33,shard_33_block_00,wrong_payload,protected,False,False,8,8,10100101,01011010,False,True,0,0
34,/Users/guanjie/Documents/tokenizer_alignment/results/natural_evidence_v2/status/r4_after_879458_repair_second_family_llama_locked_scale_generation_879555_raw/llama3_1_8b_instruct/shards/shard_34,shard_34_block_00,protected,protected,True,True,8,8,10100101,10100101,True,True,0,0
34,/Users/guanjie/Documents/tokenizer_alignment/results/natural_evidence_v2/status/r4_after_879458_repair_second_family_llama_locked_scale_generation_879555_raw/llama3_1_8b_instruct/shards/shard_34,shard_34_block_00,raw,raw,False,False,8,8,01100111,10100101,False,False,0,0
34,/Users/guanjie/Documents/tokenizer_alignment/results/natural_evidence_v2/status/r4_after_879458_repair_second_family_llama_locked_scale_generation_879555_raw/llama3_1_8b_instruct/shards/shard_34,shard_34_block_00,task_only,task_only,False,False,0,8,--------,10100101,False,False,0,0
34,/Users/guanjie/Documents/tokenizer_alignment/results/natural_evidence_v2/status/r4_after_879458_repair_second_family_llama_locked_scale_generation_879555_raw/llama3_1_8b_instruct/shards/shard_34,shard_34_block_00,wrong_key,protected,False,False,8,8,10100101,01110011,False,True,0,0
34,/Users/guanjie/Documents/tokenizer_alignment/results/natural_evidence_v2/status/r4_after_879458_repair_second_family_llama_locked_scale_generation_879555_raw/llama3_1_8b_instruct/shards/shard_34,shard_34_block_00,wrong_payload,protected,False,False,8,8,10100101,01011010,False,True,0,0
35,/Users/guanjie/Documents/tokenizer_alignment/results/natural_evidence_v2/status/r4_after_879458_repair_second_family_llama_locked_scale_generation_879555_raw/llama3_1_8b_instruct/shards/shard_35,shard_35_block_00,protected,protected,True,True,8,8,10100101,10100101,True,True,0,0
35,/Users/guanjie/Documents/tokenizer_alignment/results/natural_evidence_v2/status/r4_after_879458_repair_second_family_llama_locked_scale_generation_879555_raw/llama3_1_8b_instruct/shards/shard_35,shard_35_block_00,raw,raw,False,False,6,8,01-00-11,10100101,False,False,0,0
35,/Users/guanjie/Documents/tokenizer_alignment/results/natural_evidence_v2/status/r4_after_879458_repair_second_family_llama_locked_scale_generation_879555_raw/llama3_1_8b_instruct/shards/shard_35,shard_35_block_00,task_only,task_only,False,False,0,8,--------,10100101,False,False,0,0
35,/Users/guanjie/Documents/tokenizer_alignment/results/natural_evidence_v2/status/r4_after_879458_repair_second_family_llama_locked_scale_generation_879555_raw/llama3_1_8b_instruct/shards/shard_35,shard_35_block_00,wrong_key,protected,False,False,8,8,10100101,01110011,False,True,0,0
35,/Users/guanjie/Documents/tokenizer_alignment/results/natural_evidence_v2/status/r4_after_879458_repair_second_family_llama_locked_scale_generation_879555_raw/llama3_1_8b_instruct/shards/shard_35,shard_35_block_00,wrong_payload,protected,False,False,8,8,10100101,01011010,False,True,0,0
36,/Users/guanjie/Documents/tokenizer_alignment/results/natural_evidence_v2/status/r4_after_879458_repair_second_family_llama_locked_scale_generation_879555_raw/llama3_1_8b_instruct/shards/shard_36,shard_36_block_00,protected,protected,True,True,8,8,10100101,10100101,True,True,0,0
36,/Users/guanjie/Documents/tokenizer_alignment/results/natural_evidence_v2/status/r4_after_879458_repair_second_family_llama_locked_scale_generation_879555_raw/llama3_1_8b_instruct/shards/shard_36,shard_36_block_00,raw,raw,False,False,7,8,0110001-,10100101,False,False,1,0
36,/Users/guanjie/Documents/tokenizer_alignment/results/natural_evidence_v2/status/r4_after_879458_repair_second_family_llama_locked_scale_generation_879555_raw/llama3_1_8b_instruct/shards/shard_36,shard_36_block_00,task_only,task_only,False,False,0,8,--------,10100101,False,False,0,0
36,/Users/guanjie/Documents/tokenizer_alignment/results/natural_evidence_v2/status/r4_after_879458_repair_second_family_llama_locked_scale_generation_879555_raw/llama3_1_8b_instruct/shards/shard_36,shard_36_block_00,wrong_key,protected,False,False,8,8,10100101,01110011,False,True,0,0
36,/Users/guanjie/Documents/tokenizer_alignment/results/natural_evidence_v2/status/r4_after_879458_repair_second_family_llama_locked_scale_generation_879555_raw/llama3_1_8b_instruct/shards/shard_36,shard_36_block_00,wrong_payload,protected,False,False,8,8,10100101,01011010,False,True,0,0
37,/Users/guanjie/Documents/tokenizer_alignment/results/natural_evidence_v2/status/r4_after_879458_repair_second_family_llama_locked_scale_generation_879555_raw/llama3_1_8b_instruct/shards/shard_37,shard_37_block_00,protected,protected,True,True,8,8,10100101,10100101,True,True,0,0
37,/Users/guanjie/Documents/tokenizer_alignment/results/natural_evidence_v2/status/r4_after_879458_repair_second_family_llama_locked_scale_generation_879555_raw/llama3_1_8b_instruct/shards/shard_37,shard_37_block_00,raw,raw,False,False,6,8,01-001-1,10100101,False,False,0,0
37,/Users/guanjie/Documents/tokenizer_alignment/results/natural_evidence_v2/status/r4_after_879458_repair_second_family_llama_locked_scale_generation_879555_raw/llama3_1_8b_instruct/shards/shard_37,shard_37_block_00,task_only,task_only,False,False,0,8,--------,10100101,False,False,0,0
37,/Users/guanjie/Documents/tokenizer_alignment/results/natural_evidence_v2/status/r4_after_879458_repair_second_family_llama_locked_scale_generation_879555_raw/llama3_1_8b_instruct/shards/shard_37,shard_37_block_00,wrong_key,protected,False,False,8,8,10100101,01110011,False,True,0,0
37,/Users/guanjie/Documents/tokenizer_alignment/results/natural_evidence_v2/status/r4_after_879458_repair_second_family_llama_locked_scale_generation_879555_raw/llama3_1_8b_instruct/shards/shard_37,shard_37_block_00,wrong_payload,protected,False,False,8,8,10100101,01011010,False,True,0,0
38,/Users/guanjie/Documents/tokenizer_alignment/results/natural_evidence_v2/status/r4_after_879458_repair_second_family_llama_locked_scale_generation_879555_raw/llama3_1_8b_instruct/shards/shard_38,shard_38_block_00,protected,protected,True,True,8,8,10100101,10100101,True,True,0,0
38,/Users/guanjie/Documents/tokenizer_alignment/results/natural_evidence_v2/status/r4_after_879458_repair_second_family_llama_locked_scale_generation_879555_raw/llama3_1_8b_instruct/shards/shard_38,shard_38_block_00,raw,raw,False,False,6,8,-110001-,10100101,False,False,0,0
38,/Users/guanjie/Documents/tokenizer_alignment/results/natural_evidence_v2/status/r4_after_879458_repair_second_family_llama_locked_scale_generation_879555_raw/llama3_1_8b_instruct/shards/shard_38,shard_38_block_00,task_only,task_only,False,False,0,8,--------,10100101,False,False,0,0
38,/Users/guanjie/Documents/tokenizer_alignment/results/natural_evidence_v2/status/r4_after_879458_repair_second_family_llama_locked_scale_generation_879555_raw/llama3_1_8b_instruct/shards/shard_38,shard_38_block_00,wrong_key,protected,False,False,8,8,10100101,01110011,False,True,0,0
38,/Users/guanjie/Documents/tokenizer_alignment/results/natural_evidence_v2/status/r4_after_879458_repair_second_family_llama_locked_scale_generation_879555_raw/llama3_1_8b_instruct/shards/shard_38,shard_38_block_00,wrong_payload,protected,False,False,8,8,10100101,01011010,False,True,0,0
39,/Users/guanjie/Documents/tokenizer_alignment/results/natural_evidence_v2/status/r4_after_879458_repair_second_family_llama_locked_scale_generation_879555_raw/llama3_1_8b_instruct/shards/shard_39,shard_39_block_00,protected,protected,True,True,8,8,10100101,10100101,True,True,0,0
39,/Users/guanjie/Documents/tokenizer_alignment/results/natural_evidence_v2/status/r4_after_879458_repair_second_family_llama_locked_scale_generation_879555_raw/llama3_1_8b_instruct/shards/shard_39,shard_39_block_00,raw,raw,False,False,7,8,11100-11,10100101,False,False,0,0
39,/Users/guanjie/Documents/tokenizer_alignment/results/natural_evidence_v2/status/r4_after_879458_repair_second_family_llama_locked_scale_generation_879555_raw/llama3_1_8b_instruct/shards/shard_39,shard_39_block_00,task_only,task_only,False,False,0,8,--------,10100101,False,False,0,0
39,/Users/guanjie/Documents/tokenizer_alignment/results/natural_evidence_v2/status/r4_after_879458_repair_second_family_llama_locked_scale_generation_879555_raw/llama3_1_8b_instruct/shards/shard_39,shard_39_block_00,wrong_key,protected,False,False,8,8,10100101,01110011,False,True,0,0
39,/Users/guanjie/Documents/tokenizer_alignment/results/natural_evidence_v2/status/r4_after_879458_repair_second_family_llama_locked_scale_generation_879555_raw/llama3_1_8b_instruct/shards/shard_39,shard_39_block_00,wrong_payload,protected,False,False,8,8,10100101,01011010,False,True,0,0
40,/Users/guanjie/Documents/tokenizer_alignment/results/natural_evidence_v2/status/r4_after_879458_repair_second_family_llama_locked_scale_generation_879555_raw/llama3_1_8b_instruct/shards/shard_40,shard_40_block_00,protected,protected,True,True,8,8,10100101,10100101,True,True,0,0
40,/Users/guanjie/Documents/tokenizer_alignment/results/natural_evidence_v2/status/r4_after_879458_repair_second_family_llama_locked_scale_generation_879555_raw/llama3_1_8b_instruct/shards/shard_40,shard_40_block_00,raw,raw,False,False,8,8,01000011,10100101,False,False,0,0
40,/Users/guanjie/Documents/tokenizer_alignment/results/natural_evidence_v2/status/r4_after_879458_repair_second_family_llama_locked_scale_generation_879555_raw/llama3_1_8b_instruct/shards/shard_40,shard_40_block_00,task_only,task_only,False,False,0,8,--------,10100101,False,False,0,0
40,/Users/guanjie/Documents/tokenizer_alignment/results/natural_evidence_v2/status/r4_after_879458_repair_second_family_llama_locked_scale_generation_879555_raw/llama3_1_8b_instruct/shards/shard_40,shard_40_block_00,wrong_key,protected,False,False,8,8,10100101,01110011,False,True,0,0
40,/Users/guanjie/Documents/tokenizer_alignment/results/natural_evidence_v2/status/r4_after_879458_repair_second_family_llama_locked_scale_generation_879555_raw/llama3_1_8b_instruct/shards/shard_40,shard_40_block_00,wrong_payload,protected,False,False,8,8,10100101,01011010,False,True,0,0
41,/Users/guanjie/Documents/tokenizer_alignment/results/natural_evidence_v2/status/r4_after_879458_repair_second_family_llama_locked_scale_generation_879555_raw/llama3_1_8b_instruct/shards/shard_41,shard_41_block_00,protected,protected,True,True,8,8,10100101,10100101,True,True,0,0
41,/Users/guanjie/Documents/tokenizer_alignment/results/natural_evidence_v2/status/r4_after_879458_repair_second_family_llama_locked_scale_generation_879555_raw/llama3_1_8b_instruct/shards/shard_41,shard_41_block_00,raw,raw,False,False,6,8,1-10001-,10100101,False,False,0,0
41,/Users/guanjie/Documents/tokenizer_alignment/results/natural_evidence_v2/status/r4_after_879458_repair_second_family_llama_locked_scale_generation_879555_raw/llama3_1_8b_instruct/shards/shard_41,shard_41_block_00,task_only,task_only,False,False,0,8,--------,10100101,False,False,0,0
41,/Users/guanjie/Documents/tokenizer_alignment/results/natural_evidence_v2/status/r4_after_879458_repair_second_family_llama_locked_scale_generation_879555_raw/llama3_1_8b_instruct/shards/shard_41,shard_41_block_00,wrong_key,protected,False,False,8,8,10100101,01110011,False,True,0,0
41,/Users/guanjie/Documents/tokenizer_alignment/results/natural_evidence_v2/status/r4_after_879458_repair_second_family_llama_locked_scale_generation_879555_raw/llama3_1_8b_instruct/shards/shard_41,shard_41_block_00,wrong_payload,protected,False,False,8,8,10100101,01011010,False,True,0,0
42,/Users/guanjie/Documents/tokenizer_alignment/results/natural_evidence_v2/status/r4_after_879458_repair_second_family_llama_locked_scale_generation_879555_raw/llama3_1_8b_instruct/shards/shard_42,shard_42_block_00,protected,protected,True,True,8,8,10100101,10100101,True,True,0,0
42,/Users/guanjie/Documents/tokenizer_alignment/results/natural_evidence_v2/status/r4_after_879458_repair_second_family_llama_locked_scale_generation_879555_raw/llama3_1_8b_instruct/shards/shard_42,shard_42_block_00,raw,raw,False,False,6,8,011-0-11,10100101,False,False,0,0
42,/Users/guanjie/Documents/tokenizer_alignment/results/natural_evidence_v2/status/r4_after_879458_repair_second_family_llama_locked_scale_generation_879555_raw/llama3_1_8b_instruct/shards/shard_42,shard_42_block_00,task_only,task_only,False,False,0,8,--------,10100101,False,False,0,0
42,/Users/guanjie/Documents/tokenizer_alignment/results/natural_evidence_v2/status/r4_after_879458_repair_second_family_llama_locked_scale_generation_879555_raw/llama3_1_8b_instruct/shards/shard_42,shard_42_block_00,wrong_key,protected,False,False,8,8,10100101,01110011,False,True,0,0
42,/Users/guanjie/Documents/tokenizer_alignment/results/natural_evidence_v2/status/r4_after_879458_repair_second_family_llama_locked_scale_generation_879555_raw/llama3_1_8b_instruct/shards/shard_42,shard_42_block_00,wrong_payload,protected,False,False,8,8,10100101,01011010,False,True,0,0
43,/Users/guanjie/Documents/tokenizer_alignment/results/natural_evidence_v2/status/r4_after_879458_repair_second_family_llama_locked_scale_generation_879555_raw/llama3_1_8b_instruct/shards/shard_43,shard_43_block_00,protected,protected,True,True,8,8,10100101,10100101,True,True,0,0
43,/Users/guanjie/Documents/tokenizer_alignment/results/natural_evidence_v2/status/r4_after_879458_repair_second_family_llama_locked_scale_generation_879555_raw/llama3_1_8b_instruct/shards/shard_43,shard_43_block_00,raw,raw,False,False,6,8,111-001-,10100101,False,False,0,0
43,/Users/guanjie/Documents/tokenizer_alignment/results/natural_evidence_v2/status/r4_after_879458_repair_second_family_llama_locked_scale_generation_879555_raw/llama3_1_8b_instruct/shards/shard_43,shard_43_block_00,task_only,task_only,False,False,0,8,--------,10100101,False,False,0,0
43,/Users/guanjie/Documents/tokenizer_alignment/results/natural_evidence_v2/status/r4_after_879458_repair_second_family_llama_locked_scale_generation_879555_raw/llama3_1_8b_instruct/shards/shard_43,shard_43_block_00,wrong_key,protected,False,False,8,8,10100101,01110011,False,True,0,0
43,/Users/guanjie/Documents/tokenizer_alignment/results/natural_evidence_v2/status/r4_after_879458_repair_second_family_llama_locked_scale_generation_879555_raw/llama3_1_8b_instruct/shards/shard_43,shard_43_block_00,wrong_payload,protected,False,False,8,8,10100101,01011010,False,True,0,0
44,/Users/guanjie/Documents/tokenizer_alignment/results/natural_evidence_v2/status/r4_after_879458_repair_second_family_llama_locked_scale_generation_879555_raw/llama3_1_8b_instruct/shards/shard_44,shard_44_block_00,protected,protected,True,True,8,8,10100101,10100101,True,True,0,0
44,/Users/guanjie/Documents/tokenizer_alignment/results/natural_evidence_v2/status/r4_after_879458_repair_second_family_llama_locked_scale_generation_879555_raw/llama3_1_8b_instruct/shards/shard_44,shard_44_block_00,raw,raw,False,False,8,8,01000011,10100101,False,False,0,0
44,/Users/guanjie/Documents/tokenizer_alignment/results/natural_evidence_v2/status/r4_after_879458_repair_second_family_llama_locked_scale_generation_879555_raw/llama3_1_8b_instruct/shards/shard_44,shard_44_block_00,task_only,task_only,False,False,0,8,--------,10100101,False,False,0,0
44,/Users/guanjie/Documents/tokenizer_alignment/results/natural_evidence_v2/status/r4_after_879458_repair_second_family_llama_locked_scale_generation_879555_raw/llama3_1_8b_instruct/shards/shard_44,shard_44_block_00,wrong_key,protected,False,False,8,8,10100101,01110011,False,True,0,0
44,/Users/guanjie/Documents/tokenizer_alignment/results/natural_evidence_v2/status/r4_after_879458_repair_second_family_llama_locked_scale_generation_879555_raw/llama3_1_8b_instruct/shards/shard_44,shard_44_block_00,wrong_payload,protected,False,False,8,8,10100101,01011010,False,True,0,0
45,/Users/guanjie/Documents/tokenizer_alignment/results/natural_evidence_v2/status/r4_after_879458_repair_second_family_llama_locked_scale_generation_879555_raw/llama3_1_8b_instruct/shards/shard_45,shard_45_block_00,protected,protected,True,True,8,8,10100101,10100101,True,True,0,0
45,/Users/guanjie/Documents/tokenizer_alignment/results/natural_evidence_v2/status/r4_after_879458_repair_second_family_llama_locked_scale_generation_879555_raw/llama3_1_8b_instruct/shards/shard_45,shard_45_block_00,raw,raw,False,False,6,8,0-1000-1,10100101,False,False,0,0
45,/Users/guanjie/Documents/tokenizer_alignment/results/natural_evidence_v2/status/r4_after_879458_repair_second_family_llama_locked_scale_generation_879555_raw/llama3_1_8b_instruct/shards/shard_45,shard_45_block_00,task_only,task_only,False,False,0,8,--------,10100101,False,False,0,0
45,/Users/guanjie/Documents/tokenizer_alignment/results/natural_evidence_v2/status/r4_after_879458_repair_second_family_llama_locked_scale_generation_879555_raw/llama3_1_8b_instruct/shards/shard_45,shard_45_block_00,wrong_key,protected,False,False,8,8,10100101,01110011,False,True,0,0
45,/Users/guanjie/Documents/tokenizer_alignment/results/natural_evidence_v2/status/r4_after_879458_repair_second_family_llama_locked_scale_generation_879555_raw/llama3_1_8b_instruct/shards/shard_45,shard_45_block_00,wrong_payload,protected,False,False,8,8,10100101,01011010,False,True,0,0
46,/Users/guanjie/Documents/tokenizer_alignment/results/natural_evidence_v2/status/r4_after_879458_repair_second_family_llama_locked_scale_generation_879555_raw/llama3_1_8b_instruct/shards/shard_46,shard_46_block_00,protected,protected,True,True,8,8,10100101,10100101,True,True,0,0
46,/Users/guanjie/Documents/tokenizer_alignment/results/natural_evidence_v2/status/r4_after_879458_repair_second_family_llama_locked_scale_generation_879555_raw/llama3_1_8b_instruct/shards/shard_46,shard_46_block_00,raw,raw,False,False,5,8,11-0-01-,10100101,False,False,0,0
46,/Users/guanjie/Documents/tokenizer_alignment/results/natural_evidence_v2/status/r4_after_879458_repair_second_family_llama_locked_scale_generation_879555_raw/llama3_1_8b_instruct/shards/shard_46,shard_46_block_00,task_only,task_only,False,False,0,8,--------,10100101,False,False,0,0
46,/Users/guanjie/Documents/tokenizer_alignment/results/natural_evidence_v2/status/r4_after_879458_repair_second_family_llama_locked_scale_generation_879555_raw/llama3_1_8b_instruct/shards/shard_46,shard_46_block_00,wrong_key,protected,False,False,8,8,10100101,01110011,False,True,0,0
46,/Users/guanjie/Documents/tokenizer_alignment/results/natural_evidence_v2/status/r4_after_879458_repair_second_family_llama_locked_scale_generation_879555_raw/llama3_1_8b_instruct/shards/shard_46,shard_46_block_00,wrong_payload,protected,False,False,8,8,10100101,01011010,False,True,0,0
47,/Users/guanjie/Documents/tokenizer_alignment/results/natural_evidence_v2/status/r4_after_879458_repair_second_family_llama_locked_scale_generation_879555_raw/llama3_1_8b_instruct/shards/shard_47,shard_47_block_00,protected,protected,True,True,8,8,10100101,10100101,True,True,0,0
47,/Users/guanjie/Documents/tokenizer_alignment/results/natural_evidence_v2/status/r4_after_879458_repair_second_family_llama_locked_scale_generation_879555_raw/llama3_1_8b_instruct/shards/shard_47,shard_47_block_00,raw,raw,False,False,5,8,01-01-1-,10100101,False,False,0,0
47,/Users/guanjie/Documents/tokenizer_alignment/results/natural_evidence_v2/status/r4_after_879458_repair_second_family_llama_locked_scale_generation_879555_raw/llama3_1_8b_instruct/shards/shard_47,shard_47_block_00,task_only,task_only,False,False,0,8,--------,10100101,False,False,0,0
47,/Users/guanjie/Documents/tokenizer_alignment/results/natural_evidence_v2/status/r4_after_879458_repair_second_family_llama_locked_scale_generation_879555_raw/llama3_1_8b_instruct/shards/shard_47,shard_47_block_00,wrong_key,protected,False,False,8,8,10100101,01110011,False,True,0,0
47,/Users/guanjie/Documents/tokenizer_alignment/results/natural_evidence_v2/status/r4_after_879458_repair_second_family_llama_locked_scale_generation_879555_raw/llama3_1_8b_instruct/shards/shard_47,shard_47_block_00,wrong_payload,protected,False,False,8,8,10100101,01011010,False,True,0,0
48,/Users/guanjie/Documents/tokenizer_alignment/results/natural_evidence_v2/status/r4_after_879458_repair_second_family_llama_locked_scale_generation_879555_raw/llama3_1_8b_instruct/shards/shard_48,shard_48_block_00,protected,protected,True,True,8,8,10100101,10100101,True,True,0,0
48,/Users/guanjie/Documents/tokenizer_alignment/results/natural_evidence_v2/status/r4_after_879458_repair_second_family_llama_locked_scale_generation_879555_raw/llama3_1_8b_instruct/shards/shard_48,shard_48_block_00,raw,raw,False,False,8,8,11100011,10100101,False,False,0,0
48,/Users/guanjie/Documents/tokenizer_alignment/results/natural_evidence_v2/status/r4_after_879458_repair_second_family_llama_locked_scale_generation_879555_raw/llama3_1_8b_instruct/shards/shard_48,shard_48_block_00,task_only,task_only,False,False,0,8,--------,10100101,False,False,0,0
48,/Users/guanjie/Documents/tokenizer_alignment/results/natural_evidence_v2/status/r4_after_879458_repair_second_family_llama_locked_scale_generation_879555_raw/llama3_1_8b_instruct/shards/shard_48,shard_48_block_00,wrong_key,protected,False,False,8,8,10100101,01110011,False,True,0,0
48,/Users/guanjie/Documents/tokenizer_alignment/results/natural_evidence_v2/status/r4_after_879458_repair_second_family_llama_locked_scale_generation_879555_raw/llama3_1_8b_instruct/shards/shard_48,shard_48_block_00,wrong_payload,protected,False,False,8,8,10100101,01011010,False,True,0,0
49,/Users/guanjie/Documents/tokenizer_alignment/results/natural_evidence_v2/status/r4_after_879458_repair_second_family_llama_locked_scale_generation_879555_raw/llama3_1_8b_instruct/shards/shard_49,shard_49_block_00,protected,protected,True,True,8,8,10100101,10100101,True,True,0,0
49,/Users/guanjie/Documents/tokenizer_alignment/results/natural_evidence_v2/status/r4_after_879458_repair_second_family_llama_locked_scale_generation_879555_raw/llama3_1_8b_instruct/shards/shard_49,shard_49_block_00,raw,raw,False,False,7,8,1110011-,10100101,False,False,0,0
49,/Users/guanjie/Documents/tokenizer_alignment/results/natural_evidence_v2/status/r4_after_879458_repair_second_family_llama_locked_scale_generation_879555_raw/llama3_1_8b_instruct/shards/shard_49,shard_49_block_00,task_only,task_only,False,False,0,8,--------,10100101,False,False,0,0
49,/Users/guanjie/Documents/tokenizer_alignment/results/natural_evidence_v2/status/r4_after_879458_repair_second_family_llama_locked_scale_generation_879555_raw/llama3_1_8b_instruct/shards/shard_49,shard_49_block_00,wrong_key,protected,False,False,8,8,10100101,01110011,False,True,0,0
49,/Users/guanjie/Documents/tokenizer_alignment/results/natural_evidence_v2/status/r4_after_879458_repair_second_family_llama_locked_scale_generation_879555_raw/llama3_1_8b_instruct/shards/shard_49,shard_49_block_00,wrong_payload,protected,False,False,8,8,10100101,01011010,False,True,0,0
50,/Users/guanjie/Documents/tokenizer_alignment/results/natural_evidence_v2/status/r4_after_879458_repair_second_family_llama_locked_scale_generation_879555_raw/llama3_1_8b_instruct/shards/shard_50,shard_50_block_00,protected,protected,True,True,8,8,10100101,10100101,True,True,0,0
50,/Users/guanjie/Documents/tokenizer_alignment/results/natural_evidence_v2/status/r4_after_879458_repair_second_family_llama_locked_scale_generation_879555_raw/llama3_1_8b_instruct/shards/shard_50,shard_50_block_00,raw,raw,False,False,6,8,111-0-10,10100101,False,False,0,0
50,/Users/guanjie/Documents/tokenizer_alignment/results/natural_evidence_v2/status/r4_after_879458_repair_second_family_llama_locked_scale_generation_879555_raw/llama3_1_8b_instruct/shards/shard_50,shard_50_block_00,task_only,task_only,False,False,0,8,--------,10100101,False,False,0,0
50,/Users/guanjie/Documents/tokenizer_alignment/results/natural_evidence_v2/status/r4_after_879458_repair_second_family_llama_locked_scale_generation_879555_raw/llama3_1_8b_instruct/shards/shard_50,shard_50_block_00,wrong_key,protected,False,False,8,8,10100101,01110011,False,True,0,0
50,/Users/guanjie/Documents/tokenizer_alignment/results/natural_evidence_v2/status/r4_after_879458_repair_second_family_llama_locked_scale_generation_879555_raw/llama3_1_8b_instruct/shards/shard_50,shard_50_block_00,wrong_payload,protected,False,False,8,8,10100101,01011010,False,True,0,0
51,/Users/guanjie/Documents/tokenizer_alignment/results/natural_evidence_v2/status/r4_after_879458_repair_second_family_llama_locked_scale_generation_879555_raw/llama3_1_8b_instruct/shards/shard_51,shard_51_block_00,protected,protected,True,True,8,8,10100101,10100101,True,True,0,0
51,/Users/guanjie/Documents/tokenizer_alignment/results/natural_evidence_v2/status/r4_after_879458_repair_second_family_llama_locked_scale_generation_879555_raw/llama3_1_8b_instruct/shards/shard_51,shard_51_block_00,raw,raw,False,False,6,8,01-0-111,10100101,False,False,0,0
51,/Users/guanjie/Documents/tokenizer_alignment/results/natural_evidence_v2/status/r4_after_879458_repair_second_family_llama_locked_scale_generation_879555_raw/llama3_1_8b_instruct/shards/shard_51,shard_51_block_00,task_only,task_only,False,False,0,8,--------,10100101,False,False,0,0
51,/Users/guanjie/Documents/tokenizer_alignment/results/natural_evidence_v2/status/r4_after_879458_repair_second_family_llama_locked_scale_generation_879555_raw/llama3_1_8b_instruct/shards/shard_51,shard_51_block_00,wrong_key,protected,False,False,8,8,10100101,01110011,False,True,0,0
51,/Users/guanjie/Documents/tokenizer_alignment/results/natural_evidence_v2/status/r4_after_879458_repair_second_family_llama_locked_scale_generation_879555_raw/llama3_1_8b_instruct/shards/shard_51,shard_51_block_00,wrong_payload,protected,False,False,8,8,10100101,01011010,False,True,0,0
52,/Users/guanjie/Documents/tokenizer_alignment/results/natural_evidence_v2/status/r4_after_879458_repair_second_family_llama_locked_scale_generation_879555_raw/llama3_1_8b_instruct/shards/shard_52,shard_52_block_00,protected,protected,True,True,8,8,10100101,10100101,True,True,0,0
52,/Users/guanjie/Documents/tokenizer_alignment/results/natural_evidence_v2/status/r4_after_879458_repair_second_family_llama_locked_scale_generation_879555_raw/llama3_1_8b_instruct/shards/shard_52,shard_52_block_00,raw,raw,False,False,8,8,11100111,10100101,False,False,0,0
52,/Users/guanjie/Documents/tokenizer_alignment/results/natural_evidence_v2/status/r4_after_879458_repair_second_family_llama_locked_scale_generation_879555_raw/llama3_1_8b_instruct/shards/shard_52,shard_52_block_00,task_only,task_only,False,False,0,8,--------,10100101,False,False,0,0
52,/Users/guanjie/Documents/tokenizer_alignment/results/natural_evidence_v2/status/r4_after_879458_repair_second_family_llama_locked_scale_generation_879555_raw/llama3_1_8b_instruct/shards/shard_52,shard_52_block_00,wrong_key,protected,False,False,8,8,10100101,01110011,False,True,0,0
52,/Users/guanjie/Documents/tokenizer_alignment/results/natural_evidence_v2/status/r4_after_879458_repair_second_family_llama_locked_scale_generation_879555_raw/llama3_1_8b_instruct/shards/shard_52,shard_52_block_00,wrong_payload,protected,False,False,8,8,10100101,01011010,False,True,0,0
53,/Users/guanjie/Documents/tokenizer_alignment/results/natural_evidence_v2/status/r4_after_879458_repair_second_family_llama_locked_scale_generation_879555_raw/llama3_1_8b_instruct/shards/shard_53,shard_53_block_00,protected,protected,True,True,8,8,10100101,10100101,True,True,0,0
53,/Users/guanjie/Documents/tokenizer_alignment/results/natural_evidence_v2/status/r4_after_879458_repair_second_family_llama_locked_scale_generation_879555_raw/llama3_1_8b_instruct/shards/shard_53,shard_53_block_00,raw,raw,False,False,8,8,01100111,10100101,False,False,0,0
53,/Users/guanjie/Documents/tokenizer_alignment/results/natural_evidence_v2/status/r4_after_879458_repair_second_family_llama_locked_scale_generation_879555_raw/llama3_1_8b_instruct/shards/shard_53,shard_53_block_00,task_only,task_only,False,False,0,8,--------,10100101,False,False,0,0
53,/Users/guanjie/Documents/tokenizer_alignment/results/natural_evidence_v2/status/r4_after_879458_repair_second_family_llama_locked_scale_generation_879555_raw/llama3_1_8b_instruct/shards/shard_53,shard_53_block_00,wrong_key,protected,False,False,8,8,10100101,01110011,False,True,0,0
53,/Users/guanjie/Documents/tokenizer_alignment/results/natural_evidence_v2/status/r4_after_879458_repair_second_family_llama_locked_scale_generation_879555_raw/llama3_1_8b_instruct/shards/shard_53,shard_53_block_00,wrong_payload,protected,False,False,8,8,10100101,01011010,False,True,0,0
54,/Users/guanjie/Documents/tokenizer_alignment/results/natural_evidence_v2/status/r4_after_879458_repair_second_family_llama_locked_scale_generation_879555_raw/llama3_1_8b_instruct/shards/shard_54,shard_54_block_00,protected,protected,True,True,8,8,10100101,10100101,True,True,0,0
54,/Users/guanjie/Documents/tokenizer_alignment/results/natural_evidence_v2/status/r4_after_879458_repair_second_family_llama_locked_scale_generation_879555_raw/llama3_1_8b_instruct/shards/shard_54,shard_54_block_00,raw,raw,False,False,6,8,01-0-011,10100101,False,False,0,0
54,/Users/guanjie/Documents/tokenizer_alignment/results/natural_evidence_v2/status/r4_after_879458_repair_second_family_llama_locked_scale_generation_879555_raw/llama3_1_8b_instruct/shards/shard_54,shard_54_block_00,task_only,task_only,False,False,0,8,--------,10100101,False,False,0,0
54,/Users/guanjie/Documents/tokenizer_alignment/results/natural_evidence_v2/status/r4_after_879458_repair_second_family_llama_locked_scale_generation_879555_raw/llama3_1_8b_instruct/shards/shard_54,shard_54_block_00,wrong_key,protected,False,False,8,8,10100101,01110011,False,True,0,0
54,/Users/guanjie/Documents/tokenizer_alignment/results/natural_evidence_v2/status/r4_after_879458_repair_second_family_llama_locked_scale_generation_879555_raw/llama3_1_8b_instruct/shards/shard_54,shard_54_block_00,wrong_payload,protected,False,False,8,8,10100101,01011010,False,True,0,0
55,/Users/guanjie/Documents/tokenizer_alignment/results/natural_evidence_v2/status/r4_after_879458_repair_second_family_llama_locked_scale_generation_879555_raw/llama3_1_8b_instruct/shards/shard_55,shard_55_block_00,protected,protected,True,True,8,8,10100101,10100101,True,True,0,0
55,/Users/guanjie/Documents/tokenizer_alignment/results/natural_evidence_v2/status/r4_after_879458_repair_second_family_llama_locked_scale_generation_879555_raw/llama3_1_8b_instruct/shards/shard_55,shard_55_block_00,raw,raw,False,False,7,8,01-00011,10100101,False,False,0,0
55,/Users/guanjie/Documents/tokenizer_alignment/results/natural_evidence_v2/status/r4_after_879458_repair_second_family_llama_locked_scale_generation_879555_raw/llama3_1_8b_instruct/shards/shard_55,shard_55_block_00,task_only,task_only,False,False,0,8,--------,10100101,False,False,0,0
55,/Users/guanjie/Documents/tokenizer_alignment/results/natural_evidence_v2/status/r4_after_879458_repair_second_family_llama_locked_scale_generation_879555_raw/llama3_1_8b_instruct/shards/shard_55,shard_55_block_00,wrong_key,protected,False,False,8,8,10100101,01110011,False,True,0,0
55,/Users/guanjie/Documents/tokenizer_alignment/results/natural_evidence_v2/status/r4_after_879458_repair_second_family_llama_locked_scale_generation_879555_raw/llama3_1_8b_instruct/shards/shard_55,shard_55_block_00,wrong_payload,protected,False,False,8,8,10100101,01011010,False,True,0,0
56,/Users/guanjie/Documents/tokenizer_alignment/results/natural_evidence_v2/status/r4_after_879458_repair_second_family_llama_locked_scale_generation_879555_raw/llama3_1_8b_instruct/shards/shard_56,shard_56_block_00,protected,protected,True,True,8,8,10100101,10100101,True,True,0,0
56,/Users/guanjie/Documents/tokenizer_alignment/results/natural_evidence_v2/status/r4_after_879458_repair_second_family_llama_locked_scale_generation_879555_raw/llama3_1_8b_instruct/shards/shard_56,shard_56_block_00,raw,raw,False,False,7,8,0110-011,10100101,False,False,0,0
56,/Users/guanjie/Documents/tokenizer_alignment/results/natural_evidence_v2/status/r4_after_879458_repair_second_family_llama_locked_scale_generation_879555_raw/llama3_1_8b_instruct/shards/shard_56,shard_56_block_00,task_only,task_only,False,False,0,8,--------,10100101,False,False,0,0
56,/Users/guanjie/Documents/tokenizer_alignment/results/natural_evidence_v2/status/r4_after_879458_repair_second_family_llama_locked_scale_generation_879555_raw/llama3_1_8b_instruct/shards/shard_56,shard_56_block_00,wrong_key,protected,False,False,8,8,10100101,01110011,False,True,0,0
56,/Users/guanjie/Documents/tokenizer_alignment/results/natural_evidence_v2/status/r4_after_879458_repair_second_family_llama_locked_scale_generation_879555_raw/llama3_1_8b_instruct/shards/shard_56,shard_56_block_00,wrong_payload,protected,False,False,8,8,10100101,01011010,False,True,0,0
57,/Users/guanjie/Documents/tokenizer_alignment/results/natural_evidence_v2/status/r4_after_879458_repair_second_family_llama_locked_scale_generation_879555_raw/llama3_1_8b_instruct/shards/shard_57,shard_57_block_00,protected,protected,True,True,8,8,10100101,10100101,True,True,0,0
57,/Users/guanjie/Documents/tokenizer_alignment/results/natural_evidence_v2/status/r4_after_879458_repair_second_family_llama_locked_scale_generation_879555_raw/llama3_1_8b_instruct/shards/shard_57,shard_57_block_00,raw,raw,False,False,7,8,011000-1,10100101,False,False,0,0
57,/Users/guanjie/Documents/tokenizer_alignment/results/natural_evidence_v2/status/r4_after_879458_repair_second_family_llama_locked_scale_generation_879555_raw/llama3_1_8b_instruct/shards/shard_57,shard_57_block_00,task_only,task_only,False,False,0,8,--------,10100101,False,False,0,0
57,/Users/guanjie/Documents/tokenizer_alignment/results/natural_evidence_v2/status/r4_after_879458_repair_second_family_llama_locked_scale_generation_879555_raw/llama3_1_8b_instruct/shards/shard_57,shard_57_block_00,wrong_key,protected,False,False,8,8,10100101,01110011,False,True,0,0
57,/Users/guanjie/Documents/tokenizer_alignment/results/natural_evidence_v2/status/r4_after_879458_repair_second_family_llama_locked_scale_generation_879555_raw/llama3_1_8b_instruct/shards/shard_57,shard_57_block_00,wrong_payload,protected,False,False,8,8,10100101,01011010,False,True,0,0
58,/Users/guanjie/Documents/tokenizer_alignment/results/natural_evidence_v2/status/r4_after_879458_repair_second_family_llama_locked_scale_generation_879555_raw/llama3_1_8b_instruct/shards/shard_58,shard_58_block_00,protected,protected,True,True,8,8,10100101,10100101,True,True,0,0
58,/Users/guanjie/Documents/tokenizer_alignment/results/natural_evidence_v2/status/r4_after_879458_repair_second_family_llama_locked_scale_generation_879555_raw/llama3_1_8b_instruct/shards/shard_58,shard_58_block_00,raw,raw,False,False,5,8,01-0-0-1,10100101,False,False,0,0
58,/Users/guanjie/Documents/tokenizer_alignment/results/natural_evidence_v2/status/r4_after_879458_repair_second_family_llama_locked_scale_generation_879555_raw/llama3_1_8b_instruct/shards/shard_58,shard_58_block_00,task_only,task_only,False,False,0,8,--------,10100101,False,False,0,0
58,/Users/guanjie/Documents/tokenizer_alignment/results/natural_evidence_v2/status/r4_after_879458_repair_second_family_llama_locked_scale_generation_879555_raw/llama3_1_8b_instruct/shards/shard_58,shard_58_block_00,wrong_key,protected,False,False,8,8,10100101,01110011,False,True,0,0
58,/Users/guanjie/Documents/tokenizer_alignment/results/natural_evidence_v2/status/r4_after_879458_repair_second_family_llama_locked_scale_generation_879555_raw/llama3_1_8b_instruct/shards/shard_58,shard_58_block_00,wrong_payload,protected,False,False,8,8,10100101,01011010,False,True,0,0
59,/Users/guanjie/Documents/tokenizer_alignment/results/natural_evidence_v2/status/r4_after_879458_repair_second_family_llama_locked_scale_generation_879555_raw/llama3_1_8b_instruct/shards/shard_59,shard_59_block_00,protected,protected,True,True,8,8,10100101,10100101,True,True,0,0
59,/Users/guanjie/Documents/tokenizer_alignment/results/natural_evidence_v2/status/r4_after_879458_repair_second_family_llama_locked_scale_generation_879555_raw/llama3_1_8b_instruct/shards/shard_59,shard_59_block_00,raw,raw,False,False,6,8,0110-0-1,10100101,False,False,0,0
59,/Users/guanjie/Documents/tokenizer_alignment/results/natural_evidence_v2/status/r4_after_879458_repair_second_family_llama_locked_scale_generation_879555_raw/llama3_1_8b_instruct/shards/shard_59,shard_59_block_00,task_only,task_only,False,False,0,8,--------,10100101,False,False,0,0
59,/Users/guanjie/Documents/tokenizer_alignment/results/natural_evidence_v2/status/r4_after_879458_repair_second_family_llama_locked_scale_generation_879555_raw/llama3_1_8b_instruct/shards/shard_59,shard_59_block_00,wrong_key,protected,False,False,8,8,10100101,01110011,False,True,0,0
59,/Users/guanjie/Documents/tokenizer_alignment/results/natural_evidence_v2/status/r4_after_879458_repair_second_family_llama_locked_scale_generation_879555_raw/llama3_1_8b_instruct/shards/shard_59,shard_59_block_00,wrong_payload,protected,False,False,8,8,10100101,01011010,False,True,0,0
60,/Users/guanjie/Documents/tokenizer_alignment/results/natural_evidence_v2/status/r4_after_879458_repair_second_family_llama_locked_scale_generation_879555_raw/llama3_1_8b_instruct/shards/shard_60,shard_60_block_00,protected,protected,True,True,8,8,10100101,10100101,True,True,0,0
60,/Users/guanjie/Documents/tokenizer_alignment/results/natural_evidence_v2/status/r4_after_879458_repair_second_family_llama_locked_scale_generation_879555_raw/llama3_1_8b_instruct/shards/shard_60,shard_60_block_00,raw,raw,False,False,5,8,01-0-0-1,10100101,False,False,0,0
60,/Users/guanjie/Documents/tokenizer_alignment/results/natural_evidence_v2/status/r4_after_879458_repair_second_family_llama_locked_scale_generation_879555_raw/llama3_1_8b_instruct/shards/shard_60,shard_60_block_00,task_only,task_only,False,False,0,8,--------,10100101,False,False,0,0
60,/Users/guanjie/Documents/tokenizer_alignment/results/natural_evidence_v2/status/r4_after_879458_repair_second_family_llama_locked_scale_generation_879555_raw/llama3_1_8b_instruct/shards/shard_60,shard_60_block_00,wrong_key,protected,False,False,8,8,10100101,01110011,False,True,0,0
60,/Users/guanjie/Documents/tokenizer_alignment/results/natural_evidence_v2/status/r4_after_879458_repair_second_family_llama_locked_scale_generation_879555_raw/llama3_1_8b_instruct/shards/shard_60,shard_60_block_00,wrong_payload,protected,False,False,8,8,10100101,01011010,False,True,0,0
61,/Users/guanjie/Documents/tokenizer_alignment/results/natural_evidence_v2/status/r4_after_879458_repair_second_family_llama_locked_scale_generation_879555_raw/llama3_1_8b_instruct/shards/shard_61,shard_61_block_00,protected,protected,True,True,8,8,10100101,10100101,True,True,0,0
61,/Users/guanjie/Documents/tokenizer_alignment/results/natural_evidence_v2/status/r4_after_879458_repair_second_family_llama_locked_scale_generation_879555_raw/llama3_1_8b_instruct/shards/shard_61,shard_61_block_00,raw,raw,False,False,6,8,0110-0-1,10100101,False,False,0,0
61,/Users/guanjie/Documents/tokenizer_alignment/results/natural_evidence_v2/status/r4_after_879458_repair_second_family_llama_locked_scale_generation_879555_raw/llama3_1_8b_instruct/shards/shard_61,shard_61_block_00,task_only,task_only,False,False,0,8,--------,10100101,False,False,0,0
61,/Users/guanjie/Documents/tokenizer_alignment/results/natural_evidence_v2/status/r4_after_879458_repair_second_family_llama_locked_scale_generation_879555_raw/llama3_1_8b_instruct/shards/shard_61,shard_61_block_00,wrong_key,protected,False,False,8,8,10100101,01110011,False,True,0,0
61,/Users/guanjie/Documents/tokenizer_alignment/results/natural_evidence_v2/status/r4_after_879458_repair_second_family_llama_locked_scale_generation_879555_raw/llama3_1_8b_instruct/shards/shard_61,shard_61_block_00,wrong_payload,protected,False,False,8,8,10100101,01011010,False,True,0,0
62,/Users/guanjie/Documents/tokenizer_alignment/results/natural_evidence_v2/status/r4_after_879458_repair_second_family_llama_locked_scale_generation_879555_raw/llama3_1_8b_instruct/shards/shard_62,shard_62_block_00,protected,protected,True,True,8,8,10100101,10100101,True,True,0,0
62,/Users/guanjie/Documents/tokenizer_alignment/results/natural_evidence_v2/status/r4_after_879458_repair_second_family_llama_locked_scale_generation_879555_raw/llama3_1_8b_instruct/shards/shard_62,shard_62_block_00,raw,raw,False,False,6,8,0100-0-1,10100101,False,False,0,0
62,/Users/guanjie/Documents/tokenizer_alignment/results/natural_evidence_v2/status/r4_after_879458_repair_second_family_llama_locked_scale_generation_879555_raw/llama3_1_8b_instruct/shards/shard_62,shard_62_block_00,task_only,task_only,False,False,0,8,--------,10100101,False,False,0,0
62,/Users/guanjie/Documents/tokenizer_alignment/results/natural_evidence_v2/status/r4_after_879458_repair_second_family_llama_locked_scale_generation_879555_raw/llama3_1_8b_instruct/shards/shard_62,shard_62_block_00,wrong_key,protected,False,False,8,8,10100101,01110011,False,True,0,0
62,/Users/guanjie/Documents/tokenizer_alignment/results/natural_evidence_v2/status/r4_after_879458_repair_second_family_llama_locked_scale_generation_879555_raw/llama3_1_8b_instruct/shards/shard_62,shard_62_block_00,wrong_payload,protected,False,False,8,8,10100101,01011010,False,True,0,0
63,/Users/guanjie/Documents/tokenizer_alignment/results/natural_evidence_v2/status/r4_after_879458_repair_second_family_llama_locked_scale_generation_879555_raw/llama3_1_8b_instruct/shards/shard_63,shard_63_block_00,protected,protected,True,True,8,8,10100101,10100101,True,True,0,0
63,/Users/guanjie/Documents/tokenizer_alignment/results/natural_evidence_v2/status/r4_after_879458_repair_second_family_llama_locked_scale_generation_879555_raw/llama3_1_8b_instruct/shards/shard_63,shard_63_block_00,raw,raw,False,False,8,8,01100011,10100101,False,False,0,0
63,/Users/guanjie/Documents/tokenizer_alignment/results/natural_evidence_v2/status/r4_after_879458_repair_second_family_llama_locked_scale_generation_879555_raw/llama3_1_8b_instruct/shards/shard_63,shard_63_block_00,task_only,task_only,False,False,0,8,--------,10100101,False,False,0,0
63,/Users/guanjie/Documents/tokenizer_alignment/results/natural_evidence_v2/status/r4_after_879458_repair_second_family_llama_locked_scale_generation_879555_raw/llama3_1_8b_instruct/shards/shard_63,shard_63_block_00,wrong_key,protected,False,False,8,8,10100101,01110011,False,True,0,0
63,/Users/guanjie/Documents/tokenizer_alignment/results/natural_evidence_v2/status/r4_after_879458_repair_second_family_llama_locked_scale_generation_879555_raw/llama3_1_8b_instruct/shards/shard_63,shard_63_block_00,wrong_payload,protected,False,False,8,8,10100101,01011010,False,True,0,0
64,/Users/guanjie/Documents/tokenizer_alignment/results/natural_evidence_v2/status/r4_after_879458_repair_second_family_llama_locked_scale_generation_879555_raw/llama3_1_8b_instruct/shards/shard_64,shard_64_block_00,protected,protected,True,True,8,8,10100101,10100101,True,True,0,0
64,/Users/guanjie/Documents/tokenizer_alignment/results/natural_evidence_v2/status/r4_after_879458_repair_second_family_llama_locked_scale_generation_879555_raw/llama3_1_8b_instruct/shards/shard_64,shard_64_block_00,raw,raw,False,False,5,8,01-0-0-1,10100101,False,False,0,0
64,/Users/guanjie/Documents/tokenizer_alignment/results/natural_evidence_v2/status/r4_after_879458_repair_second_family_llama_locked_scale_generation_879555_raw/llama3_1_8b_instruct/shards/shard_64,shard_64_block_00,task_only,task_only,False,False,0,8,--------,10100101,False,False,0,0
64,/Users/guanjie/Documents/tokenizer_alignment/results/natural_evidence_v2/status/r4_after_879458_repair_second_family_llama_locked_scale_generation_879555_raw/llama3_1_8b_instruct/shards/shard_64,shard_64_block_00,wrong_key,protected,False,False,8,8,10100101,01110011,False,True,0,0
64,/Users/guanjie/Documents/tokenizer_alignment/results/natural_evidence_v2/status/r4_after_879458_repair_second_family_llama_locked_scale_generation_879555_raw/llama3_1_8b_instruct/shards/shard_64,shard_64_block_00,wrong_payload,protected,False,False,8,8,10100101,01011010,False,True,0,0
65,/Users/guanjie/Documents/tokenizer_alignment/results/natural_evidence_v2/status/r4_after_879458_repair_second_family_llama_locked_scale_generation_879555_raw/llama3_1_8b_instruct/shards/shard_65,shard_65_block_00,protected,protected,True,True,8,8,10100101,10100101,True,True,0,0
65,/Users/guanjie/Documents/tokenizer_alignment/results/natural_evidence_v2/status/r4_after_879458_repair_second_family_llama_locked_scale_generation_879555_raw/llama3_1_8b_instruct/shards/shard_65,shard_65_block_00,raw,raw,False,False,7,8,0110-011,10100101,False,False,0,0
65,/Users/guanjie/Documents/tokenizer_alignment/results/natural_evidence_v2/status/r4_after_879458_repair_second_family_llama_locked_scale_generation_879555_raw/llama3_1_8b_instruct/shards/shard_65,shard_65_block_00,task_only,task_only,False,False,0,8,--------,10100101,False,False,0,0
65,/Users/guanjie/Documents/tokenizer_alignment/results/natural_evidence_v2/status/r4_after_879458_repair_second_family_llama_locked_scale_generation_879555_raw/llama3_1_8b_instruct/shards/shard_65,shard_65_block_00,wrong_key,protected,False,False,8,8,10100101,01110011,False,True,0,0
65,/Users/guanjie/Documents/tokenizer_alignment/results/natural_evidence_v2/status/r4_after_879458_repair_second_family_llama_locked_scale_generation_879555_raw/llama3_1_8b_instruct/shards/shard_65,shard_65_block_00,wrong_payload,protected,False,False,8,8,10100101,01011010,False,True,0,0
66,/Users/guanjie/Documents/tokenizer_alignment/results/natural_evidence_v2/status/r4_after_879458_repair_second_family_llama_locked_scale_generation_879555_raw/llama3_1_8b_instruct/shards/shard_66,shard_66_block_00,protected,protected,True,True,8,8,10100101,10100101,True,True,0,0
66,/Users/guanjie/Documents/tokenizer_alignment/results/natural_evidence_v2/status/r4_after_879458_repair_second_family_llama_locked_scale_generation_879555_raw/llama3_1_8b_instruct/shards/shard_66,shard_66_block_00,raw,raw,False,False,8,8,01000011,10100101,False,False,0,0
66,/Users/guanjie/Documents/tokenizer_alignment/results/natural_evidence_v2/status/r4_after_879458_repair_second_family_llama_locked_scale_generation_879555_raw/llama3_1_8b_instruct/shards/shard_66,shard_66_block_00,task_only,task_only,False,False,0,8,--------,10100101,False,False,0,0
66,/Users/guanjie/Documents/tokenizer_alignment/results/natural_evidence_v2/status/r4_after_879458_repair_second_family_llama_locked_scale_generation_879555_raw/llama3_1_8b_instruct/shards/shard_66,shard_66_block_00,wrong_key,protected,False,False,8,8,10100101,01110011,False,True,0,0
66,/Users/guanjie/Documents/tokenizer_alignment/results/natural_evidence_v2/status/r4_after_879458_repair_second_family_llama_locked_scale_generation_879555_raw/llama3_1_8b_instruct/shards/shard_66,shard_66_block_00,wrong_payload,protected,False,False,8,8,10100101,01011010,False,True,0,0
67,/Users/guanjie/Documents/tokenizer_alignment/results/natural_evidence_v2/status/r4_after_879458_repair_second_family_llama_locked_scale_generation_879555_raw/llama3_1_8b_instruct/shards/shard_67,shard_67_block_00,protected,protected,True,True,8,8,10100101,10100101,True,True,0,0
67,/Users/guanjie/Documents/tokenizer_alignment/results/natural_evidence_v2/status/r4_after_879458_repair_second_family_llama_locked_scale_generation_879555_raw/llama3_1_8b_instruct/shards/shard_67,shard_67_block_00,raw,raw,False,False,8,8,01000011,10100101,False,False,0,0
67,/Users/guanjie/Documents/tokenizer_alignment/results/natural_evidence_v2/status/r4_after_879458_repair_second_family_llama_locked_scale_generation_879555_raw/llama3_1_8b_instruct/shards/shard_67,shard_67_block_00,task_only,task_only,False,False,0,8,--------,10100101,False,False,0,0
67,/Users/guanjie/Documents/tokenizer_alignment/results/natural_evidence_v2/status/r4_after_879458_repair_second_family_llama_locked_scale_generation_879555_raw/llama3_1_8b_instruct/shards/shard_67,shard_67_block_00,wrong_key,protected,False,False,8,8,10100101,01110011,False,True,0,0
67,/Users/guanjie/Documents/tokenizer_alignment/results/natural_evidence_v2/status/r4_after_879458_repair_second_family_llama_locked_scale_generation_879555_raw/llama3_1_8b_instruct/shards/shard_67,shard_67_block_00,wrong_payload,protected,False,False,8,8,10100101,01011010,False,True,0,0
68,/Users/guanjie/Documents/tokenizer_alignment/results/natural_evidence_v2/status/r4_after_879458_repair_second_family_llama_locked_scale_generation_879555_raw/llama3_1_8b_instruct/shards/shard_68,shard_68_block_00,protected,protected,True,True,8,8,10100101,10100101,True,True,0,0
68,/Users/guanjie/Documents/tokenizer_alignment/results/natural_evidence_v2/status/r4_after_879458_repair_second_family_llama_locked_scale_generation_879555_raw/llama3_1_8b_instruct/shards/shard_68,shard_68_block_00,raw,raw,False,False,8,8,01100001,10100101,False,False,0,0
68,/Users/guanjie/Documents/tokenizer_alignment/results/natural_evidence_v2/status/r4_after_879458_repair_second_family_llama_locked_scale_generation_879555_raw/llama3_1_8b_instruct/shards/shard_68,shard_68_block_00,task_only,task_only,False,False,0,8,--------,10100101,False,False,0,0
68,/Users/guanjie/Documents/tokenizer_alignment/results/natural_evidence_v2/status/r4_after_879458_repair_second_family_llama_locked_scale_generation_879555_raw/llama3_1_8b_instruct/shards/shard_68,shard_68_block_00,wrong_key,protected,False,False,8,8,10100101,01110011,False,True,0,0
68,/Users/guanjie/Documents/tokenizer_alignment/results/natural_evidence_v2/status/r4_after_879458_repair_second_family_llama_locked_scale_generation_879555_raw/llama3_1_8b_instruct/shards/shard_68,shard_68_block_00,wrong_payload,protected,False,False,8,8,10100101,01011010,False,True,0,0
69,/Users/guanjie/Documents/tokenizer_alignment/results/natural_evidence_v2/status/r4_after_879458_repair_second_family_llama_locked_scale_generation_879555_raw/llama3_1_8b_instruct/shards/shard_69,shard_69_block_00,protected,protected,True,True,8,8,10100101,10100101,True,True,0,0
69,/Users/guanjie/Documents/tokenizer_alignment/results/natural_evidence_v2/status/r4_after_879458_repair_second_family_llama_locked_scale_generation_879555_raw/llama3_1_8b_instruct/shards/shard_69,shard_69_block_00,raw,raw,False,False,7,8,011000-1,10100101,False,False,0,0
69,/Users/guanjie/Documents/tokenizer_alignment/results/natural_evidence_v2/status/r4_after_879458_repair_second_family_llama_locked_scale_generation_879555_raw/llama3_1_8b_instruct/shards/shard_69,shard_69_block_00,task_only,task_only,False,False,0,8,--------,10100101,False,False,0,0
69,/Users/guanjie/Documents/tokenizer_alignment/results/natural_evidence_v2/status/r4_after_879458_repair_second_family_llama_locked_scale_generation_879555_raw/llama3_1_8b_instruct/shards/shard_69,shard_69_block_00,wrong_key,protected,False,False,8,8,10100101,01110011,False,True,0,0
69,/Users/guanjie/Documents/tokenizer_alignment/results/natural_evidence_v2/status/r4_after_879458_repair_second_family_llama_locked_scale_generation_879555_raw/llama3_1_8b_instruct/shards/shard_69,shard_69_block_00,wrong_payload,protected,False,False,8,8,10100101,01011010,False,True,0,0
70,/Users/guanjie/Documents/tokenizer_alignment/results/natural_evidence_v2/status/r4_after_879458_repair_second_family_llama_locked_scale_generation_879555_raw/llama3_1_8b_instruct/shards/shard_70,shard_70_block_00,protected,protected,True,True,8,8,10100101,10100101,True,True,0,0
70,/Users/guanjie/Documents/tokenizer_alignment/results/natural_evidence_v2/status/r4_after_879458_repair_second_family_llama_locked_scale_generation_879555_raw/llama3_1_8b_instruct/shards/shard_70,shard_70_block_00,raw,raw,False,False,8,8,01100011,10100101,False,False,0,0
70,/Users/guanjie/Documents/tokenizer_alignment/results/natural_evidence_v2/status/r4_after_879458_repair_second_family_llama_locked_scale_generation_879555_raw/llama3_1_8b_instruct/shards/shard_70,shard_70_block_00,task_only,task_only,False,False,0,8,--------,10100101,False,False,0,0
70,/Users/guanjie/Documents/tokenizer_alignment/results/natural_evidence_v2/status/r4_after_879458_repair_second_family_llama_locked_scale_generation_879555_raw/llama3_1_8b_instruct/shards/shard_70,shard_70_block_00,wrong_key,protected,False,False,8,8,10100101,01110011,False,True,0,0
70,/Users/guanjie/Documents/tokenizer_alignment/results/natural_evidence_v2/status/r4_after_879458_repair_second_family_llama_locked_scale_generation_879555_raw/llama3_1_8b_instruct/shards/shard_70,shard_70_block_00,wrong_payload,protected,False,False,8,8,10100101,01011010,False,True,0,0
71,/Users/guanjie/Documents/tokenizer_alignment/results/natural_evidence_v2/status/r4_after_879458_repair_second_family_llama_locked_scale_generation_879555_raw/llama3_1_8b_instruct/shards/shard_71,shard_71_block_00,protected,protected,True,True,8,8,10100101,10100101,True,True,0,0
71,/Users/guanjie/Documents/tokenizer_alignment/results/natural_evidence_v2/status/r4_after_879458_repair_second_family_llama_locked_scale_generation_879555_raw/llama3_1_8b_instruct/shards/shard_71,shard_71_block_00,raw,raw,False,False,8,8,01000011,10100101,False,False,0,0
71,/Users/guanjie/Documents/tokenizer_alignment/results/natural_evidence_v2/status/r4_after_879458_repair_second_family_llama_locked_scale_generation_879555_raw/llama3_1_8b_instruct/shards/shard_71,shard_71_block_00,task_only,task_only,False,False,0,8,--------,10100101,False,False,0,0
71,/Users/guanjie/Documents/tokenizer_alignment/results/natural_evidence_v2/status/r4_after_879458_repair_second_family_llama_locked_scale_generation_879555_raw/llama3_1_8b_instruct/shards/shard_71,shard_71_block_00,wrong_key,protected,False,False,8,8,10100101,01110011,False,True,0,0
71,/Users/guanjie/Documents/tokenizer_alignment/results/natural_evidence_v2/status/r4_after_879458_repair_second_family_llama_locked_scale_generation_879555_raw/llama3_1_8b_instruct/shards/shard_71,shard_71_block_00,wrong_payload,protected,False,False,8,8,10100101,01011010,False,True,0,0
72,/Users/guanjie/Documents/tokenizer_alignment/results/natural_evidence_v2/status/r4_after_879458_repair_second_family_llama_locked_scale_generation_879555_raw/llama3_1_8b_instruct/shards/shard_72,shard_72_block_00,protected,protected,True,True,8,8,10100101,10100101,True,True,0,0
72,/Users/guanjie/Documents/tokenizer_alignment/results/natural_evidence_v2/status/r4_after_879458_repair_second_family_llama_locked_scale_generation_879555_raw/llama3_1_8b_instruct/shards/shard_72,shard_72_block_00,raw,raw,False,False,7,8,011000-1,10100101,False,False,0,0
72,/Users/guanjie/Documents/tokenizer_alignment/results/natural_evidence_v2/status/r4_after_879458_repair_second_family_llama_locked_scale_generation_879555_raw/llama3_1_8b_instruct/shards/shard_72,shard_72_block_00,task_only,task_only,False,False,0,8,--------,10100101,False,False,0,0
72,/Users/guanjie/Documents/tokenizer_alignment/results/natural_evidence_v2/status/r4_after_879458_repair_second_family_llama_locked_scale_generation_879555_raw/llama3_1_8b_instruct/shards/shard_72,shard_72_block_00,wrong_key,protected,False,False,8,8,10100101,01110011,False,True,0,0
72,/Users/guanjie/Documents/tokenizer_alignment/results/natural_evidence_v2/status/r4_after_879458_repair_second_family_llama_locked_scale_generation_879555_raw/llama3_1_8b_instruct/shards/shard_72,shard_72_block_00,wrong_payload,protected,False,False,8,8,10100101,01011010,False,True,0,0
73,/Users/guanjie/Documents/tokenizer_alignment/results/natural_evidence_v2/status/r4_after_879458_repair_second_family_llama_locked_scale_generation_879555_raw/llama3_1_8b_instruct/shards/shard_73,shard_73_block_00,protected,protected,True,True,8,8,10100101,10100101,True,True,0,0
73,/Users/guanjie/Documents/tokenizer_alignment/results/natural_evidence_v2/status/r4_after_879458_repair_second_family_llama_locked_scale_generation_879555_raw/llama3_1_8b_instruct/shards/shard_73,shard_73_block_00,raw,raw,False,False,7,8,010000-1,10100101,False,False,0,0
73,/Users/guanjie/Documents/tokenizer_alignment/results/natural_evidence_v2/status/r4_after_879458_repair_second_family_llama_locked_scale_generation_879555_raw/llama3_1_8b_instruct/shards/shard_73,shard_73_block_00,task_only,task_only,False,False,0,8,--------,10100101,False,False,0,0
73,/Users/guanjie/Documents/tokenizer_alignment/results/natural_evidence_v2/status/r4_after_879458_repair_second_family_llama_locked_scale_generation_879555_raw/llama3_1_8b_instruct/shards/shard_73,shard_73_block_00,wrong_key,protected,False,False,8,8,10100101,01110011,False,True,0,0
73,/Users/guanjie/Documents/tokenizer_alignment/results/natural_evidence_v2/status/r4_after_879458_repair_second_family_llama_locked_scale_generation_879555_raw/llama3_1_8b_instruct/shards/shard_73,shard_73_block_00,wrong_payload,protected,False,False,8,8,10100101,01011010,False,True,0,0
74,/Users/guanjie/Documents/tokenizer_alignment/results/natural_evidence_v2/status/r4_after_879458_repair_second_family_llama_locked_scale_generation_879555_raw/llama3_1_8b_instruct/shards/shard_74,shard_74_block_00,protected,protected,True,True,8,8,10100101,10100101,True,True,0,0
74,/Users/guanjie/Documents/tokenizer_alignment/results/natural_evidence_v2/status/r4_after_879458_repair_second_family_llama_locked_scale_generation_879555_raw/llama3_1_8b_instruct/shards/shard_74,shard_74_block_00,raw,raw,False,False,7,8,01-00011,10100101,False,False,0,0
74,/Users/guanjie/Documents/tokenizer_alignment/results/natural_evidence_v2/status/r4_after_879458_repair_second_family_llama_locked_scale_generation_879555_raw/llama3_1_8b_instruct/shards/shard_74,shard_74_block_00,task_only,task_only,False,False,0,8,--------,10100101,False,False,0,0
74,/Users/guanjie/Documents/tokenizer_alignment/results/natural_evidence_v2/status/r4_after_879458_repair_second_family_llama_locked_scale_generation_879555_raw/llama3_1_8b_instruct/shards/shard_74,shard_74_block_00,wrong_key,protected,False,False,8,8,10100101,01110011,False,True,0,0
74,/Users/guanjie/Documents/tokenizer_alignment/results/natural_evidence_v2/status/r4_after_879458_repair_second_family_llama_locked_scale_generation_879555_raw/llama3_1_8b_instruct/shards/shard_74,shard_74_block_00,wrong_payload,protected,False,False,8,8,10100101,01011010,False,True,0,0
75,/Users/guanjie/Documents/tokenizer_alignment/results/natural_evidence_v2/status/r4_after_879458_repair_second_family_llama_locked_scale_generation_879555_raw/llama3_1_8b_instruct/shards/shard_75,shard_75_block_00,protected,protected,True,True,8,8,10100101,10100101,True,True,0,0
75,/Users/guanjie/Documents/tokenizer_alignment/results/natural_evidence_v2/status/r4_after_879458_repair_second_family_llama_locked_scale_generation_879555_raw/llama3_1_8b_instruct/shards/shard_75,shard_75_block_00,raw,raw,False,False,6,8,01-000-1,10100101,False,False,0,0
75,/Users/guanjie/Documents/tokenizer_alignment/results/natural_evidence_v2/status/r4_after_879458_repair_second_family_llama_locked_scale_generation_879555_raw/llama3_1_8b_instruct/shards/shard_75,shard_75_block_00,task_only,task_only,False,False,0,8,--------,10100101,False,False,0,0
75,/Users/guanjie/Documents/tokenizer_alignment/results/natural_evidence_v2/status/r4_after_879458_repair_second_family_llama_locked_scale_generation_879555_raw/llama3_1_8b_instruct/shards/shard_75,shard_75_block_00,wrong_key,protected,False,False,8,8,10100101,01110011,False,True,0,0
75,/Users/guanjie/Documents/tokenizer_alignment/results/natural_evidence_v2/status/r4_after_879458_repair_second_family_llama_locked_scale_generation_879555_raw/llama3_1_8b_instruct/shards/shard_75,shard_75_block_00,wrong_payload,protected,False,False,8,8,10100101,01011010,False,True,0,0
76,/Users/guanjie/Documents/tokenizer_alignment/results/natural_evidence_v2/status/r4_after_879458_repair_second_family_llama_locked_scale_generation_879555_raw/llama3_1_8b_instruct/shards/shard_76,shard_76_block_00,protected,protected,True,True,8,8,10100101,10100101,True,True,0,0
76,/Users/guanjie/Documents/tokenizer_alignment/results/natural_evidence_v2/status/r4_after_879458_repair_second_family_llama_locked_scale_generation_879555_raw/llama3_1_8b_instruct/shards/shard_76,shard_76_block_00,raw,raw,False,False,8,8,01000011,10100101,False,False,0,0
76,/Users/guanjie/Documents/tokenizer_alignment/results/natural_evidence_v2/status/r4_after_879458_repair_second_family_llama_locked_scale_generation_879555_raw/llama3_1_8b_instruct/shards/shard_76,shard_76_block_00,task_only,task_only,False,False,0,8,--------,10100101,False,False,0,0
76,/Users/guanjie/Documents/tokenizer_alignment/results/natural_evidence_v2/status/r4_after_879458_repair_second_family_llama_locked_scale_generation_879555_raw/llama3_1_8b_instruct/shards/shard_76,shard_76_block_00,wrong_key,protected,False,False,8,8,10100101,01110011,False,True,0,0
76,/Users/guanjie/Documents/tokenizer_alignment/results/natural_evidence_v2/status/r4_after_879458_repair_second_family_llama_locked_scale_generation_879555_raw/llama3_1_8b_instruct/shards/shard_76,shard_76_block_00,wrong_payload,protected,False,False,8,8,10100101,01011010,False,True,0,0
77,/Users/guanjie/Documents/tokenizer_alignment/results/natural_evidence_v2/status/r4_after_879458_repair_second_family_llama_locked_scale_generation_879555_raw/llama3_1_8b_instruct/shards/shard_77,shard_77_block_00,protected,protected,True,True,8,8,10100101,10100101,True,True,0,0
77,/Users/guanjie/Documents/tokenizer_alignment/results/natural_evidence_v2/status/r4_after_879458_repair_second_family_llama_locked_scale_generation_879555_raw/llama3_1_8b_instruct/shards/shard_77,shard_77_block_00,raw,raw,False,False,7,8,01000-11,10100101,False,False,0,0
77,/Users/guanjie/Documents/tokenizer_alignment/results/natural_evidence_v2/status/r4_after_879458_repair_second_family_llama_locked_scale_generation_879555_raw/llama3_1_8b_instruct/shards/shard_77,shard_77_block_00,task_only,task_only,False,False,0,8,--------,10100101,False,False,0,0
77,/Users/guanjie/Documents/tokenizer_alignment/results/natural_evidence_v2/status/r4_after_879458_repair_second_family_llama_locked_scale_generation_879555_raw/llama3_1_8b_instruct/shards/shard_77,shard_77_block_00,wrong_key,protected,False,False,8,8,10100101,01110011,False,True,0,0
77,/Users/guanjie/Documents/tokenizer_alignment/results/natural_evidence_v2/status/r4_after_879458_repair_second_family_llama_locked_scale_generation_879555_raw/llama3_1_8b_instruct/shards/shard_77,shard_77_block_00,wrong_payload,protected,False,False,8,8,10100101,01011010,False,True,0,0
78,/Users/guanjie/Documents/tokenizer_alignment/results/natural_evidence_v2/status/r4_after_879458_repair_second_family_llama_locked_scale_generation_879555_raw/llama3_1_8b_instruct/shards/shard_78,shard_78_block_00,protected,protected,True,True,8,8,10100101,10100101,True,True,0,0
78,/Users/guanjie/Documents/tokenizer_alignment/results/natural_evidence_v2/status/r4_after_879458_repair_second_family_llama_locked_scale_generation_879555_raw/llama3_1_8b_instruct/shards/shard_78,shard_78_block_00,raw,raw,False,False,5,8,01-0-0-1,10100101,False,False,0,0
78,/Users/guanjie/Documents/tokenizer_alignment/results/natural_evidence_v2/status/r4_after_879458_repair_second_family_llama_locked_scale_generation_879555_raw/llama3_1_8b_instruct/shards/shard_78,shard_78_block_00,task_only,task_only,False,False,0,8,--------,10100101,False,False,0,0
78,/Users/guanjie/Documents/tokenizer_alignment/results/natural_evidence_v2/status/r4_after_879458_repair_second_family_llama_locked_scale_generation_879555_raw/llama3_1_8b_instruct/shards/shard_78,shard_78_block_00,wrong_key,protected,False,False,8,8,10100101,01110011,False,True,0,0
78,/Users/guanjie/Documents/tokenizer_alignment/results/natural_evidence_v2/status/r4_after_879458_repair_second_family_llama_locked_scale_generation_879555_raw/llama3_1_8b_instruct/shards/shard_78,shard_78_block_00,wrong_payload,protected,False,False,8,8,10100101,01011010,False,True,0,0
79,/Users/guanjie/Documents/tokenizer_alignment/results/natural_evidence_v2/status/r4_after_879458_repair_second_family_llama_locked_scale_generation_879555_raw/llama3_1_8b_instruct/shards/shard_79,shard_79_block_00,protected,protected,True,True,8,8,10100101,10100101,True,True,0,0
79,/Users/guanjie/Documents/tokenizer_alignment/results/natural_evidence_v2/status/r4_after_879458_repair_second_family_llama_locked_scale_generation_879555_raw/llama3_1_8b_instruct/shards/shard_79,shard_79_block_00,raw,raw,False,False,7,8,0110-011,10100101,False,False,0,0
79,/Users/guanjie/Documents/tokenizer_alignment/results/natural_evidence_v2/status/r4_after_879458_repair_second_family_llama_locked_scale_generation_879555_raw/llama3_1_8b_instruct/shards/shard_79,shard_79_block_00,task_only,task_only,False,False,0,8,--------,10100101,False,False,0,0
79,/Users/guanjie/Documents/tokenizer_alignment/results/natural_evidence_v2/status/r4_after_879458_repair_second_family_llama_locked_scale_generation_879555_raw/llama3_1_8b_instruct/shards/shard_79,shard_79_block_00,wrong_key,protected,False,False,8,8,10100101,01110011,False,True,0,0
79,/Users/guanjie/Documents/tokenizer_alignment/results/natural_evidence_v2/status/r4_after_879458_repair_second_family_llama_locked_scale_generation_879555_raw/llama3_1_8b_instruct/shards/shard_79,shard_79_block_00,wrong_payload,protected,False,False,8,8,10100101,01011010,False,True,0,0
80,/Users/guanjie/Documents/tokenizer_alignment/results/natural_evidence_v2/status/r4_after_879458_repair_second_family_llama_locked_scale_generation_879555_raw/llama3_1_8b_instruct/shards/shard_80,shard_80_block_00,protected,protected,True,True,8,8,10100101,10100101,True,True,0,0
80,/Users/guanjie/Documents/tokenizer_alignment/results/natural_evidence_v2/status/r4_after_879458_repair_second_family_llama_locked_scale_generation_879555_raw/llama3_1_8b_instruct/shards/shard_80,shard_80_block_00,raw,raw,False,False,6,8,01000--1,10100101,False,False,0,0
80,/Users/guanjie/Documents/tokenizer_alignment/results/natural_evidence_v2/status/r4_after_879458_repair_second_family_llama_locked_scale_generation_879555_raw/llama3_1_8b_instruct/shards/shard_80,shard_80_block_00,task_only,task_only,False,False,0,8,--------,10100101,False,False,0,0
80,/Users/guanjie/Documents/tokenizer_alignment/results/natural_evidence_v2/status/r4_after_879458_repair_second_family_llama_locked_scale_generation_879555_raw/llama3_1_8b_instruct/shards/shard_80,shard_80_block_00,wrong_key,protected,False,False,8,8,10100101,01110011,False,True,0,0
80,/Users/guanjie/Documents/tokenizer_alignment/results/natural_evidence_v2/status/r4_after_879458_repair_second_family_llama_locked_scale_generation_879555_raw/llama3_1_8b_instruct/shards/shard_80,shard_80_block_00,wrong_payload,protected,False,False,8,8,10100101,01011010,False,True,0,0
81,/Users/guanjie/Documents/tokenizer_alignment/results/natural_evidence_v2/status/r4_after_879458_repair_second_family_llama_locked_scale_generation_879555_raw/llama3_1_8b_instruct/shards/shard_81,shard_81_block_00,protected,protected,True,True,8,8,10100101,10100101,True,True,0,0
81,/Users/guanjie/Documents/tokenizer_alignment/results/natural_evidence_v2/status/r4_after_879458_repair_second_family_llama_locked_scale_generation_879555_raw/llama3_1_8b_instruct/shards/shard_81,shard_81_block_00,raw,raw,False,False,7,8,111-0111,10100101,False,False,0,0
81,/Users/guanjie/Documents/tokenizer_alignment/results/natural_evidence_v2/status/r4_after_879458_repair_second_family_llama_locked_scale_generation_879555_raw/llama3_1_8b_instruct/shards/shard_81,shard_81_block_00,task_only,task_only,False,False,0,8,--------,10100101,False,False,0,0
81,/Users/guanjie/Documents/tokenizer_alignment/results/natural_evidence_v2/status/r4_after_879458_repair_second_family_llama_locked_scale_generation_879555_raw/llama3_1_8b_instruct/shards/shard_81,shard_81_block_00,wrong_key,protected,False,False,8,8,10100101,01110011,False,True,0,0
81,/Users/guanjie/Documents/tokenizer_alignment/results/natural_evidence_v2/status/r4_after_879458_repair_second_family_llama_locked_scale_generation_879555_raw/llama3_1_8b_instruct/shards/shard_81,shard_81_block_00,wrong_payload,protected,False,False,8,8,10100101,01011010,False,True,0,0
82,/Users/guanjie/Documents/tokenizer_alignment/results/natural_evidence_v2/status/r4_after_879458_repair_second_family_llama_locked_scale_generation_879555_raw/llama3_1_8b_instruct/shards/shard_82,shard_82_block_00,protected,protected,True,True,8,8,10100101,10100101,True,True,0,0
82,/Users/guanjie/Documents/tokenizer_alignment/results/natural_evidence_v2/status/r4_after_879458_repair_second_family_llama_locked_scale_generation_879555_raw/llama3_1_8b_instruct/shards/shard_82,shard_82_block_00,raw,raw,False,False,6,8,01-0-111,10100101,False,False,0,0
82,/Users/guanjie/Documents/tokenizer_alignment/results/natural_evidence_v2/status/r4_after_879458_repair_second_family_llama_locked_scale_generation_879555_raw/llama3_1_8b_instruct/shards/shard_82,shard_82_block_00,task_only,task_only,False,False,0,8,--------,10100101,False,False,0,0
82,/Users/guanjie/Documents/tokenizer_alignment/results/natural_evidence_v2/status/r4_after_879458_repair_second_family_llama_locked_scale_generation_879555_raw/llama3_1_8b_instruct/shards/shard_82,shard_82_block_00,wrong_key,protected,False,False,8,8,10100101,01110011,False,True,0,0
82,/Users/guanjie/Documents/tokenizer_alignment/results/natural_evidence_v2/status/r4_after_879458_repair_second_family_llama_locked_scale_generation_879555_raw/llama3_1_8b_instruct/shards/shard_82,shard_82_block_00,wrong_payload,protected,False,False,8,8,10100101,01011010,False,True,0,0
83,/Users/guanjie/Documents/tokenizer_alignment/results/natural_evidence_v2/status/r4_after_879458_repair_second_family_llama_locked_scale_generation_879555_raw/llama3_1_8b_instruct/shards/shard_83,shard_83_block_00,protected,protected,True,True,8,8,10100101,10100101,True,True,0,0
83,/Users/guanjie/Documents/tokenizer_alignment/results/natural_evidence_v2/status/r4_after_879458_repair_second_family_llama_locked_scale_generation_879555_raw/llama3_1_8b_instruct/shards/shard_83,shard_83_block_00,raw,raw,False,False,6,8,0110--11,10100101,False,False,0,0
83,/Users/guanjie/Documents/tokenizer_alignment/results/natural_evidence_v2/status/r4_after_879458_repair_second_family_llama_locked_scale_generation_879555_raw/llama3_1_8b_instruct/shards/shard_83,shard_83_block_00,task_only,task_only,False,False,0,8,--------,10100101,False,False,0,0
83,/Users/guanjie/Documents/tokenizer_alignment/results/natural_evidence_v2/status/r4_after_879458_repair_second_family_llama_locked_scale_generation_879555_raw/llama3_1_8b_instruct/shards/shard_83,shard_83_block_00,wrong_key,protected,False,False,8,8,10100101,01110011,False,True,0,0
83,/Users/guanjie/Documents/tokenizer_alignment/results/natural_evidence_v2/status/r4_after_879458_repair_second_family_llama_locked_scale_generation_879555_raw/llama3_1_8b_instruct/shards/shard_83,shard_83_block_00,wrong_payload,protected,False,False,8,8,10100101,01011010,False,True,0,0
84,/Users/guanjie/Documents/tokenizer_alignment/results/natural_evidence_v2/status/r4_after_879458_repair_second_family_llama_locked_scale_generation_879555_raw/llama3_1_8b_instruct/shards/shard_84,shard_84_block_00,protected,protected,True,True,8,8,10100101,10100101,True,True,0,0
84,/Users/guanjie/Documents/tokenizer_alignment/results/natural_evidence_v2/status/r4_after_879458_repair_second_family_llama_locked_scale_generation_879555_raw/llama3_1_8b_instruct/shards/shard_84,shard_84_block_00,raw,raw,False,False,7,8,0110-111,10100101,False,False,0,0
84,/Users/guanjie/Documents/tokenizer_alignment/results/natural_evidence_v2/status/r4_after_879458_repair_second_family_llama_locked_scale_generation_879555_raw/llama3_1_8b_instruct/shards/shard_84,shard_84_block_00,task_only,task_only,False,False,0,8,--------,10100101,False,False,0,0
84,/Users/guanjie/Documents/tokenizer_alignment/results/natural_evidence_v2/status/r4_after_879458_repair_second_family_llama_locked_scale_generation_879555_raw/llama3_1_8b_instruct/shards/shard_84,shard_84_block_00,wrong_key,protected,False,False,8,8,10100101,01110011,False,True,0,0
84,/Users/guanjie/Documents/tokenizer_alignment/results/natural_evidence_v2/status/r4_after_879458_repair_second_family_llama_locked_scale_generation_879555_raw/llama3_1_8b_instruct/shards/shard_84,shard_84_block_00,wrong_payload,protected,False,False,8,8,10100101,01011010,False,True,0,0
85,/Users/guanjie/Documents/tokenizer_alignment/results/natural_evidence_v2/status/r4_after_879458_repair_second_family_llama_locked_scale_generation_879555_raw/llama3_1_8b_instruct/shards/shard_85,shard_85_block_00,protected,protected,True,True,8,8,10100101,10100101,True,True,0,0
85,/Users/guanjie/Documents/tokenizer_alignment/results/natural_evidence_v2/status/r4_after_879458_repair_second_family_llama_locked_scale_generation_879555_raw/llama3_1_8b_instruct/shards/shard_85,shard_85_block_00,raw,raw,False,False,6,8,01-001-1,10100101,False,False,0,0
85,/Users/guanjie/Documents/tokenizer_alignment/results/natural_evidence_v2/status/r4_after_879458_repair_second_family_llama_locked_scale_generation_879555_raw/llama3_1_8b_instruct/shards/shard_85,shard_85_block_00,task_only,task_only,False,False,0,8,--------,10100101,False,False,0,0
85,/Users/guanjie/Documents/tokenizer_alignment/results/natural_evidence_v2/status/r4_after_879458_repair_second_family_llama_locked_scale_generation_879555_raw/llama3_1_8b_instruct/shards/shard_85,shard_85_block_00,wrong_key,protected,False,False,8,8,10100101,01110011,False,True,0,0
85,/Users/guanjie/Documents/tokenizer_alignment/results/natural_evidence_v2/status/r4_after_879458_repair_second_family_llama_locked_scale_generation_879555_raw/llama3_1_8b_instruct/shards/shard_85,shard_85_block_00,wrong_payload,protected,False,False,8,8,10100101,01011010,False,True,0,0
86,/Users/guanjie/Documents/tokenizer_alignment/results/natural_evidence_v2/status/r4_after_879458_repair_second_family_llama_locked_scale_generation_879555_raw/llama3_1_8b_instruct/shards/shard_86,shard_86_block_00,protected,protected,True,True,8,8,10100101,10100101,True,True,0,0
86,/Users/guanjie/Documents/tokenizer_alignment/results/natural_evidence_v2/status/r4_after_879458_repair_second_family_llama_locked_scale_generation_879555_raw/llama3_1_8b_instruct/shards/shard_86,shard_86_block_00,raw,raw,False,False,7,8,01000-11,10100101,False,False,0,0
86,/Users/guanjie/Documents/tokenizer_alignment/results/natural_evidence_v2/status/r4_after_879458_repair_second_family_llama_locked_scale_generation_879555_raw/llama3_1_8b_instruct/shards/shard_86,shard_86_block_00,task_only,task_only,False,False,0,8,--------,10100101,False,False,0,0
86,/Users/guanjie/Documents/tokenizer_alignment/results/natural_evidence_v2/status/r4_after_879458_repair_second_family_llama_locked_scale_generation_879555_raw/llama3_1_8b_instruct/shards/shard_86,shard_86_block_00,wrong_key,protected,False,False,8,8,10100101,01110011,False,True,0,0
86,/Users/guanjie/Documents/tokenizer_alignment/results/natural_evidence_v2/status/r4_after_879458_repair_second_family_llama_locked_scale_generation_879555_raw/llama3_1_8b_instruct/shards/shard_86,shard_86_block_00,wrong_payload,protected,False,False,8,8,10100101,01011010,False,True,0,0
87,/Users/guanjie/Documents/tokenizer_alignment/results/natural_evidence_v2/status/r4_after_879458_repair_second_family_llama_locked_scale_generation_879555_raw/llama3_1_8b_instruct/shards/shard_87,shard_87_block_00,protected,protected,True,True,8,8,10100101,10100101,True,True,0,0
87,/Users/guanjie/Documents/tokenizer_alignment/results/natural_evidence_v2/status/r4_after_879458_repair_second_family_llama_locked_scale_generation_879555_raw/llama3_1_8b_instruct/shards/shard_87,shard_87_block_00,raw,raw,False,False,5,8,01-001--,10100101,False,False,0,0
87,/Users/guanjie/Documents/tokenizer_alignment/results/natural_evidence_v2/status/r4_after_879458_repair_second_family_llama_locked_scale_generation_879555_raw/llama3_1_8b_instruct/shards/shard_87,shard_87_block_00,task_only,task_only,False,False,0,8,--------,10100101,False,False,0,0
87,/Users/guanjie/Documents/tokenizer_alignment/results/natural_evidence_v2/status/r4_after_879458_repair_second_family_llama_locked_scale_generation_879555_raw/llama3_1_8b_instruct/shards/shard_87,shard_87_block_00,wrong_key,protected,False,False,8,8,10100101,01110011,False,True,0,0
87,/Users/guanjie/Documents/tokenizer_alignment/results/natural_evidence_v2/status/r4_after_879458_repair_second_family_llama_locked_scale_generation_879555_raw/llama3_1_8b_instruct/shards/shard_87,shard_87_block_00,wrong_payload,protected,False,False,8,8,10100101,01011010,False,True,0,0
88,/Users/guanjie/Documents/tokenizer_alignment/results/natural_evidence_v2/status/r4_after_879458_repair_second_family_llama_locked_scale_generation_879555_raw/llama3_1_8b_instruct/shards/shard_88,shard_88_block_00,protected,protected,True,True,8,8,10100101,10100101,True,True,0,0
88,/Users/guanjie/Documents/tokenizer_alignment/results/natural_evidence_v2/status/r4_after_879458_repair_second_family_llama_locked_scale_generation_879555_raw/llama3_1_8b_instruct/shards/shard_88,shard_88_block_00,raw,raw,False,False,4,8,01-0---1,10100101,False,False,0,0
88,/Users/guanjie/Documents/tokenizer_alignment/results/natural_evidence_v2/status/r4_after_879458_repair_second_family_llama_locked_scale_generation_879555_raw/llama3_1_8b_instruct/shards/shard_88,shard_88_block_00,task_only,task_only,False,False,0,8,--------,10100101,False,False,0,0
88,/Users/guanjie/Documents/tokenizer_alignment/results/natural_evidence_v2/status/r4_after_879458_repair_second_family_llama_locked_scale_generation_879555_raw/llama3_1_8b_instruct/shards/shard_88,shard_88_block_00,wrong_key,protected,False,False,8,8,10100101,01110011,False,True,0,0
88,/Users/guanjie/Documents/tokenizer_alignment/results/natural_evidence_v2/status/r4_after_879458_repair_second_family_llama_locked_scale_generation_879555_raw/llama3_1_8b_instruct/shards/shard_88,shard_88_block_00,wrong_payload,protected,False,False,8,8,10100101,01011010,False,True,0,0
89,/Users/guanjie/Documents/tokenizer_alignment/results/natural_evidence_v2/status/r4_after_879458_repair_second_family_llama_locked_scale_generation_879555_raw/llama3_1_8b_instruct/shards/shard_89,shard_89_block_00,protected,protected,True,True,8,8,10100101,10100101,True,True,0,0
89,/Users/guanjie/Documents/tokenizer_alignment/results/natural_evidence_v2/status/r4_after_879458_repair_second_family_llama_locked_scale_generation_879555_raw/llama3_1_8b_instruct/shards/shard_89,shard_89_block_00,raw,raw,False,False,6,8,01-000-1,10100101,False,False,0,0
89,/Users/guanjie/Documents/tokenizer_alignment/results/natural_evidence_v2/status/r4_after_879458_repair_second_family_llama_locked_scale_generation_879555_raw/llama3_1_8b_instruct/shards/shard_89,shard_89_block_00,task_only,task_only,False,False,0,8,--------,10100101,False,False,0,0
89,/Users/guanjie/Documents/tokenizer_alignment/results/natural_evidence_v2/status/r4_after_879458_repair_second_family_llama_locked_scale_generation_879555_raw/llama3_1_8b_instruct/shards/shard_89,shard_89_block_00,wrong_key,protected,False,False,8,8,10100101,01110011,False,True,0,0
89,/Users/guanjie/Documents/tokenizer_alignment/results/natural_evidence_v2/status/r4_after_879458_repair_second_family_llama_locked_scale_generation_879555_raw/llama3_1_8b_instruct/shards/shard_89,shard_89_block_00,wrong_payload,protected,False,False,8,8,10100101,01011010,False,True,0,0
90,/Users/guanjie/Documents/tokenizer_alignment/results/natural_evidence_v2/status/r4_after_879458_repair_second_family_llama_locked_scale_generation_879555_raw/llama3_1_8b_instruct/shards/shard_90,shard_90_block_00,protected,protected,True,True,8,8,10100101,10100101,True,True,0,0
90,/Users/guanjie/Documents/tokenizer_alignment/results/natural_evidence_v2/status/r4_after_879458_repair_second_family_llama_locked_scale_generation_879555_raw/llama3_1_8b_instruct/shards/shard_90,shard_90_block_00,raw,raw,False,False,5,8,01-0--11,10100101,False,False,0,0
90,/Users/guanjie/Documents/tokenizer_alignment/results/natural_evidence_v2/status/r4_after_879458_repair_second_family_llama_locked_scale_generation_879555_raw/llama3_1_8b_instruct/shards/shard_90,shard_90_block_00,task_only,task_only,False,False,0,8,--------,10100101,False,False,0,0
90,/Users/guanjie/Documents/tokenizer_alignment/results/natural_evidence_v2/status/r4_after_879458_repair_second_family_llama_locked_scale_generation_879555_raw/llama3_1_8b_instruct/shards/shard_90,shard_90_block_00,wrong_key,protected,False,False,8,8,10100101,01110011,False,True,0,0
90,/Users/guanjie/Documents/tokenizer_alignment/results/natural_evidence_v2/status/r4_after_879458_repair_second_family_llama_locked_scale_generation_879555_raw/llama3_1_8b_instruct/shards/shard_90,shard_90_block_00,wrong_payload,protected,False,False,8,8,10100101,01011010,False,True,0,0
91,/Users/guanjie/Documents/tokenizer_alignment/results/natural_evidence_v2/status/r4_after_879458_repair_second_family_llama_locked_scale_generation_879555_raw/llama3_1_8b_instruct/shards/shard_91,shard_91_block_00,protected,protected,True,True,8,8,10100101,10100101,True,True,0,0
91,/Users/guanjie/Documents/tokenizer_alignment/results/natural_evidence_v2/status/r4_after_879458_repair_second_family_llama_locked_scale_generation_879555_raw/llama3_1_8b_instruct/shards/shard_91,shard_91_block_00,raw,raw,False,False,5,8,01-0-1-1,10100101,False,False,0,0
91,/Users/guanjie/Documents/tokenizer_alignment/results/natural_evidence_v2/status/r4_after_879458_repair_second_family_llama_locked_scale_generation_879555_raw/llama3_1_8b_instruct/shards/shard_91,shard_91_block_00,task_only,task_only,False,False,0,8,--------,10100101,False,False,0,0
91,/Users/guanjie/Documents/tokenizer_alignment/results/natural_evidence_v2/status/r4_after_879458_repair_second_family_llama_locked_scale_generation_879555_raw/llama3_1_8b_instruct/shards/shard_91,shard_91_block_00,wrong_key,protected,False,False,8,8,10100101,01110011,False,True,0,0
91,/Users/guanjie/Documents/tokenizer_alignment/results/natural_evidence_v2/status/r4_after_879458_repair_second_family_llama_locked_scale_generation_879555_raw/llama3_1_8b_instruct/shards/shard_91,shard_91_block_00,wrong_payload,protected,False,False,8,8,10100101,01011010,False,True,0,0
92,/Users/guanjie/Documents/tokenizer_alignment/results/natural_evidence_v2/status/r4_after_879458_repair_second_family_llama_locked_scale_generation_879555_raw/llama3_1_8b_instruct/shards/shard_92,shard_92_block_00,protected,protected,True,True,8,8,10100101,10100101,True,True,0,0
92,/Users/guanjie/Documents/tokenizer_alignment/results/natural_evidence_v2/status/r4_after_879458_repair_second_family_llama_locked_scale_generation_879555_raw/llama3_1_8b_instruct/shards/shard_92,shard_92_block_00,raw,raw,False,False,7,8,01-00011,10100101,False,False,0,0
92,/Users/guanjie/Documents/tokenizer_alignment/results/natural_evidence_v2/status/r4_after_879458_repair_second_family_llama_locked_scale_generation_879555_raw/llama3_1_8b_instruct/shards/shard_92,shard_92_block_00,task_only,task_only,False,False,0,8,--------,10100101,False,False,0,0
92,/Users/guanjie/Documents/tokenizer_alignment/results/natural_evidence_v2/status/r4_after_879458_repair_second_family_llama_locked_scale_generation_879555_raw/llama3_1_8b_instruct/shards/shard_92,shard_92_block_00,wrong_key,protected,False,False,8,8,10100101,01110011,False,True,0,0
92,/Users/guanjie/Documents/tokenizer_alignment/results/natural_evidence_v2/status/r4_after_879458_repair_second_family_llama_locked_scale_generation_879555_raw/llama3_1_8b_instruct/shards/shard_92,shard_92_block_00,wrong_payload,protected,False,False,8,8,10100101,01011010,False,True,0,0
93,/Users/guanjie/Documents/tokenizer_alignment/results/natural_evidence_v2/status/r4_after_879458_repair_second_family_llama_locked_scale_generation_879555_raw/llama3_1_8b_instruct/shards/shard_93,shard_93_block_00,protected,protected,True,True,8,8,10100101,10100101,True,True,0,0
93,/Users/guanjie/Documents/tokenizer_alignment/results/natural_evidence_v2/status/r4_after_879458_repair_second_family_llama_locked_scale_generation_879555_raw/llama3_1_8b_instruct/shards/shard_93,shard_93_block_00,raw,raw,False,False,7,8,01-00111,10100101,False,False,0,0
93,/Users/guanjie/Documents/tokenizer_alignment/results/natural_evidence_v2/status/r4_after_879458_repair_second_family_llama_locked_scale_generation_879555_raw/llama3_1_8b_instruct/shards/shard_93,shard_93_block_00,task_only,task_only,False,False,0,8,--------,10100101,False,False,0,0
93,/Users/guanjie/Documents/tokenizer_alignment/results/natural_evidence_v2/status/r4_after_879458_repair_second_family_llama_locked_scale_generation_879555_raw/llama3_1_8b_instruct/shards/shard_93,shard_93_block_00,wrong_key,protected,False,False,8,8,10100101,01110011,False,True,0,0
93,/Users/guanjie/Documents/tokenizer_alignment/results/natural_evidence_v2/status/r4_after_879458_repair_second_family_llama_locked_scale_generation_879555_raw/llama3_1_8b_instruct/shards/shard_93,shard_93_block_00,wrong_payload,protected,False,False,8,8,10100101,01011010,False,True,0,0
94,/Users/guanjie/Documents/tokenizer_alignment/results/natural_evidence_v2/status/r4_after_879458_repair_second_family_llama_locked_scale_generation_879555_raw/llama3_1_8b_instruct/shards/shard_94,shard_94_block_00,protected,protected,True,True,8,8,10100101,10100101,True,True,0,0
94,/Users/guanjie/Documents/tokenizer_alignment/results/natural_evidence_v2/status/r4_after_879458_repair_second_family_llama_locked_scale_generation_879555_raw/llama3_1_8b_instruct/shards/shard_94,shard_94_block_00,raw,raw,False,False,6,8,01-001-1,10100101,False,False,0,0
94,/Users/guanjie/Documents/tokenizer_alignment/results/natural_evidence_v2/status/r4_after_879458_repair_second_family_llama_locked_scale_generation_879555_raw/llama3_1_8b_instruct/shards/shard_94,shard_94_block_00,task_only,task_only,False,False,0,8,--------,10100101,False,False,0,0
94,/Users/guanjie/Documents/tokenizer_alignment/results/natural_evidence_v2/status/r4_after_879458_repair_second_family_llama_locked_scale_generation_879555_raw/llama3_1_8b_instruct/shards/shard_94,shard_94_block_00,wrong_key,protected,False,False,8,8,10100101,01110011,False,True,0,0
94,/Users/guanjie/Documents/tokenizer_alignment/results/natural_evidence_v2/status/r4_after_879458_repair_second_family_llama_locked_scale_generation_879555_raw/llama3_1_8b_instruct/shards/shard_94,shard_94_block_00,wrong_payload,protected,False,False,8,8,10100101,01011010,False,True,0,0
95,/Users/guanjie/Documents/tokenizer_alignment/results/natural_evidence_v2/status/r4_after_879458_repair_second_family_llama_locked_scale_generation_879555_raw/llama3_1_8b_instruct/shards/shard_95,shard_95_block_00,protected,protected,True,True,8,8,10100101,10100101,True,True,0,0
95,/Users/guanjie/Documents/tokenizer_alignment/results/natural_evidence_v2/status/r4_after_879458_repair_second_family_llama_locked_scale_generation_879555_raw/llama3_1_8b_instruct/shards/shard_95,shard_95_block_00,raw,raw,False,False,6,8,-100-011,10100101,False,False,0,0
95,/Users/guanjie/Documents/tokenizer_alignment/results/natural_evidence_v2/status/r4_after_879458_repair_second_family_llama_locked_scale_generation_879555_raw/llama3_1_8b_instruct/shards/shard_95,shard_95_block_00,task_only,task_only,False,False,0,8,--------,10100101,False,False,0,0
95,/Users/guanjie/Documents/tokenizer_alignment/results/natural_evidence_v2/status/r4_after_879458_repair_second_family_llama_locked_scale_generation_879555_raw/llama3_1_8b_instruct/shards/shard_95,shard_95_block_00,wrong_key,protected,False,False,8,8,10100101,01110011,False,True,0,0
95,/Users/guanjie/Documents/tokenizer_alignment/results/natural_evidence_v2/status/r4_after_879458_repair_second_family_llama_locked_scale_generation_879555_raw/llama3_1_8b_instruct/shards/shard_95,shard_95_block_00,wrong_payload,protected,False,False,8,8,10100101,01011010,False,True,0,0
