shard_index,source_shard_dir,block_id,arm,accept,complete_pairs,required_pairs,selected_coordinates_observed,selected_coordinates_total,min_pair_support,matched_surface_count,selected_surface_count,checksum_valid,bits_match_condition,forbidden_public_surface_count,format_scrub_mode
0,/Users/guanjie/Documents/tokenizer_alignment/results/natural_evidence_v2/status/r4_after_879458_repair_second_family_llama_locked_scale_generation_879555_raw/llama3_1_8b_instruct/shards/shard_00,shard_00_block_00,protected,False,0,8,0,16,0,0,0,False,False,1,all
0,/Users/guanjie/Documents/tokenizer_alignment/results/natural_evidence_v2/status/r4_after_879458_repair_second_family_llama_locked_scale_generation_879555_raw/llama3_1_8b_instruct/shards/shard_00,shard_00_block_00,wrong_key,False,0,8,0,16,0,0,0,False,False,1,all
0,/Users/guanjie/Documents/tokenizer_alignment/results/natural_evidence_v2/status/r4_after_879458_repair_second_family_llama_locked_scale_generation_879555_raw/llama3_1_8b_instruct/shards/shard_00,shard_00_block_00,wrong_payload,False,0,8,0,16,0,0,0,False,False,1,all
0,/Users/guanjie/Documents/tokenizer_alignment/results/natural_evidence_v2/status/r4_after_879458_repair_second_family_llama_locked_scale_generation_879555_raw/llama3_1_8b_instruct/shards/shard_00,shard_00_block_00,raw,False,0,8,0,16,0,0,0,False,False,4,all
0,/Users/guanjie/Documents/tokenizer_alignment/results/natural_evidence_v2/status/r4_after_879458_repair_second_family_llama_locked_scale_generation_879555_raw/llama3_1_8b_instruct/shards/shard_00,shard_00_block_00,protected,False,0,8,0,16,0,0,0,False,False,1,none
0,/Users/guanjie/Documents/tokenizer_alignment/results/natural_evidence_v2/status/r4_after_879458_repair_second_family_llama_locked_scale_generation_879555_raw/llama3_1_8b_instruct/shards/shard_00,shard_00_block_00,wrong_key,False,0,8,0,16,0,0,0,False,False,1,none
0,/Users/guanjie/Documents/tokenizer_alignment/results/natural_evidence_v2/status/r4_after_879458_repair_second_family_llama_locked_scale_generation_879555_raw/llama3_1_8b_instruct/shards/shard_00,shard_00_block_00,wrong_payload,False,0,8,0,16,0,0,0,False,False,1,none
0,/Users/guanjie/Documents/tokenizer_alignment/results/natural_evidence_v2/status/r4_after_879458_repair_second_family_llama_locked_scale_generation_879555_raw/llama3_1_8b_instruct/shards/shard_00,shard_00_block_00,raw,False,0,8,0,16,0,0,0,False,False,4,none
1,/Users/guanjie/Documents/tokenizer_alignment/results/natural_evidence_v2/status/r4_after_879458_repair_second_family_llama_locked_scale_generation_879555_raw/llama3_1_8b_instruct/shards/shard_01,shard_01_block_01,protected,False,0,8,0,16,0,0,0,False,False,2,all
1,/Users/guanjie/Documents/tokenizer_alignment/results/natural_evidence_v2/status/r4_after_879458_repair_second_family_llama_locked_scale_generation_879555_raw/llama3_1_8b_instruct/shards/shard_01,shard_01_block_01,wrong_key,False,0,8,0,16,0,0,0,False,False,2,all
1,/Users/guanjie/Documents/tokenizer_alignment/results/natural_evidence_v2/status/r4_after_879458_repair_second_family_llama_locked_scale_generation_879555_raw/llama3_1_8b_instruct/shards/shard_01,shard_01_block_01,wrong_payload,False,0,8,0,16,0,0,0,False,False,2,all
1,/Users/guanjie/Documents/tokenizer_alignment/results/natural_evidence_v2/status/r4_after_879458_repair_second_family_llama_locked_scale_generation_879555_raw/llama3_1_8b_instruct/shards/shard_01,shard_01_block_01,raw,False,0,8,0,16,0,0,0,False,False,3,all
1,/Users/guanjie/Documents/tokenizer_alignment/results/natural_evidence_v2/status/r4_after_879458_repair_second_family_llama_locked_scale_generation_879555_raw/llama3_1_8b_instruct/shards/shard_01,shard_01_block_01,protected,False,0,8,0,16,0,0,0,False,False,2,none
1,/Users/guanjie/Documents/tokenizer_alignment/results/natural_evidence_v2/status/r4_after_879458_repair_second_family_llama_locked_scale_generation_879555_raw/llama3_1_8b_instruct/shards/shard_01,shard_01_block_01,wrong_key,False,0,8,0,16,0,0,0,False,False,2,none
1,/Users/guanjie/Documents/tokenizer_alignment/results/natural_evidence_v2/status/r4_after_879458_repair_second_family_llama_locked_scale_generation_879555_raw/llama3_1_8b_instruct/shards/shard_01,shard_01_block_01,wrong_payload,False,0,8,0,16,0,0,0,False,False,2,none
1,/Users/guanjie/Documents/tokenizer_alignment/results/natural_evidence_v2/status/r4_after_879458_repair_second_family_llama_locked_scale_generation_879555_raw/llama3_1_8b_instruct/shards/shard_01,shard_01_block_01,raw,False,0,8,0,16,0,0,0,False,False,3,none
2,/Users/guanjie/Documents/tokenizer_alignment/results/natural_evidence_v2/status/r4_after_879458_repair_second_family_llama_locked_scale_generation_879555_raw/llama3_1_8b_instruct/shards/shard_02,shard_02_block_02,protected,False,0,8,0,16,0,0,0,False,False,0,all
2,/Users/guanjie/Documents/tokenizer_alignment/results/natural_evidence_v2/status/r4_after_879458_repair_second_family_llama_locked_scale_generation_879555_raw/llama3_1_8b_instruct/shards/shard_02,shard_02_block_02,wrong_key,False,0,8,0,16,0,0,0,False,False,0,all
2,/Users/guanjie/Documents/tokenizer_alignment/results/natural_evidence_v2/status/r4_after_879458_repair_second_family_llama_locked_scale_generation_879555_raw/llama3_1_8b_instruct/shards/shard_02,shard_02_block_02,wrong_payload,False,0,8,0,16,0,0,0,False,False,0,all
2,/Users/guanjie/Documents/tokenizer_alignment/results/natural_evidence_v2/status/r4_after_879458_repair_second_family_llama_locked_scale_generation_879555_raw/llama3_1_8b_instruct/shards/shard_02,shard_02_block_02,raw,False,0,8,0,16,0,0,0,False,False,0,all
2,/Users/guanjie/Documents/tokenizer_alignment/results/natural_evidence_v2/status/r4_after_879458_repair_second_family_llama_locked_scale_generation_879555_raw/llama3_1_8b_instruct/shards/shard_02,shard_02_block_02,protected,False,0,8,0,16,0,0,0,False,False,0,none
2,/Users/guanjie/Documents/tokenizer_alignment/results/natural_evidence_v2/status/r4_after_879458_repair_second_family_llama_locked_scale_generation_879555_raw/llama3_1_8b_instruct/shards/shard_02,shard_02_block_02,wrong_key,False,0,8,0,16,0,0,0,False,False,0,none
2,/Users/guanjie/Documents/tokenizer_alignment/results/natural_evidence_v2/status/r4_after_879458_repair_second_family_llama_locked_scale_generation_879555_raw/llama3_1_8b_instruct/shards/shard_02,shard_02_block_02,wrong_payload,False,0,8,0,16,0,0,0,False,False,0,none
2,/Users/guanjie/Documents/tokenizer_alignment/results/natural_evidence_v2/status/r4_after_879458_repair_second_family_llama_locked_scale_generation_879555_raw/llama3_1_8b_instruct/shards/shard_02,shard_02_block_02,raw,False,0,8,0,16,0,0,0,False,False,0,none
3,/Users/guanjie/Documents/tokenizer_alignment/results/natural_evidence_v2/status/r4_after_879458_repair_second_family_llama_locked_scale_generation_879555_raw/llama3_1_8b_instruct/shards/shard_03,shard_03_block_03,protected,False,0,8,0,16,0,0,0,False,False,2,all
3,/Users/guanjie/Documents/tokenizer_alignment/results/natural_evidence_v2/status/r4_after_879458_repair_second_family_llama_locked_scale_generation_879555_raw/llama3_1_8b_instruct/shards/shard_03,shard_03_block_03,wrong_key,False,0,8,0,16,0,0,0,False,False,2,all
3,/Users/guanjie/Documents/tokenizer_alignment/results/natural_evidence_v2/status/r4_after_879458_repair_second_family_llama_locked_scale_generation_879555_raw/llama3_1_8b_instruct/shards/shard_03,shard_03_block_03,wrong_payload,False,0,8,0,16,0,0,0,False,False,2,all
3,/Users/guanjie/Documents/tokenizer_alignment/results/natural_evidence_v2/status/r4_after_879458_repair_second_family_llama_locked_scale_generation_879555_raw/llama3_1_8b_instruct/shards/shard_03,shard_03_block_03,raw,False,0,8,0,16,0,0,0,False,False,0,all
3,/Users/guanjie/Documents/tokenizer_alignment/results/natural_evidence_v2/status/r4_after_879458_repair_second_family_llama_locked_scale_generation_879555_raw/llama3_1_8b_instruct/shards/shard_03,shard_03_block_03,protected,False,0,8,0,16,0,0,0,False,False,2,none
3,/Users/guanjie/Documents/tokenizer_alignment/results/natural_evidence_v2/status/r4_after_879458_repair_second_family_llama_locked_scale_generation_879555_raw/llama3_1_8b_instruct/shards/shard_03,shard_03_block_03,wrong_key,False,0,8,0,16,0,0,0,False,False,2,none
3,/Users/guanjie/Documents/tokenizer_alignment/results/natural_evidence_v2/status/r4_after_879458_repair_second_family_llama_locked_scale_generation_879555_raw/llama3_1_8b_instruct/shards/shard_03,shard_03_block_03,wrong_payload,False,0,8,0,16,0,0,0,False,False,2,none
3,/Users/guanjie/Documents/tokenizer_alignment/results/natural_evidence_v2/status/r4_after_879458_repair_second_family_llama_locked_scale_generation_879555_raw/llama3_1_8b_instruct/shards/shard_03,shard_03_block_03,raw,False,0,8,0,16,0,0,0,False,False,0,none
4,/Users/guanjie/Documents/tokenizer_alignment/results/natural_evidence_v2/status/r4_after_879458_repair_second_family_llama_locked_scale_generation_879555_raw/llama3_1_8b_instruct/shards/shard_04,shard_04_block_04,protected,False,0,8,0,16,0,0,0,False,False,2,all
4,/Users/guanjie/Documents/tokenizer_alignment/results/natural_evidence_v2/status/r4_after_879458_repair_second_family_llama_locked_scale_generation_879555_raw/llama3_1_8b_instruct/shards/shard_04,shard_04_block_04,wrong_key,False,0,8,0,16,0,0,0,False,False,2,all
4,/Users/guanjie/Documents/tokenizer_alignment/results/natural_evidence_v2/status/r4_after_879458_repair_second_family_llama_locked_scale_generation_879555_raw/llama3_1_8b_instruct/shards/shard_04,shard_04_block_04,wrong_payload,False,0,8,0,16,0,0,0,False,False,2,all
4,/Users/guanjie/Documents/tokenizer_alignment/results/natural_evidence_v2/status/r4_after_879458_repair_second_family_llama_locked_scale_generation_879555_raw/llama3_1_8b_instruct/shards/shard_04,shard_04_block_04,raw,False,0,8,0,16,0,0,0,False,False,1,all
4,/Users/guanjie/Documents/tokenizer_alignment/results/natural_evidence_v2/status/r4_after_879458_repair_second_family_llama_locked_scale_generation_879555_raw/llama3_1_8b_instruct/shards/shard_04,shard_04_block_04,protected,False,0,8,0,16,0,0,0,False,False,2,none
4,/Users/guanjie/Documents/tokenizer_alignment/results/natural_evidence_v2/status/r4_after_879458_repair_second_family_llama_locked_scale_generation_879555_raw/llama3_1_8b_instruct/shards/shard_04,shard_04_block_04,wrong_key,False,0,8,0,16,0,0,0,False,False,2,none
4,/Users/guanjie/Documents/tokenizer_alignment/results/natural_evidence_v2/status/r4_after_879458_repair_second_family_llama_locked_scale_generation_879555_raw/llama3_1_8b_instruct/shards/shard_04,shard_04_block_04,wrong_payload,False,0,8,0,16,0,0,0,False,False,2,none
4,/Users/guanjie/Documents/tokenizer_alignment/results/natural_evidence_v2/status/r4_after_879458_repair_second_family_llama_locked_scale_generation_879555_raw/llama3_1_8b_instruct/shards/shard_04,shard_04_block_04,raw,False,0,8,0,16,0,0,0,False,False,1,none
5,/Users/guanjie/Documents/tokenizer_alignment/results/natural_evidence_v2/status/r4_after_879458_repair_second_family_llama_locked_scale_generation_879555_raw/llama3_1_8b_instruct/shards/shard_05,shard_05_block_05,protected,False,0,8,0,16,0,0,0,False,False,6,all
5,/Users/guanjie/Documents/tokenizer_alignment/results/natural_evidence_v2/status/r4_after_879458_repair_second_family_llama_locked_scale_generation_879555_raw/llama3_1_8b_instruct/shards/shard_05,shard_05_block_05,wrong_key,False,0,8,0,16,0,0,0,False,False,6,all
5,/Users/guanjie/Documents/tokenizer_alignment/results/natural_evidence_v2/status/r4_after_879458_repair_second_family_llama_locked_scale_generation_879555_raw/llama3_1_8b_instruct/shards/shard_05,shard_05_block_05,wrong_payload,False,0,8,0,16,0,0,0,False,False,6,all
5,/Users/guanjie/Documents/tokenizer_alignment/results/natural_evidence_v2/status/r4_after_879458_repair_second_family_llama_locked_scale_generation_879555_raw/llama3_1_8b_instruct/shards/shard_05,shard_05_block_05,raw,False,0,8,0,16,0,0,0,False,False,4,all
5,/Users/guanjie/Documents/tokenizer_alignment/results/natural_evidence_v2/status/r4_after_879458_repair_second_family_llama_locked_scale_generation_879555_raw/llama3_1_8b_instruct/shards/shard_05,shard_05_block_05,protected,False,0,8,0,16,0,0,0,False,False,6,none
5,/Users/guanjie/Documents/tokenizer_alignment/results/natural_evidence_v2/status/r4_after_879458_repair_second_family_llama_locked_scale_generation_879555_raw/llama3_1_8b_instruct/shards/shard_05,shard_05_block_05,wrong_key,False,0,8,0,16,0,0,0,False,False,6,none
5,/Users/guanjie/Documents/tokenizer_alignment/results/natural_evidence_v2/status/r4_after_879458_repair_second_family_llama_locked_scale_generation_879555_raw/llama3_1_8b_instruct/shards/shard_05,shard_05_block_05,wrong_payload,False,0,8,0,16,0,0,0,False,False,6,none
5,/Users/guanjie/Documents/tokenizer_alignment/results/natural_evidence_v2/status/r4_after_879458_repair_second_family_llama_locked_scale_generation_879555_raw/llama3_1_8b_instruct/shards/shard_05,shard_05_block_05,raw,False,0,8,0,16,0,0,0,False,False,4,none
6,/Users/guanjie/Documents/tokenizer_alignment/results/natural_evidence_v2/status/r4_after_879458_repair_second_family_llama_locked_scale_generation_879555_raw/llama3_1_8b_instruct/shards/shard_06,shard_06_block_06,protected,False,0,8,0,16,0,0,0,False,False,1,all
6,/Users/guanjie/Documents/tokenizer_alignment/results/natural_evidence_v2/status/r4_after_879458_repair_second_family_llama_locked_scale_generation_879555_raw/llama3_1_8b_instruct/shards/shard_06,shard_06_block_06,wrong_key,False,0,8,0,16,0,0,0,False,False,1,all
6,/Users/guanjie/Documents/tokenizer_alignment/results/natural_evidence_v2/status/r4_after_879458_repair_second_family_llama_locked_scale_generation_879555_raw/llama3_1_8b_instruct/shards/shard_06,shard_06_block_06,wrong_payload,False,0,8,0,16,0,0,0,False,False,1,all
6,/Users/guanjie/Documents/tokenizer_alignment/results/natural_evidence_v2/status/r4_after_879458_repair_second_family_llama_locked_scale_generation_879555_raw/llama3_1_8b_instruct/shards/shard_06,shard_06_block_06,raw,False,0,8,0,16,0,0,0,False,False,3,all
6,/Users/guanjie/Documents/tokenizer_alignment/results/natural_evidence_v2/status/r4_after_879458_repair_second_family_llama_locked_scale_generation_879555_raw/llama3_1_8b_instruct/shards/shard_06,shard_06_block_06,protected,False,0,8,0,16,0,0,0,False,False,1,none
6,/Users/guanjie/Documents/tokenizer_alignment/results/natural_evidence_v2/status/r4_after_879458_repair_second_family_llama_locked_scale_generation_879555_raw/llama3_1_8b_instruct/shards/shard_06,shard_06_block_06,wrong_key,False,0,8,0,16,0,0,0,False,False,1,none
6,/Users/guanjie/Documents/tokenizer_alignment/results/natural_evidence_v2/status/r4_after_879458_repair_second_family_llama_locked_scale_generation_879555_raw/llama3_1_8b_instruct/shards/shard_06,shard_06_block_06,wrong_payload,False,0,8,0,16,0,0,0,False,False,1,none
6,/Users/guanjie/Documents/tokenizer_alignment/results/natural_evidence_v2/status/r4_after_879458_repair_second_family_llama_locked_scale_generation_879555_raw/llama3_1_8b_instruct/shards/shard_06,shard_06_block_06,raw,False,0,8,0,16,0,0,0,False,False,3,none
7,/Users/guanjie/Documents/tokenizer_alignment/results/natural_evidence_v2/status/r4_after_879458_repair_second_family_llama_locked_scale_generation_879555_raw/llama3_1_8b_instruct/shards/shard_07,shard_07_block_07,protected,False,0,8,0,16,0,0,0,False,False,3,all
7,/Users/guanjie/Documents/tokenizer_alignment/results/natural_evidence_v2/status/r4_after_879458_repair_second_family_llama_locked_scale_generation_879555_raw/llama3_1_8b_instruct/shards/shard_07,shard_07_block_07,wrong_key,False,0,8,0,16,0,0,0,False,False,3,all
7,/Users/guanjie/Documents/tokenizer_alignment/results/natural_evidence_v2/status/r4_after_879458_repair_second_family_llama_locked_scale_generation_879555_raw/llama3_1_8b_instruct/shards/shard_07,shard_07_block_07,wrong_payload,False,0,8,0,16,0,0,0,False,False,3,all
7,/Users/guanjie/Documents/tokenizer_alignment/results/natural_evidence_v2/status/r4_after_879458_repair_second_family_llama_locked_scale_generation_879555_raw/llama3_1_8b_instruct/shards/shard_07,shard_07_block_07,raw,False,0,8,0,16,0,0,0,False,False,2,all
7,/Users/guanjie/Documents/tokenizer_alignment/results/natural_evidence_v2/status/r4_after_879458_repair_second_family_llama_locked_scale_generation_879555_raw/llama3_1_8b_instruct/shards/shard_07,shard_07_block_07,protected,False,0,8,0,16,0,0,0,False,False,3,none
7,/Users/guanjie/Documents/tokenizer_alignment/results/natural_evidence_v2/status/r4_after_879458_repair_second_family_llama_locked_scale_generation_879555_raw/llama3_1_8b_instruct/shards/shard_07,shard_07_block_07,wrong_key,False,0,8,0,16,0,0,0,False,False,3,none
7,/Users/guanjie/Documents/tokenizer_alignment/results/natural_evidence_v2/status/r4_after_879458_repair_second_family_llama_locked_scale_generation_879555_raw/llama3_1_8b_instruct/shards/shard_07,shard_07_block_07,wrong_payload,False,0,8,0,16,0,0,0,False,False,3,none
7,/Users/guanjie/Documents/tokenizer_alignment/results/natural_evidence_v2/status/r4_after_879458_repair_second_family_llama_locked_scale_generation_879555_raw/llama3_1_8b_instruct/shards/shard_07,shard_07_block_07,raw,False,0,8,0,16,0,0,0,False,False,2,none
8,/Users/guanjie/Documents/tokenizer_alignment/results/natural_evidence_v2/status/r4_after_879458_repair_second_family_llama_locked_scale_generation_879555_raw/llama3_1_8b_instruct/shards/shard_08,shard_08_block_08,protected,False,0,8,0,16,0,0,0,False,False,3,all
8,/Users/guanjie/Documents/tokenizer_alignment/results/natural_evidence_v2/status/r4_after_879458_repair_second_family_llama_locked_scale_generation_879555_raw/llama3_1_8b_instruct/shards/shard_08,shard_08_block_08,wrong_key,False,0,8,0,16,0,0,0,False,False,3,all
8,/Users/guanjie/Documents/tokenizer_alignment/results/natural_evidence_v2/status/r4_after_879458_repair_second_family_llama_locked_scale_generation_879555_raw/llama3_1_8b_instruct/shards/shard_08,shard_08_block_08,wrong_payload,False,0,8,0,16,0,0,0,False,False,3,all
8,/Users/guanjie/Documents/tokenizer_alignment/results/natural_evidence_v2/status/r4_after_879458_repair_second_family_llama_locked_scale_generation_879555_raw/llama3_1_8b_instruct/shards/shard_08,shard_08_block_08,raw,False,0,8,0,16,0,0,0,False,False,1,all
8,/Users/guanjie/Documents/tokenizer_alignment/results/natural_evidence_v2/status/r4_after_879458_repair_second_family_llama_locked_scale_generation_879555_raw/llama3_1_8b_instruct/shards/shard_08,shard_08_block_08,protected,False,0,8,0,16,0,0,0,False,False,3,none
8,/Users/guanjie/Documents/tokenizer_alignment/results/natural_evidence_v2/status/r4_after_879458_repair_second_family_llama_locked_scale_generation_879555_raw/llama3_1_8b_instruct/shards/shard_08,shard_08_block_08,wrong_key,False,0,8,0,16,0,0,0,False,False,3,none
8,/Users/guanjie/Documents/tokenizer_alignment/results/natural_evidence_v2/status/r4_after_879458_repair_second_family_llama_locked_scale_generation_879555_raw/llama3_1_8b_instruct/shards/shard_08,shard_08_block_08,wrong_payload,False,0,8,0,16,0,0,0,False,False,3,none
8,/Users/guanjie/Documents/tokenizer_alignment/results/natural_evidence_v2/status/r4_after_879458_repair_second_family_llama_locked_scale_generation_879555_raw/llama3_1_8b_instruct/shards/shard_08,shard_08_block_08,raw,False,0,8,0,16,0,0,0,False,False,1,none
9,/Users/guanjie/Documents/tokenizer_alignment/results/natural_evidence_v2/status/r4_after_879458_repair_second_family_llama_locked_scale_generation_879555_raw/llama3_1_8b_instruct/shards/shard_09,shard_09_block_09,protected,False,0,8,0,16,0,0,0,False,False,7,all
9,/Users/guanjie/Documents/tokenizer_alignment/results/natural_evidence_v2/status/r4_after_879458_repair_second_family_llama_locked_scale_generation_879555_raw/llama3_1_8b_instruct/shards/shard_09,shard_09_block_09,wrong_key,False,0,8,0,16,0,0,0,False,False,7,all
9,/Users/guanjie/Documents/tokenizer_alignment/results/natural_evidence_v2/status/r4_after_879458_repair_second_family_llama_locked_scale_generation_879555_raw/llama3_1_8b_instruct/shards/shard_09,shard_09_block_09,wrong_payload,False,0,8,0,16,0,0,0,False,False,7,all
9,/Users/guanjie/Documents/tokenizer_alignment/results/natural_evidence_v2/status/r4_after_879458_repair_second_family_llama_locked_scale_generation_879555_raw/llama3_1_8b_instruct/shards/shard_09,shard_09_block_09,raw,False,0,8,0,16,0,0,0,False,False,5,all
9,/Users/guanjie/Documents/tokenizer_alignment/results/natural_evidence_v2/status/r4_after_879458_repair_second_family_llama_locked_scale_generation_879555_raw/llama3_1_8b_instruct/shards/shard_09,shard_09_block_09,protected,False,0,8,0,16,0,0,0,False,False,7,none
9,/Users/guanjie/Documents/tokenizer_alignment/results/natural_evidence_v2/status/r4_after_879458_repair_second_family_llama_locked_scale_generation_879555_raw/llama3_1_8b_instruct/shards/shard_09,shard_09_block_09,wrong_key,False,0,8,0,16,0,0,0,False,False,7,none
9,/Users/guanjie/Documents/tokenizer_alignment/results/natural_evidence_v2/status/r4_after_879458_repair_second_family_llama_locked_scale_generation_879555_raw/llama3_1_8b_instruct/shards/shard_09,shard_09_block_09,wrong_payload,False,0,8,0,16,0,0,0,False,False,7,none
9,/Users/guanjie/Documents/tokenizer_alignment/results/natural_evidence_v2/status/r4_after_879458_repair_second_family_llama_locked_scale_generation_879555_raw/llama3_1_8b_instruct/shards/shard_09,shard_09_block_09,raw,False,0,8,0,16,0,0,0,False,False,5,none
10,/Users/guanjie/Documents/tokenizer_alignment/results/natural_evidence_v2/status/r4_after_879458_repair_second_family_llama_locked_scale_generation_879555_raw/llama3_1_8b_instruct/shards/shard_10,shard_10_block_10,protected,False,0,8,0,16,0,0,0,False,False,6,all
10,/Users/guanjie/Documents/tokenizer_alignment/results/natural_evidence_v2/status/r4_after_879458_repair_second_family_llama_locked_scale_generation_879555_raw/llama3_1_8b_instruct/shards/shard_10,shard_10_block_10,wrong_key,False,0,8,0,16,0,0,0,False,False,6,all
10,/Users/guanjie/Documents/tokenizer_alignment/results/natural_evidence_v2/status/r4_after_879458_repair_second_family_llama_locked_scale_generation_879555_raw/llama3_1_8b_instruct/shards/shard_10,shard_10_block_10,wrong_payload,False,0,8,0,16,0,0,0,False,False,6,all
10,/Users/guanjie/Documents/tokenizer_alignment/results/natural_evidence_v2/status/r4_after_879458_repair_second_family_llama_locked_scale_generation_879555_raw/llama3_1_8b_instruct/shards/shard_10,shard_10_block_10,raw,False,0,8,0,16,0,0,0,False,False,2,all
10,/Users/guanjie/Documents/tokenizer_alignment/results/natural_evidence_v2/status/r4_after_879458_repair_second_family_llama_locked_scale_generation_879555_raw/llama3_1_8b_instruct/shards/shard_10,shard_10_block_10,protected,False,0,8,0,16,0,0,0,False,False,6,none
10,/Users/guanjie/Documents/tokenizer_alignment/results/natural_evidence_v2/status/r4_after_879458_repair_second_family_llama_locked_scale_generation_879555_raw/llama3_1_8b_instruct/shards/shard_10,shard_10_block_10,wrong_key,False,0,8,0,16,0,0,0,False,False,6,none
10,/Users/guanjie/Documents/tokenizer_alignment/results/natural_evidence_v2/status/r4_after_879458_repair_second_family_llama_locked_scale_generation_879555_raw/llama3_1_8b_instruct/shards/shard_10,shard_10_block_10,wrong_payload,False,0,8,0,16,0,0,0,False,False,6,none
10,/Users/guanjie/Documents/tokenizer_alignment/results/natural_evidence_v2/status/r4_after_879458_repair_second_family_llama_locked_scale_generation_879555_raw/llama3_1_8b_instruct/shards/shard_10,shard_10_block_10,raw,False,0,8,0,16,0,0,0,False,False,2,none
11,/Users/guanjie/Documents/tokenizer_alignment/results/natural_evidence_v2/status/r4_after_879458_repair_second_family_llama_locked_scale_generation_879555_raw/llama3_1_8b_instruct/shards/shard_11,shard_11_block_11,protected,False,0,8,0,16,0,0,0,False,False,1,all
11,/Users/guanjie/Documents/tokenizer_alignment/results/natural_evidence_v2/status/r4_after_879458_repair_second_family_llama_locked_scale_generation_879555_raw/llama3_1_8b_instruct/shards/shard_11,shard_11_block_11,wrong_key,False,0,8,0,16,0,0,0,False,False,1,all
11,/Users/guanjie/Documents/tokenizer_alignment/results/natural_evidence_v2/status/r4_after_879458_repair_second_family_llama_locked_scale_generation_879555_raw/llama3_1_8b_instruct/shards/shard_11,shard_11_block_11,wrong_payload,False,0,8,0,16,0,0,0,False,False,1,all
11,/Users/guanjie/Documents/tokenizer_alignment/results/natural_evidence_v2/status/r4_after_879458_repair_second_family_llama_locked_scale_generation_879555_raw/llama3_1_8b_instruct/shards/shard_11,shard_11_block_11,raw,False,0,8,0,16,0,0,0,False,False,3,all
11,/Users/guanjie/Documents/tokenizer_alignment/results/natural_evidence_v2/status/r4_after_879458_repair_second_family_llama_locked_scale_generation_879555_raw/llama3_1_8b_instruct/shards/shard_11,shard_11_block_11,protected,False,0,8,0,16,0,0,0,False,False,1,none
11,/Users/guanjie/Documents/tokenizer_alignment/results/natural_evidence_v2/status/r4_after_879458_repair_second_family_llama_locked_scale_generation_879555_raw/llama3_1_8b_instruct/shards/shard_11,shard_11_block_11,wrong_key,False,0,8,0,16,0,0,0,False,False,1,none
11,/Users/guanjie/Documents/tokenizer_alignment/results/natural_evidence_v2/status/r4_after_879458_repair_second_family_llama_locked_scale_generation_879555_raw/llama3_1_8b_instruct/shards/shard_11,shard_11_block_11,wrong_payload,False,0,8,0,16,0,0,0,False,False,1,none
11,/Users/guanjie/Documents/tokenizer_alignment/results/natural_evidence_v2/status/r4_after_879458_repair_second_family_llama_locked_scale_generation_879555_raw/llama3_1_8b_instruct/shards/shard_11,shard_11_block_11,raw,False,0,8,0,16,0,0,0,False,False,3,none
12,/Users/guanjie/Documents/tokenizer_alignment/results/natural_evidence_v2/status/r4_after_879458_repair_second_family_llama_locked_scale_generation_879555_raw/llama3_1_8b_instruct/shards/shard_12,shard_12_block_12,protected,False,0,8,0,16,0,0,0,False,False,3,all
12,/Users/guanjie/Documents/tokenizer_alignment/results/natural_evidence_v2/status/r4_after_879458_repair_second_family_llama_locked_scale_generation_879555_raw/llama3_1_8b_instruct/shards/shard_12,shard_12_block_12,wrong_key,False,0,8,0,16,0,0,0,False,False,3,all
12,/Users/guanjie/Documents/tokenizer_alignment/results/natural_evidence_v2/status/r4_after_879458_repair_second_family_llama_locked_scale_generation_879555_raw/llama3_1_8b_instruct/shards/shard_12,shard_12_block_12,wrong_payload,False,0,8,0,16,0,0,0,False,False,3,all
12,/Users/guanjie/Documents/tokenizer_alignment/results/natural_evidence_v2/status/r4_after_879458_repair_second_family_llama_locked_scale_generation_879555_raw/llama3_1_8b_instruct/shards/shard_12,shard_12_block_12,raw,False,0,8,0,16,0,0,0,False,False,6,all
12,/Users/guanjie/Documents/tokenizer_alignment/results/natural_evidence_v2/status/r4_after_879458_repair_second_family_llama_locked_scale_generation_879555_raw/llama3_1_8b_instruct/shards/shard_12,shard_12_block_12,protected,False,0,8,0,16,0,0,0,False,False,3,none
12,/Users/guanjie/Documents/tokenizer_alignment/results/natural_evidence_v2/status/r4_after_879458_repair_second_family_llama_locked_scale_generation_879555_raw/llama3_1_8b_instruct/shards/shard_12,shard_12_block_12,wrong_key,False,0,8,0,16,0,0,0,False,False,3,none
12,/Users/guanjie/Documents/tokenizer_alignment/results/natural_evidence_v2/status/r4_after_879458_repair_second_family_llama_locked_scale_generation_879555_raw/llama3_1_8b_instruct/shards/shard_12,shard_12_block_12,wrong_payload,False,0,8,0,16,0,0,0,False,False,3,none
12,/Users/guanjie/Documents/tokenizer_alignment/results/natural_evidence_v2/status/r4_after_879458_repair_second_family_llama_locked_scale_generation_879555_raw/llama3_1_8b_instruct/shards/shard_12,shard_12_block_12,raw,False,0,8,0,16,0,0,0,False,False,6,none
13,/Users/guanjie/Documents/tokenizer_alignment/results/natural_evidence_v2/status/r4_after_879458_repair_second_family_llama_locked_scale_generation_879555_raw/llama3_1_8b_instruct/shards/shard_13,shard_13_block_13,protected,False,0,8,0,16,0,0,0,False,False,3,all
13,/Users/guanjie/Documents/tokenizer_alignment/results/natural_evidence_v2/status/r4_after_879458_repair_second_family_llama_locked_scale_generation_879555_raw/llama3_1_8b_instruct/shards/shard_13,shard_13_block_13,wrong_key,False,0,8,0,16,0,0,0,False,False,3,all
13,/Users/guanjie/Documents/tokenizer_alignment/results/natural_evidence_v2/status/r4_after_879458_repair_second_family_llama_locked_scale_generation_879555_raw/llama3_1_8b_instruct/shards/shard_13,shard_13_block_13,wrong_payload,False,0,8,0,16,0,0,0,False,False,3,all
13,/Users/guanjie/Documents/tokenizer_alignment/results/natural_evidence_v2/status/r4_after_879458_repair_second_family_llama_locked_scale_generation_879555_raw/llama3_1_8b_instruct/shards/shard_13,shard_13_block_13,raw,False,0,8,0,16,0,0,0,False,False,2,all
13,/Users/guanjie/Documents/tokenizer_alignment/results/natural_evidence_v2/status/r4_after_879458_repair_second_family_llama_locked_scale_generation_879555_raw/llama3_1_8b_instruct/shards/shard_13,shard_13_block_13,protected,False,0,8,0,16,0,0,0,False,False,3,none
13,/Users/guanjie/Documents/tokenizer_alignment/results/natural_evidence_v2/status/r4_after_879458_repair_second_family_llama_locked_scale_generation_879555_raw/llama3_1_8b_instruct/shards/shard_13,shard_13_block_13,wrong_key,False,0,8,0,16,0,0,0,False,False,3,none
13,/Users/guanjie/Documents/tokenizer_alignment/results/natural_evidence_v2/status/r4_after_879458_repair_second_family_llama_locked_scale_generation_879555_raw/llama3_1_8b_instruct/shards/shard_13,shard_13_block_13,wrong_payload,False,0,8,0,16,0,0,0,False,False,3,none
13,/Users/guanjie/Documents/tokenizer_alignment/results/natural_evidence_v2/status/r4_after_879458_repair_second_family_llama_locked_scale_generation_879555_raw/llama3_1_8b_instruct/shards/shard_13,shard_13_block_13,raw,False,0,8,0,16,0,0,0,False,False,2,none
14,/Users/guanjie/Documents/tokenizer_alignment/results/natural_evidence_v2/status/r4_after_879458_repair_second_family_llama_locked_scale_generation_879555_raw/llama3_1_8b_instruct/shards/shard_14,shard_14_block_14,protected,False,0,8,0,16,0,0,0,False,False,4,all
14,/Users/guanjie/Documents/tokenizer_alignment/results/natural_evidence_v2/status/r4_after_879458_repair_second_family_llama_locked_scale_generation_879555_raw/llama3_1_8b_instruct/shards/shard_14,shard_14_block_14,wrong_key,False,0,8,0,16,0,0,0,False,False,4,all
14,/Users/guanjie/Documents/tokenizer_alignment/results/natural_evidence_v2/status/r4_after_879458_repair_second_family_llama_locked_scale_generation_879555_raw/llama3_1_8b_instruct/shards/shard_14,shard_14_block_14,wrong_payload,False,0,8,0,16,0,0,0,False,False,4,all
14,/Users/guanjie/Documents/tokenizer_alignment/results/natural_evidence_v2/status/r4_after_879458_repair_second_family_llama_locked_scale_generation_879555_raw/llama3_1_8b_instruct/shards/shard_14,shard_14_block_14,raw,False,0,8,0,16,0,0,0,False,False,3,all
14,/Users/guanjie/Documents/tokenizer_alignment/results/natural_evidence_v2/status/r4_after_879458_repair_second_family_llama_locked_scale_generation_879555_raw/llama3_1_8b_instruct/shards/shard_14,shard_14_block_14,protected,False,0,8,0,16,0,0,0,False,False,4,none
14,/Users/guanjie/Documents/tokenizer_alignment/results/natural_evidence_v2/status/r4_after_879458_repair_second_family_llama_locked_scale_generation_879555_raw/llama3_1_8b_instruct/shards/shard_14,shard_14_block_14,wrong_key,False,0,8,0,16,0,0,0,False,False,4,none
14,/Users/guanjie/Documents/tokenizer_alignment/results/natural_evidence_v2/status/r4_after_879458_repair_second_family_llama_locked_scale_generation_879555_raw/llama3_1_8b_instruct/shards/shard_14,shard_14_block_14,wrong_payload,False,0,8,0,16,0,0,0,False,False,4,none
14,/Users/guanjie/Documents/tokenizer_alignment/results/natural_evidence_v2/status/r4_after_879458_repair_second_family_llama_locked_scale_generation_879555_raw/llama3_1_8b_instruct/shards/shard_14,shard_14_block_14,raw,False,0,8,0,16,0,0,0,False,False,3,none
15,/Users/guanjie/Documents/tokenizer_alignment/results/natural_evidence_v2/status/r4_after_879458_repair_second_family_llama_locked_scale_generation_879555_raw/llama3_1_8b_instruct/shards/shard_15,shard_15_block_15,protected,False,0,8,0,16,0,0,0,False,False,1,all
15,/Users/guanjie/Documents/tokenizer_alignment/results/natural_evidence_v2/status/r4_after_879458_repair_second_family_llama_locked_scale_generation_879555_raw/llama3_1_8b_instruct/shards/shard_15,shard_15_block_15,wrong_key,False,0,8,0,16,0,0,0,False,False,1,all
15,/Users/guanjie/Documents/tokenizer_alignment/results/natural_evidence_v2/status/r4_after_879458_repair_second_family_llama_locked_scale_generation_879555_raw/llama3_1_8b_instruct/shards/shard_15,shard_15_block_15,wrong_payload,False,0,8,0,16,0,0,0,False,False,1,all
15,/Users/guanjie/Documents/tokenizer_alignment/results/natural_evidence_v2/status/r4_after_879458_repair_second_family_llama_locked_scale_generation_879555_raw/llama3_1_8b_instruct/shards/shard_15,shard_15_block_15,raw,False,0,8,0,16,0,0,0,False,False,1,all
15,/Users/guanjie/Documents/tokenizer_alignment/results/natural_evidence_v2/status/r4_after_879458_repair_second_family_llama_locked_scale_generation_879555_raw/llama3_1_8b_instruct/shards/shard_15,shard_15_block_15,protected,False,0,8,0,16,0,0,0,False,False,1,none
15,/Users/guanjie/Documents/tokenizer_alignment/results/natural_evidence_v2/status/r4_after_879458_repair_second_family_llama_locked_scale_generation_879555_raw/llama3_1_8b_instruct/shards/shard_15,shard_15_block_15,wrong_key,False,0,8,0,16,0,0,0,False,False,1,none
15,/Users/guanjie/Documents/tokenizer_alignment/results/natural_evidence_v2/status/r4_after_879458_repair_second_family_llama_locked_scale_generation_879555_raw/llama3_1_8b_instruct/shards/shard_15,shard_15_block_15,wrong_payload,False,0,8,0,16,0,0,0,False,False,1,none
15,/Users/guanjie/Documents/tokenizer_alignment/results/natural_evidence_v2/status/r4_after_879458_repair_second_family_llama_locked_scale_generation_879555_raw/llama3_1_8b_instruct/shards/shard_15,shard_15_block_15,raw,False,0,8,0,16,0,0,0,False,False,1,none
16,/Users/guanjie/Documents/tokenizer_alignment/results/natural_evidence_v2/status/r4_after_879458_repair_second_family_llama_locked_scale_generation_879555_raw/llama3_1_8b_instruct/shards/shard_16,shard_16_block_16,protected,False,0,8,0,16,0,0,0,False,False,2,all
16,/Users/guanjie/Documents/tokenizer_alignment/results/natural_evidence_v2/status/r4_after_879458_repair_second_family_llama_locked_scale_generation_879555_raw/llama3_1_8b_instruct/shards/shard_16,shard_16_block_16,wrong_key,False,0,8,0,16,0,0,0,False,False,2,all
16,/Users/guanjie/Documents/tokenizer_alignment/results/natural_evidence_v2/status/r4_after_879458_repair_second_family_llama_locked_scale_generation_879555_raw/llama3_1_8b_instruct/shards/shard_16,shard_16_block_16,wrong_payload,False,0,8,0,16,0,0,0,False,False,2,all
16,/Users/guanjie/Documents/tokenizer_alignment/results/natural_evidence_v2/status/r4_after_879458_repair_second_family_llama_locked_scale_generation_879555_raw/llama3_1_8b_instruct/shards/shard_16,shard_16_block_16,raw,False,0,8,0,16,0,0,0,False,False,2,all
16,/Users/guanjie/Documents/tokenizer_alignment/results/natural_evidence_v2/status/r4_after_879458_repair_second_family_llama_locked_scale_generation_879555_raw/llama3_1_8b_instruct/shards/shard_16,shard_16_block_16,protected,False,0,8,0,16,0,0,0,False,False,2,none
16,/Users/guanjie/Documents/tokenizer_alignment/results/natural_evidence_v2/status/r4_after_879458_repair_second_family_llama_locked_scale_generation_879555_raw/llama3_1_8b_instruct/shards/shard_16,shard_16_block_16,wrong_key,False,0,8,0,16,0,0,0,False,False,2,none
16,/Users/guanjie/Documents/tokenizer_alignment/results/natural_evidence_v2/status/r4_after_879458_repair_second_family_llama_locked_scale_generation_879555_raw/llama3_1_8b_instruct/shards/shard_16,shard_16_block_16,wrong_payload,False,0,8,0,16,0,0,0,False,False,2,none
16,/Users/guanjie/Documents/tokenizer_alignment/results/natural_evidence_v2/status/r4_after_879458_repair_second_family_llama_locked_scale_generation_879555_raw/llama3_1_8b_instruct/shards/shard_16,shard_16_block_16,raw,False,0,8,0,16,0,0,0,False,False,2,none
17,/Users/guanjie/Documents/tokenizer_alignment/results/natural_evidence_v2/status/r4_after_879458_repair_second_family_llama_locked_scale_generation_879555_raw/llama3_1_8b_instruct/shards/shard_17,shard_17_block_17,protected,False,0,8,0,16,0,0,0,False,False,1,all
17,/Users/guanjie/Documents/tokenizer_alignment/results/natural_evidence_v2/status/r4_after_879458_repair_second_family_llama_locked_scale_generation_879555_raw/llama3_1_8b_instruct/shards/shard_17,shard_17_block_17,wrong_key,False,0,8,0,16,0,0,0,False,False,1,all
17,/Users/guanjie/Documents/tokenizer_alignment/results/natural_evidence_v2/status/r4_after_879458_repair_second_family_llama_locked_scale_generation_879555_raw/llama3_1_8b_instruct/shards/shard_17,shard_17_block_17,wrong_payload,False,0,8,0,16,0,0,0,False,False,1,all
17,/Users/guanjie/Documents/tokenizer_alignment/results/natural_evidence_v2/status/r4_after_879458_repair_second_family_llama_locked_scale_generation_879555_raw/llama3_1_8b_instruct/shards/shard_17,shard_17_block_17,raw,False,0,8,0,16,0,0,0,False,False,2,all
17,/Users/guanjie/Documents/tokenizer_alignment/results/natural_evidence_v2/status/r4_after_879458_repair_second_family_llama_locked_scale_generation_879555_raw/llama3_1_8b_instruct/shards/shard_17,shard_17_block_17,protected,False,0,8,0,16,0,0,0,False,False,1,none
17,/Users/guanjie/Documents/tokenizer_alignment/results/natural_evidence_v2/status/r4_after_879458_repair_second_family_llama_locked_scale_generation_879555_raw/llama3_1_8b_instruct/shards/shard_17,shard_17_block_17,wrong_key,False,0,8,0,16,0,0,0,False,False,1,none
17,/Users/guanjie/Documents/tokenizer_alignment/results/natural_evidence_v2/status/r4_after_879458_repair_second_family_llama_locked_scale_generation_879555_raw/llama3_1_8b_instruct/shards/shard_17,shard_17_block_17,wrong_payload,False,0,8,0,16,0,0,0,False,False,1,none
17,/Users/guanjie/Documents/tokenizer_alignment/results/natural_evidence_v2/status/r4_after_879458_repair_second_family_llama_locked_scale_generation_879555_raw/llama3_1_8b_instruct/shards/shard_17,shard_17_block_17,raw,False,0,8,0,16,0,0,0,False,False,2,none
18,/Users/guanjie/Documents/tokenizer_alignment/results/natural_evidence_v2/status/r4_after_879458_repair_second_family_llama_locked_scale_generation_879555_raw/llama3_1_8b_instruct/shards/shard_18,shard_18_block_18,protected,False,0,8,0,16,0,0,0,False,False,1,all
18,/Users/guanjie/Documents/tokenizer_alignment/results/natural_evidence_v2/status/r4_after_879458_repair_second_family_llama_locked_scale_generation_879555_raw/llama3_1_8b_instruct/shards/shard_18,shard_18_block_18,wrong_key,False,0,8,0,16,0,0,0,False,False,1,all
18,/Users/guanjie/Documents/tokenizer_alignment/results/natural_evidence_v2/status/r4_after_879458_repair_second_family_llama_locked_scale_generation_879555_raw/llama3_1_8b_instruct/shards/shard_18,shard_18_block_18,wrong_payload,False,0,8,0,16,0,0,0,False,False,1,all
18,/Users/guanjie/Documents/tokenizer_alignment/results/natural_evidence_v2/status/r4_after_879458_repair_second_family_llama_locked_scale_generation_879555_raw/llama3_1_8b_instruct/shards/shard_18,shard_18_block_18,raw,False,0,8,0,16,0,0,0,False,False,0,all
18,/Users/guanjie/Documents/tokenizer_alignment/results/natural_evidence_v2/status/r4_after_879458_repair_second_family_llama_locked_scale_generation_879555_raw/llama3_1_8b_instruct/shards/shard_18,shard_18_block_18,protected,False,0,8,0,16,0,0,0,False,False,1,none
18,/Users/guanjie/Documents/tokenizer_alignment/results/natural_evidence_v2/status/r4_after_879458_repair_second_family_llama_locked_scale_generation_879555_raw/llama3_1_8b_instruct/shards/shard_18,shard_18_block_18,wrong_key,False,0,8,0,16,0,0,0,False,False,1,none
18,/Users/guanjie/Documents/tokenizer_alignment/results/natural_evidence_v2/status/r4_after_879458_repair_second_family_llama_locked_scale_generation_879555_raw/llama3_1_8b_instruct/shards/shard_18,shard_18_block_18,wrong_payload,False,0,8,0,16,0,0,0,False,False,1,none
18,/Users/guanjie/Documents/tokenizer_alignment/results/natural_evidence_v2/status/r4_after_879458_repair_second_family_llama_locked_scale_generation_879555_raw/llama3_1_8b_instruct/shards/shard_18,shard_18_block_18,raw,False,0,8,0,16,0,0,0,False,False,0,none
19,/Users/guanjie/Documents/tokenizer_alignment/results/natural_evidence_v2/status/r4_after_879458_repair_second_family_llama_locked_scale_generation_879555_raw/llama3_1_8b_instruct/shards/shard_19,shard_19_block_19,protected,False,0,8,0,16,0,0,0,False,False,2,all
19,/Users/guanjie/Documents/tokenizer_alignment/results/natural_evidence_v2/status/r4_after_879458_repair_second_family_llama_locked_scale_generation_879555_raw/llama3_1_8b_instruct/shards/shard_19,shard_19_block_19,wrong_key,False,0,8,0,16,0,0,0,False,False,2,all
19,/Users/guanjie/Documents/tokenizer_alignment/results/natural_evidence_v2/status/r4_after_879458_repair_second_family_llama_locked_scale_generation_879555_raw/llama3_1_8b_instruct/shards/shard_19,shard_19_block_19,wrong_payload,False,0,8,0,16,0,0,0,False,False,2,all
19,/Users/guanjie/Documents/tokenizer_alignment/results/natural_evidence_v2/status/r4_after_879458_repair_second_family_llama_locked_scale_generation_879555_raw/llama3_1_8b_instruct/shards/shard_19,shard_19_block_19,raw,False,0,8,0,16,0,0,0,False,False,3,all
19,/Users/guanjie/Documents/tokenizer_alignment/results/natural_evidence_v2/status/r4_after_879458_repair_second_family_llama_locked_scale_generation_879555_raw/llama3_1_8b_instruct/shards/shard_19,shard_19_block_19,protected,False,0,8,0,16,0,0,0,False,False,2,none
19,/Users/guanjie/Documents/tokenizer_alignment/results/natural_evidence_v2/status/r4_after_879458_repair_second_family_llama_locked_scale_generation_879555_raw/llama3_1_8b_instruct/shards/shard_19,shard_19_block_19,wrong_key,False,0,8,0,16,0,0,0,False,False,2,none
19,/Users/guanjie/Documents/tokenizer_alignment/results/natural_evidence_v2/status/r4_after_879458_repair_second_family_llama_locked_scale_generation_879555_raw/llama3_1_8b_instruct/shards/shard_19,shard_19_block_19,wrong_payload,False,0,8,0,16,0,0,0,False,False,2,none
19,/Users/guanjie/Documents/tokenizer_alignment/results/natural_evidence_v2/status/r4_after_879458_repair_second_family_llama_locked_scale_generation_879555_raw/llama3_1_8b_instruct/shards/shard_19,shard_19_block_19,raw,False,0,8,0,16,0,0,0,False,False,3,none
20,/Users/guanjie/Documents/tokenizer_alignment/results/natural_evidence_v2/status/r4_after_879458_repair_second_family_llama_locked_scale_generation_879555_raw/llama3_1_8b_instruct/shards/shard_20,shard_20_block_20,protected,False,0,8,0,16,0,0,0,False,False,2,all
20,/Users/guanjie/Documents/tokenizer_alignment/results/natural_evidence_v2/status/r4_after_879458_repair_second_family_llama_locked_scale_generation_879555_raw/llama3_1_8b_instruct/shards/shard_20,shard_20_block_20,wrong_key,False,0,8,0,16,0,0,0,False,False,2,all
20,/Users/guanjie/Documents/tokenizer_alignment/results/natural_evidence_v2/status/r4_after_879458_repair_second_family_llama_locked_scale_generation_879555_raw/llama3_1_8b_instruct/shards/shard_20,shard_20_block_20,wrong_payload,False,0,8,0,16,0,0,0,False,False,2,all
20,/Users/guanjie/Documents/tokenizer_alignment/results/natural_evidence_v2/status/r4_after_879458_repair_second_family_llama_locked_scale_generation_879555_raw/llama3_1_8b_instruct/shards/shard_20,shard_20_block_20,raw,False,0,8,0,16,0,0,0,False,False,2,all
20,/Users/guanjie/Documents/tokenizer_alignment/results/natural_evidence_v2/status/r4_after_879458_repair_second_family_llama_locked_scale_generation_879555_raw/llama3_1_8b_instruct/shards/shard_20,shard_20_block_20,protected,False,0,8,0,16,0,0,0,False,False,2,none
20,/Users/guanjie/Documents/tokenizer_alignment/results/natural_evidence_v2/status/r4_after_879458_repair_second_family_llama_locked_scale_generation_879555_raw/llama3_1_8b_instruct/shards/shard_20,shard_20_block_20,wrong_key,False,0,8,0,16,0,0,0,False,False,2,none
20,/Users/guanjie/Documents/tokenizer_alignment/results/natural_evidence_v2/status/r4_after_879458_repair_second_family_llama_locked_scale_generation_879555_raw/llama3_1_8b_instruct/shards/shard_20,shard_20_block_20,wrong_payload,False,0,8,0,16,0,0,0,False,False,2,none
20,/Users/guanjie/Documents/tokenizer_alignment/results/natural_evidence_v2/status/r4_after_879458_repair_second_family_llama_locked_scale_generation_879555_raw/llama3_1_8b_instruct/shards/shard_20,shard_20_block_20,raw,False,0,8,0,16,0,0,0,False,False,2,none
21,/Users/guanjie/Documents/tokenizer_alignment/results/natural_evidence_v2/status/r4_after_879458_repair_second_family_llama_locked_scale_generation_879555_raw/llama3_1_8b_instruct/shards/shard_21,shard_21_block_21,protected,False,0,8,0,16,0,0,0,False,False,0,all
21,/Users/guanjie/Documents/tokenizer_alignment/results/natural_evidence_v2/status/r4_after_879458_repair_second_family_llama_locked_scale_generation_879555_raw/llama3_1_8b_instruct/shards/shard_21,shard_21_block_21,wrong_key,False,0,8,0,16,0,0,0,False,False,0,all
21,/Users/guanjie/Documents/tokenizer_alignment/results/natural_evidence_v2/status/r4_after_879458_repair_second_family_llama_locked_scale_generation_879555_raw/llama3_1_8b_instruct/shards/shard_21,shard_21_block_21,wrong_payload,False,0,8,0,16,0,0,0,False,False,0,all
21,/Users/guanjie/Documents/tokenizer_alignment/results/natural_evidence_v2/status/r4_after_879458_repair_second_family_llama_locked_scale_generation_879555_raw/llama3_1_8b_instruct/shards/shard_21,shard_21_block_21,raw,False,0,8,0,16,0,0,0,False,False,3,all
21,/Users/guanjie/Documents/tokenizer_alignment/results/natural_evidence_v2/status/r4_after_879458_repair_second_family_llama_locked_scale_generation_879555_raw/llama3_1_8b_instruct/shards/shard_21,shard_21_block_21,protected,False,0,8,0,16,0,0,0,False,False,0,none
21,/Users/guanjie/Documents/tokenizer_alignment/results/natural_evidence_v2/status/r4_after_879458_repair_second_family_llama_locked_scale_generation_879555_raw/llama3_1_8b_instruct/shards/shard_21,shard_21_block_21,wrong_key,False,0,8,0,16,0,0,0,False,False,0,none
21,/Users/guanjie/Documents/tokenizer_alignment/results/natural_evidence_v2/status/r4_after_879458_repair_second_family_llama_locked_scale_generation_879555_raw/llama3_1_8b_instruct/shards/shard_21,shard_21_block_21,wrong_payload,False,0,8,0,16,0,0,0,False,False,0,none
21,/Users/guanjie/Documents/tokenizer_alignment/results/natural_evidence_v2/status/r4_after_879458_repair_second_family_llama_locked_scale_generation_879555_raw/llama3_1_8b_instruct/shards/shard_21,shard_21_block_21,raw,False,0,8,0,16,0,0,0,False,False,3,none
22,/Users/guanjie/Documents/tokenizer_alignment/results/natural_evidence_v2/status/r4_after_879458_repair_second_family_llama_locked_scale_generation_879555_raw/llama3_1_8b_instruct/shards/shard_22,shard_22_block_22,protected,False,0,8,0,16,0,0,0,False,False,2,all
22,/Users/guanjie/Documents/tokenizer_alignment/results/natural_evidence_v2/status/r4_after_879458_repair_second_family_llama_locked_scale_generation_879555_raw/llama3_1_8b_instruct/shards/shard_22,shard_22_block_22,wrong_key,False,0,8,0,16,0,0,0,False,False,2,all
22,/Users/guanjie/Documents/tokenizer_alignment/results/natural_evidence_v2/status/r4_after_879458_repair_second_family_llama_locked_scale_generation_879555_raw/llama3_1_8b_instruct/shards/shard_22,shard_22_block_22,wrong_payload,False,0,8,0,16,0,0,0,False,False,2,all
22,/Users/guanjie/Documents/tokenizer_alignment/results/natural_evidence_v2/status/r4_after_879458_repair_second_family_llama_locked_scale_generation_879555_raw/llama3_1_8b_instruct/shards/shard_22,shard_22_block_22,raw,False,0,8,0,16,0,0,0,False,False,1,all
22,/Users/guanjie/Documents/tokenizer_alignment/results/natural_evidence_v2/status/r4_after_879458_repair_second_family_llama_locked_scale_generation_879555_raw/llama3_1_8b_instruct/shards/shard_22,shard_22_block_22,protected,False,0,8,0,16,0,0,0,False,False,2,none
22,/Users/guanjie/Documents/tokenizer_alignment/results/natural_evidence_v2/status/r4_after_879458_repair_second_family_llama_locked_scale_generation_879555_raw/llama3_1_8b_instruct/shards/shard_22,shard_22_block_22,wrong_key,False,0,8,0,16,0,0,0,False,False,2,none
22,/Users/guanjie/Documents/tokenizer_alignment/results/natural_evidence_v2/status/r4_after_879458_repair_second_family_llama_locked_scale_generation_879555_raw/llama3_1_8b_instruct/shards/shard_22,shard_22_block_22,wrong_payload,False,0,8,0,16,0,0,0,False,False,2,none
22,/Users/guanjie/Documents/tokenizer_alignment/results/natural_evidence_v2/status/r4_after_879458_repair_second_family_llama_locked_scale_generation_879555_raw/llama3_1_8b_instruct/shards/shard_22,shard_22_block_22,raw,False,0,8,0,16,0,0,0,False,False,1,none
23,/Users/guanjie/Documents/tokenizer_alignment/results/natural_evidence_v2/status/r4_after_879458_repair_second_family_llama_locked_scale_generation_879555_raw/llama3_1_8b_instruct/shards/shard_23,shard_23_block_23,protected,False,0,8,0,16,0,0,0,False,False,1,all
23,/Users/guanjie/Documents/tokenizer_alignment/results/natural_evidence_v2/status/r4_after_879458_repair_second_family_llama_locked_scale_generation_879555_raw/llama3_1_8b_instruct/shards/shard_23,shard_23_block_23,wrong_key,False,0,8,0,16,0,0,0,False,False,1,all
23,/Users/guanjie/Documents/tokenizer_alignment/results/natural_evidence_v2/status/r4_after_879458_repair_second_family_llama_locked_scale_generation_879555_raw/llama3_1_8b_instruct/shards/shard_23,shard_23_block_23,wrong_payload,False,0,8,0,16,0,0,0,False,False,1,all
23,/Users/guanjie/Documents/tokenizer_alignment/results/natural_evidence_v2/status/r4_after_879458_repair_second_family_llama_locked_scale_generation_879555_raw/llama3_1_8b_instruct/shards/shard_23,shard_23_block_23,raw,False,0,8,0,16,0,0,0,False,False,1,all
23,/Users/guanjie/Documents/tokenizer_alignment/results/natural_evidence_v2/status/r4_after_879458_repair_second_family_llama_locked_scale_generation_879555_raw/llama3_1_8b_instruct/shards/shard_23,shard_23_block_23,protected,False,0,8,0,16,0,0,0,False,False,1,none
23,/Users/guanjie/Documents/tokenizer_alignment/results/natural_evidence_v2/status/r4_after_879458_repair_second_family_llama_locked_scale_generation_879555_raw/llama3_1_8b_instruct/shards/shard_23,shard_23_block_23,wrong_key,False,0,8,0,16,0,0,0,False,False,1,none
23,/Users/guanjie/Documents/tokenizer_alignment/results/natural_evidence_v2/status/r4_after_879458_repair_second_family_llama_locked_scale_generation_879555_raw/llama3_1_8b_instruct/shards/shard_23,shard_23_block_23,wrong_payload,False,0,8,0,16,0,0,0,False,False,1,none
23,/Users/guanjie/Documents/tokenizer_alignment/results/natural_evidence_v2/status/r4_after_879458_repair_second_family_llama_locked_scale_generation_879555_raw/llama3_1_8b_instruct/shards/shard_23,shard_23_block_23,raw,False,0,8,0,16,0,0,0,False,False,1,none
24,/Users/guanjie/Documents/tokenizer_alignment/results/natural_evidence_v2/status/r4_after_879458_repair_second_family_llama_locked_scale_generation_879555_raw/llama3_1_8b_instruct/shards/shard_24,shard_24_block_24,protected,False,0,8,0,16,0,0,0,False,False,3,all
24,/Users/guanjie/Documents/tokenizer_alignment/results/natural_evidence_v2/status/r4_after_879458_repair_second_family_llama_locked_scale_generation_879555_raw/llama3_1_8b_instruct/shards/shard_24,shard_24_block_24,wrong_key,False,0,8,0,16,0,0,0,False,False,3,all
24,/Users/guanjie/Documents/tokenizer_alignment/results/natural_evidence_v2/status/r4_after_879458_repair_second_family_llama_locked_scale_generation_879555_raw/llama3_1_8b_instruct/shards/shard_24,shard_24_block_24,wrong_payload,False,0,8,0,16,0,0,0,False,False,3,all
24,/Users/guanjie/Documents/tokenizer_alignment/results/natural_evidence_v2/status/r4_after_879458_repair_second_family_llama_locked_scale_generation_879555_raw/llama3_1_8b_instruct/shards/shard_24,shard_24_block_24,raw,False,0,8,0,16,0,0,0,False,False,2,all
24,/Users/guanjie/Documents/tokenizer_alignment/results/natural_evidence_v2/status/r4_after_879458_repair_second_family_llama_locked_scale_generation_879555_raw/llama3_1_8b_instruct/shards/shard_24,shard_24_block_24,protected,False,0,8,0,16,0,0,0,False,False,3,none
24,/Users/guanjie/Documents/tokenizer_alignment/results/natural_evidence_v2/status/r4_after_879458_repair_second_family_llama_locked_scale_generation_879555_raw/llama3_1_8b_instruct/shards/shard_24,shard_24_block_24,wrong_key,False,0,8,0,16,0,0,0,False,False,3,none
24,/Users/guanjie/Documents/tokenizer_alignment/results/natural_evidence_v2/status/r4_after_879458_repair_second_family_llama_locked_scale_generation_879555_raw/llama3_1_8b_instruct/shards/shard_24,shard_24_block_24,wrong_payload,False,0,8,0,16,0,0,0,False,False,3,none
24,/Users/guanjie/Documents/tokenizer_alignment/results/natural_evidence_v2/status/r4_after_879458_repair_second_family_llama_locked_scale_generation_879555_raw/llama3_1_8b_instruct/shards/shard_24,shard_24_block_24,raw,False,0,8,0,16,0,0,0,False,False,2,none
25,/Users/guanjie/Documents/tokenizer_alignment/results/natural_evidence_v2/status/r4_after_879458_repair_second_family_llama_locked_scale_generation_879555_raw/llama3_1_8b_instruct/shards/shard_25,shard_25_block_25,protected,False,0,8,0,16,0,0,0,False,False,3,all
25,/Users/guanjie/Documents/tokenizer_alignment/results/natural_evidence_v2/status/r4_after_879458_repair_second_family_llama_locked_scale_generation_879555_raw/llama3_1_8b_instruct/shards/shard_25,shard_25_block_25,wrong_key,False,0,8,0,16,0,0,0,False,False,3,all
25,/Users/guanjie/Documents/tokenizer_alignment/results/natural_evidence_v2/status/r4_after_879458_repair_second_family_llama_locked_scale_generation_879555_raw/llama3_1_8b_instruct/shards/shard_25,shard_25_block_25,wrong_payload,False,0,8,0,16,0,0,0,False,False,3,all
25,/Users/guanjie/Documents/tokenizer_alignment/results/natural_evidence_v2/status/r4_after_879458_repair_second_family_llama_locked_scale_generation_879555_raw/llama3_1_8b_instruct/shards/shard_25,shard_25_block_25,raw,False,0,8,0,16,0,0,0,False,False,1,all
25,/Users/guanjie/Documents/tokenizer_alignment/results/natural_evidence_v2/status/r4_after_879458_repair_second_family_llama_locked_scale_generation_879555_raw/llama3_1_8b_instruct/shards/shard_25,shard_25_block_25,protected,False,0,8,0,16,0,0,0,False,False,3,none
25,/Users/guanjie/Documents/tokenizer_alignment/results/natural_evidence_v2/status/r4_after_879458_repair_second_family_llama_locked_scale_generation_879555_raw/llama3_1_8b_instruct/shards/shard_25,shard_25_block_25,wrong_key,False,0,8,0,16,0,0,0,False,False,3,none
25,/Users/guanjie/Documents/tokenizer_alignment/results/natural_evidence_v2/status/r4_after_879458_repair_second_family_llama_locked_scale_generation_879555_raw/llama3_1_8b_instruct/shards/shard_25,shard_25_block_25,wrong_payload,False,0,8,0,16,0,0,0,False,False,3,none
25,/Users/guanjie/Documents/tokenizer_alignment/results/natural_evidence_v2/status/r4_after_879458_repair_second_family_llama_locked_scale_generation_879555_raw/llama3_1_8b_instruct/shards/shard_25,shard_25_block_25,raw,False,0,8,0,16,0,0,0,False,False,1,none
26,/Users/guanjie/Documents/tokenizer_alignment/results/natural_evidence_v2/status/r4_after_879458_repair_second_family_llama_locked_scale_generation_879555_raw/llama3_1_8b_instruct/shards/shard_26,shard_26_block_26,protected,False,0,8,0,16,0,0,0,False,False,2,all
26,/Users/guanjie/Documents/tokenizer_alignment/results/natural_evidence_v2/status/r4_after_879458_repair_second_family_llama_locked_scale_generation_879555_raw/llama3_1_8b_instruct/shards/shard_26,shard_26_block_26,wrong_key,False,0,8,0,16,0,0,0,False,False,2,all
26,/Users/guanjie/Documents/tokenizer_alignment/results/natural_evidence_v2/status/r4_after_879458_repair_second_family_llama_locked_scale_generation_879555_raw/llama3_1_8b_instruct/shards/shard_26,shard_26_block_26,wrong_payload,False,0,8,0,16,0,0,0,False,False,2,all
26,/Users/guanjie/Documents/tokenizer_alignment/results/natural_evidence_v2/status/r4_after_879458_repair_second_family_llama_locked_scale_generation_879555_raw/llama3_1_8b_instruct/shards/shard_26,shard_26_block_26,raw,False,0,8,0,16,0,0,0,False,False,4,all
26,/Users/guanjie/Documents/tokenizer_alignment/results/natural_evidence_v2/status/r4_after_879458_repair_second_family_llama_locked_scale_generation_879555_raw/llama3_1_8b_instruct/shards/shard_26,shard_26_block_26,protected,False,0,8,0,16,0,0,0,False,False,2,none
26,/Users/guanjie/Documents/tokenizer_alignment/results/natural_evidence_v2/status/r4_after_879458_repair_second_family_llama_locked_scale_generation_879555_raw/llama3_1_8b_instruct/shards/shard_26,shard_26_block_26,wrong_key,False,0,8,0,16,0,0,0,False,False,2,none
26,/Users/guanjie/Documents/tokenizer_alignment/results/natural_evidence_v2/status/r4_after_879458_repair_second_family_llama_locked_scale_generation_879555_raw/llama3_1_8b_instruct/shards/shard_26,shard_26_block_26,wrong_payload,False,0,8,0,16,0,0,0,False,False,2,none
26,/Users/guanjie/Documents/tokenizer_alignment/results/natural_evidence_v2/status/r4_after_879458_repair_second_family_llama_locked_scale_generation_879555_raw/llama3_1_8b_instruct/shards/shard_26,shard_26_block_26,raw,False,0,8,0,16,0,0,0,False,False,4,none
27,/Users/guanjie/Documents/tokenizer_alignment/results/natural_evidence_v2/status/r4_after_879458_repair_second_family_llama_locked_scale_generation_879555_raw/llama3_1_8b_instruct/shards/shard_27,shard_27_block_27,protected,False,0,8,0,16,0,0,0,False,False,1,all
27,/Users/guanjie/Documents/tokenizer_alignment/results/natural_evidence_v2/status/r4_after_879458_repair_second_family_llama_locked_scale_generation_879555_raw/llama3_1_8b_instruct/shards/shard_27,shard_27_block_27,wrong_key,False,0,8,0,16,0,0,0,False,False,1,all
27,/Users/guanjie/Documents/tokenizer_alignment/results/natural_evidence_v2/status/r4_after_879458_repair_second_family_llama_locked_scale_generation_879555_raw/llama3_1_8b_instruct/shards/shard_27,shard_27_block_27,wrong_payload,False,0,8,0,16,0,0,0,False,False,1,all
27,/Users/guanjie/Documents/tokenizer_alignment/results/natural_evidence_v2/status/r4_after_879458_repair_second_family_llama_locked_scale_generation_879555_raw/llama3_1_8b_instruct/shards/shard_27,shard_27_block_27,raw,False,0,8,0,16,0,0,0,False,False,2,all
27,/Users/guanjie/Documents/tokenizer_alignment/results/natural_evidence_v2/status/r4_after_879458_repair_second_family_llama_locked_scale_generation_879555_raw/llama3_1_8b_instruct/shards/shard_27,shard_27_block_27,protected,False,0,8,0,16,0,0,0,False,False,1,none
27,/Users/guanjie/Documents/tokenizer_alignment/results/natural_evidence_v2/status/r4_after_879458_repair_second_family_llama_locked_scale_generation_879555_raw/llama3_1_8b_instruct/shards/shard_27,shard_27_block_27,wrong_key,False,0,8,0,16,0,0,0,False,False,1,none
27,/Users/guanjie/Documents/tokenizer_alignment/results/natural_evidence_v2/status/r4_after_879458_repair_second_family_llama_locked_scale_generation_879555_raw/llama3_1_8b_instruct/shards/shard_27,shard_27_block_27,wrong_payload,False,0,8,0,16,0,0,0,False,False,1,none
27,/Users/guanjie/Documents/tokenizer_alignment/results/natural_evidence_v2/status/r4_after_879458_repair_second_family_llama_locked_scale_generation_879555_raw/llama3_1_8b_instruct/shards/shard_27,shard_27_block_27,raw,False,0,8,0,16,0,0,0,False,False,2,none
28,/Users/guanjie/Documents/tokenizer_alignment/results/natural_evidence_v2/status/r4_after_879458_repair_second_family_llama_locked_scale_generation_879555_raw/llama3_1_8b_instruct/shards/shard_28,shard_28_block_28,protected,False,0,8,0,16,0,0,0,False,False,3,all
28,/Users/guanjie/Documents/tokenizer_alignment/results/natural_evidence_v2/status/r4_after_879458_repair_second_family_llama_locked_scale_generation_879555_raw/llama3_1_8b_instruct/shards/shard_28,shard_28_block_28,wrong_key,False,0,8,0,16,0,0,0,False,False,3,all
28,/Users/guanjie/Documents/tokenizer_alignment/results/natural_evidence_v2/status/r4_after_879458_repair_second_family_llama_locked_scale_generation_879555_raw/llama3_1_8b_instruct/shards/shard_28,shard_28_block_28,wrong_payload,False,0,8,0,16,0,0,0,False,False,3,all
28,/Users/guanjie/Documents/tokenizer_alignment/results/natural_evidence_v2/status/r4_after_879458_repair_second_family_llama_locked_scale_generation_879555_raw/llama3_1_8b_instruct/shards/shard_28,shard_28_block_28,raw,False,0,8,0,16,0,0,0,False,False,1,all
28,/Users/guanjie/Documents/tokenizer_alignment/results/natural_evidence_v2/status/r4_after_879458_repair_second_family_llama_locked_scale_generation_879555_raw/llama3_1_8b_instruct/shards/shard_28,shard_28_block_28,protected,False,0,8,0,16,0,0,0,False,False,3,none
28,/Users/guanjie/Documents/tokenizer_alignment/results/natural_evidence_v2/status/r4_after_879458_repair_second_family_llama_locked_scale_generation_879555_raw/llama3_1_8b_instruct/shards/shard_28,shard_28_block_28,wrong_key,False,0,8,0,16,0,0,0,False,False,3,none
28,/Users/guanjie/Documents/tokenizer_alignment/results/natural_evidence_v2/status/r4_after_879458_repair_second_family_llama_locked_scale_generation_879555_raw/llama3_1_8b_instruct/shards/shard_28,shard_28_block_28,wrong_payload,False,0,8,0,16,0,0,0,False,False,3,none
28,/Users/guanjie/Documents/tokenizer_alignment/results/natural_evidence_v2/status/r4_after_879458_repair_second_family_llama_locked_scale_generation_879555_raw/llama3_1_8b_instruct/shards/shard_28,shard_28_block_28,raw,False,0,8,0,16,0,0,0,False,False,1,none
29,/Users/guanjie/Documents/tokenizer_alignment/results/natural_evidence_v2/status/r4_after_879458_repair_second_family_llama_locked_scale_generation_879555_raw/llama3_1_8b_instruct/shards/shard_29,shard_29_block_29,protected,False,0,8,0,16,0,0,0,False,False,4,all
29,/Users/guanjie/Documents/tokenizer_alignment/results/natural_evidence_v2/status/r4_after_879458_repair_second_family_llama_locked_scale_generation_879555_raw/llama3_1_8b_instruct/shards/shard_29,shard_29_block_29,wrong_key,False,0,8,0,16,0,0,0,False,False,4,all
29,/Users/guanjie/Documents/tokenizer_alignment/results/natural_evidence_v2/status/r4_after_879458_repair_second_family_llama_locked_scale_generation_879555_raw/llama3_1_8b_instruct/shards/shard_29,shard_29_block_29,wrong_payload,False,0,8,0,16,0,0,0,False,False,4,all
29,/Users/guanjie/Documents/tokenizer_alignment/results/natural_evidence_v2/status/r4_after_879458_repair_second_family_llama_locked_scale_generation_879555_raw/llama3_1_8b_instruct/shards/shard_29,shard_29_block_29,raw,False,0,8,0,16,0,0,0,False,False,0,all
29,/Users/guanjie/Documents/tokenizer_alignment/results/natural_evidence_v2/status/r4_after_879458_repair_second_family_llama_locked_scale_generation_879555_raw/llama3_1_8b_instruct/shards/shard_29,shard_29_block_29,protected,False,0,8,0,16,0,0,0,False,False,4,none
29,/Users/guanjie/Documents/tokenizer_alignment/results/natural_evidence_v2/status/r4_after_879458_repair_second_family_llama_locked_scale_generation_879555_raw/llama3_1_8b_instruct/shards/shard_29,shard_29_block_29,wrong_key,False,0,8,0,16,0,0,0,False,False,4,none
29,/Users/guanjie/Documents/tokenizer_alignment/results/natural_evidence_v2/status/r4_after_879458_repair_second_family_llama_locked_scale_generation_879555_raw/llama3_1_8b_instruct/shards/shard_29,shard_29_block_29,wrong_payload,False,0,8,0,16,0,0,0,False,False,4,none
29,/Users/guanjie/Documents/tokenizer_alignment/results/natural_evidence_v2/status/r4_after_879458_repair_second_family_llama_locked_scale_generation_879555_raw/llama3_1_8b_instruct/shards/shard_29,shard_29_block_29,raw,False,0,8,0,16,0,0,0,False,False,0,none
30,/Users/guanjie/Documents/tokenizer_alignment/results/natural_evidence_v2/status/r4_after_879458_repair_second_family_llama_locked_scale_generation_879555_raw/llama3_1_8b_instruct/shards/shard_30,shard_30_block_30,protected,False,0,8,0,16,0,0,0,False,False,0,all
30,/Users/guanjie/Documents/tokenizer_alignment/results/natural_evidence_v2/status/r4_after_879458_repair_second_family_llama_locked_scale_generation_879555_raw/llama3_1_8b_instruct/shards/shard_30,shard_30_block_30,wrong_key,False,0,8,0,16,0,0,0,False,False,0,all
30,/Users/guanjie/Documents/tokenizer_alignment/results/natural_evidence_v2/status/r4_after_879458_repair_second_family_llama_locked_scale_generation_879555_raw/llama3_1_8b_instruct/shards/shard_30,shard_30_block_30,wrong_payload,False,0,8,0,16,0,0,0,False,False,0,all
30,/Users/guanjie/Documents/tokenizer_alignment/results/natural_evidence_v2/status/r4_after_879458_repair_second_family_llama_locked_scale_generation_879555_raw/llama3_1_8b_instruct/shards/shard_30,shard_30_block_30,raw,False,0,8,0,16,0,0,0,False,False,7,all
30,/Users/guanjie/Documents/tokenizer_alignment/results/natural_evidence_v2/status/r4_after_879458_repair_second_family_llama_locked_scale_generation_879555_raw/llama3_1_8b_instruct/shards/shard_30,shard_30_block_30,protected,False,0,8,0,16,0,0,0,False,False,0,none
30,/Users/guanjie/Documents/tokenizer_alignment/results/natural_evidence_v2/status/r4_after_879458_repair_second_family_llama_locked_scale_generation_879555_raw/llama3_1_8b_instruct/shards/shard_30,shard_30_block_30,wrong_key,False,0,8,0,16,0,0,0,False,False,0,none
30,/Users/guanjie/Documents/tokenizer_alignment/results/natural_evidence_v2/status/r4_after_879458_repair_second_family_llama_locked_scale_generation_879555_raw/llama3_1_8b_instruct/shards/shard_30,shard_30_block_30,wrong_payload,False,0,8,0,16,0,0,0,False,False,0,none
30,/Users/guanjie/Documents/tokenizer_alignment/results/natural_evidence_v2/status/r4_after_879458_repair_second_family_llama_locked_scale_generation_879555_raw/llama3_1_8b_instruct/shards/shard_30,shard_30_block_30,raw,False,0,8,0,16,0,0,0,False,False,7,none
31,/Users/guanjie/Documents/tokenizer_alignment/results/natural_evidence_v2/status/r4_after_879458_repair_second_family_llama_locked_scale_generation_879555_raw/llama3_1_8b_instruct/shards/shard_31,shard_31_block_31,protected,False,0,8,0,16,0,0,0,False,False,1,all
31,/Users/guanjie/Documents/tokenizer_alignment/results/natural_evidence_v2/status/r4_after_879458_repair_second_family_llama_locked_scale_generation_879555_raw/llama3_1_8b_instruct/shards/shard_31,shard_31_block_31,wrong_key,False,0,8,0,16,0,0,0,False,False,1,all
31,/Users/guanjie/Documents/tokenizer_alignment/results/natural_evidence_v2/status/r4_after_879458_repair_second_family_llama_locked_scale_generation_879555_raw/llama3_1_8b_instruct/shards/shard_31,shard_31_block_31,wrong_payload,False,0,8,0,16,0,0,0,False,False,1,all
31,/Users/guanjie/Documents/tokenizer_alignment/results/natural_evidence_v2/status/r4_after_879458_repair_second_family_llama_locked_scale_generation_879555_raw/llama3_1_8b_instruct/shards/shard_31,shard_31_block_31,raw,False,0,8,0,16,0,0,0,False,False,2,all
31,/Users/guanjie/Documents/tokenizer_alignment/results/natural_evidence_v2/status/r4_after_879458_repair_second_family_llama_locked_scale_generation_879555_raw/llama3_1_8b_instruct/shards/shard_31,shard_31_block_31,protected,False,0,8,0,16,0,0,0,False,False,1,none
31,/Users/guanjie/Documents/tokenizer_alignment/results/natural_evidence_v2/status/r4_after_879458_repair_second_family_llama_locked_scale_generation_879555_raw/llama3_1_8b_instruct/shards/shard_31,shard_31_block_31,wrong_key,False,0,8,0,16,0,0,0,False,False,1,none
31,/Users/guanjie/Documents/tokenizer_alignment/results/natural_evidence_v2/status/r4_after_879458_repair_second_family_llama_locked_scale_generation_879555_raw/llama3_1_8b_instruct/shards/shard_31,shard_31_block_31,wrong_payload,False,0,8,0,16,0,0,0,False,False,1,none
31,/Users/guanjie/Documents/tokenizer_alignment/results/natural_evidence_v2/status/r4_after_879458_repair_second_family_llama_locked_scale_generation_879555_raw/llama3_1_8b_instruct/shards/shard_31,shard_31_block_31,raw,False,0,8,0,16,0,0,0,False,False,2,none
32,/Users/guanjie/Documents/tokenizer_alignment/results/natural_evidence_v2/status/r4_after_879458_repair_second_family_llama_locked_scale_generation_879555_raw/llama3_1_8b_instruct/shards/shard_32,shard_32_block_32,protected,False,0,8,0,16,0,0,0,False,False,1,all
32,/Users/guanjie/Documents/tokenizer_alignment/results/natural_evidence_v2/status/r4_after_879458_repair_second_family_llama_locked_scale_generation_879555_raw/llama3_1_8b_instruct/shards/shard_32,shard_32_block_32,wrong_key,False,0,8,0,16,0,0,0,False,False,1,all
32,/Users/guanjie/Documents/tokenizer_alignment/results/natural_evidence_v2/status/r4_after_879458_repair_second_family_llama_locked_scale_generation_879555_raw/llama3_1_8b_instruct/shards/shard_32,shard_32_block_32,wrong_payload,False,0,8,0,16,0,0,0,False,False,1,all
32,/Users/guanjie/Documents/tokenizer_alignment/results/natural_evidence_v2/status/r4_after_879458_repair_second_family_llama_locked_scale_generation_879555_raw/llama3_1_8b_instruct/shards/shard_32,shard_32_block_32,raw,False,0,8,0,16,0,0,0,False,False,1,all
32,/Users/guanjie/Documents/tokenizer_alignment/results/natural_evidence_v2/status/r4_after_879458_repair_second_family_llama_locked_scale_generation_879555_raw/llama3_1_8b_instruct/shards/shard_32,shard_32_block_32,protected,False,0,8,0,16,0,0,0,False,False,1,none
32,/Users/guanjie/Documents/tokenizer_alignment/results/natural_evidence_v2/status/r4_after_879458_repair_second_family_llama_locked_scale_generation_879555_raw/llama3_1_8b_instruct/shards/shard_32,shard_32_block_32,wrong_key,False,0,8,0,16,0,0,0,False,False,1,none
32,/Users/guanjie/Documents/tokenizer_alignment/results/natural_evidence_v2/status/r4_after_879458_repair_second_family_llama_locked_scale_generation_879555_raw/llama3_1_8b_instruct/shards/shard_32,shard_32_block_32,wrong_payload,False,0,8,0,16,0,0,0,False,False,1,none
32,/Users/guanjie/Documents/tokenizer_alignment/results/natural_evidence_v2/status/r4_after_879458_repair_second_family_llama_locked_scale_generation_879555_raw/llama3_1_8b_instruct/shards/shard_32,shard_32_block_32,raw,False,0,8,0,16,0,0,0,False,False,1,none
33,/Users/guanjie/Documents/tokenizer_alignment/results/natural_evidence_v2/status/r4_after_879458_repair_second_family_llama_locked_scale_generation_879555_raw/llama3_1_8b_instruct/shards/shard_33,shard_33_block_33,protected,False,0,8,0,16,0,0,0,False,False,1,all
33,/Users/guanjie/Documents/tokenizer_alignment/results/natural_evidence_v2/status/r4_after_879458_repair_second_family_llama_locked_scale_generation_879555_raw/llama3_1_8b_instruct/shards/shard_33,shard_33_block_33,wrong_key,False,0,8,0,16,0,0,0,False,False,1,all
33,/Users/guanjie/Documents/tokenizer_alignment/results/natural_evidence_v2/status/r4_after_879458_repair_second_family_llama_locked_scale_generation_879555_raw/llama3_1_8b_instruct/shards/shard_33,shard_33_block_33,wrong_payload,False,0,8,0,16,0,0,0,False,False,1,all
33,/Users/guanjie/Documents/tokenizer_alignment/results/natural_evidence_v2/status/r4_after_879458_repair_second_family_llama_locked_scale_generation_879555_raw/llama3_1_8b_instruct/shards/shard_33,shard_33_block_33,raw,False,0,8,0,16,0,0,0,False,False,0,all
33,/Users/guanjie/Documents/tokenizer_alignment/results/natural_evidence_v2/status/r4_after_879458_repair_second_family_llama_locked_scale_generation_879555_raw/llama3_1_8b_instruct/shards/shard_33,shard_33_block_33,protected,False,0,8,0,16,0,0,0,False,False,1,none
33,/Users/guanjie/Documents/tokenizer_alignment/results/natural_evidence_v2/status/r4_after_879458_repair_second_family_llama_locked_scale_generation_879555_raw/llama3_1_8b_instruct/shards/shard_33,shard_33_block_33,wrong_key,False,0,8,0,16,0,0,0,False,False,1,none
33,/Users/guanjie/Documents/tokenizer_alignment/results/natural_evidence_v2/status/r4_after_879458_repair_second_family_llama_locked_scale_generation_879555_raw/llama3_1_8b_instruct/shards/shard_33,shard_33_block_33,wrong_payload,False,0,8,0,16,0,0,0,False,False,1,none
33,/Users/guanjie/Documents/tokenizer_alignment/results/natural_evidence_v2/status/r4_after_879458_repair_second_family_llama_locked_scale_generation_879555_raw/llama3_1_8b_instruct/shards/shard_33,shard_33_block_33,raw,False,0,8,0,16,0,0,0,False,False,0,none
34,/Users/guanjie/Documents/tokenizer_alignment/results/natural_evidence_v2/status/r4_after_879458_repair_second_family_llama_locked_scale_generation_879555_raw/llama3_1_8b_instruct/shards/shard_34,shard_34_block_34,protected,False,0,8,0,16,0,0,0,False,False,3,all
34,/Users/guanjie/Documents/tokenizer_alignment/results/natural_evidence_v2/status/r4_after_879458_repair_second_family_llama_locked_scale_generation_879555_raw/llama3_1_8b_instruct/shards/shard_34,shard_34_block_34,wrong_key,False,0,8,0,16,0,0,0,False,False,3,all
34,/Users/guanjie/Documents/tokenizer_alignment/results/natural_evidence_v2/status/r4_after_879458_repair_second_family_llama_locked_scale_generation_879555_raw/llama3_1_8b_instruct/shards/shard_34,shard_34_block_34,wrong_payload,False,0,8,0,16,0,0,0,False,False,3,all
34,/Users/guanjie/Documents/tokenizer_alignment/results/natural_evidence_v2/status/r4_after_879458_repair_second_family_llama_locked_scale_generation_879555_raw/llama3_1_8b_instruct/shards/shard_34,shard_34_block_34,raw,False,0,8,0,16,0,0,0,False,False,1,all
34,/Users/guanjie/Documents/tokenizer_alignment/results/natural_evidence_v2/status/r4_after_879458_repair_second_family_llama_locked_scale_generation_879555_raw/llama3_1_8b_instruct/shards/shard_34,shard_34_block_34,protected,False,0,8,0,16,0,0,0,False,False,3,none
34,/Users/guanjie/Documents/tokenizer_alignment/results/natural_evidence_v2/status/r4_after_879458_repair_second_family_llama_locked_scale_generation_879555_raw/llama3_1_8b_instruct/shards/shard_34,shard_34_block_34,wrong_key,False,0,8,0,16,0,0,0,False,False,3,none
34,/Users/guanjie/Documents/tokenizer_alignment/results/natural_evidence_v2/status/r4_after_879458_repair_second_family_llama_locked_scale_generation_879555_raw/llama3_1_8b_instruct/shards/shard_34,shard_34_block_34,wrong_payload,False,0,8,0,16,0,0,0,False,False,3,none
34,/Users/guanjie/Documents/tokenizer_alignment/results/natural_evidence_v2/status/r4_after_879458_repair_second_family_llama_locked_scale_generation_879555_raw/llama3_1_8b_instruct/shards/shard_34,shard_34_block_34,raw,False,0,8,0,16,0,0,0,False,False,1,none
35,/Users/guanjie/Documents/tokenizer_alignment/results/natural_evidence_v2/status/r4_after_879458_repair_second_family_llama_locked_scale_generation_879555_raw/llama3_1_8b_instruct/shards/shard_35,shard_35_block_35,protected,False,0,8,0,16,0,0,0,False,False,2,all
35,/Users/guanjie/Documents/tokenizer_alignment/results/natural_evidence_v2/status/r4_after_879458_repair_second_family_llama_locked_scale_generation_879555_raw/llama3_1_8b_instruct/shards/shard_35,shard_35_block_35,wrong_key,False,0,8,0,16,0,0,0,False,False,2,all
35,/Users/guanjie/Documents/tokenizer_alignment/results/natural_evidence_v2/status/r4_after_879458_repair_second_family_llama_locked_scale_generation_879555_raw/llama3_1_8b_instruct/shards/shard_35,shard_35_block_35,wrong_payload,False,0,8,0,16,0,0,0,False,False,2,all
35,/Users/guanjie/Documents/tokenizer_alignment/results/natural_evidence_v2/status/r4_after_879458_repair_second_family_llama_locked_scale_generation_879555_raw/llama3_1_8b_instruct/shards/shard_35,shard_35_block_35,raw,False,0,8,0,16,0,0,0,False,False,1,all
35,/Users/guanjie/Documents/tokenizer_alignment/results/natural_evidence_v2/status/r4_after_879458_repair_second_family_llama_locked_scale_generation_879555_raw/llama3_1_8b_instruct/shards/shard_35,shard_35_block_35,protected,False,0,8,0,16,0,0,0,False,False,2,none
35,/Users/guanjie/Documents/tokenizer_alignment/results/natural_evidence_v2/status/r4_after_879458_repair_second_family_llama_locked_scale_generation_879555_raw/llama3_1_8b_instruct/shards/shard_35,shard_35_block_35,wrong_key,False,0,8,0,16,0,0,0,False,False,2,none
35,/Users/guanjie/Documents/tokenizer_alignment/results/natural_evidence_v2/status/r4_after_879458_repair_second_family_llama_locked_scale_generation_879555_raw/llama3_1_8b_instruct/shards/shard_35,shard_35_block_35,wrong_payload,False,0,8,0,16,0,0,0,False,False,2,none
35,/Users/guanjie/Documents/tokenizer_alignment/results/natural_evidence_v2/status/r4_after_879458_repair_second_family_llama_locked_scale_generation_879555_raw/llama3_1_8b_instruct/shards/shard_35,shard_35_block_35,raw,False,0,8,0,16,0,0,0,False,False,1,none
36,/Users/guanjie/Documents/tokenizer_alignment/results/natural_evidence_v2/status/r4_after_879458_repair_second_family_llama_locked_scale_generation_879555_raw/llama3_1_8b_instruct/shards/shard_36,shard_36_block_36,protected,False,0,8,0,16,0,0,0,False,False,3,all
36,/Users/guanjie/Documents/tokenizer_alignment/results/natural_evidence_v2/status/r4_after_879458_repair_second_family_llama_locked_scale_generation_879555_raw/llama3_1_8b_instruct/shards/shard_36,shard_36_block_36,wrong_key,False,0,8,0,16,0,0,0,False,False,3,all
36,/Users/guanjie/Documents/tokenizer_alignment/results/natural_evidence_v2/status/r4_after_879458_repair_second_family_llama_locked_scale_generation_879555_raw/llama3_1_8b_instruct/shards/shard_36,shard_36_block_36,wrong_payload,False,0,8,0,16,0,0,0,False,False,3,all
36,/Users/guanjie/Documents/tokenizer_alignment/results/natural_evidence_v2/status/r4_after_879458_repair_second_family_llama_locked_scale_generation_879555_raw/llama3_1_8b_instruct/shards/shard_36,shard_36_block_36,raw,False,0,8,0,16,0,0,0,False,False,4,all
36,/Users/guanjie/Documents/tokenizer_alignment/results/natural_evidence_v2/status/r4_after_879458_repair_second_family_llama_locked_scale_generation_879555_raw/llama3_1_8b_instruct/shards/shard_36,shard_36_block_36,protected,False,0,8,0,16,0,0,0,False,False,3,none
36,/Users/guanjie/Documents/tokenizer_alignment/results/natural_evidence_v2/status/r4_after_879458_repair_second_family_llama_locked_scale_generation_879555_raw/llama3_1_8b_instruct/shards/shard_36,shard_36_block_36,wrong_key,False,0,8,0,16,0,0,0,False,False,3,none
36,/Users/guanjie/Documents/tokenizer_alignment/results/natural_evidence_v2/status/r4_after_879458_repair_second_family_llama_locked_scale_generation_879555_raw/llama3_1_8b_instruct/shards/shard_36,shard_36_block_36,wrong_payload,False,0,8,0,16,0,0,0,False,False,3,none
36,/Users/guanjie/Documents/tokenizer_alignment/results/natural_evidence_v2/status/r4_after_879458_repair_second_family_llama_locked_scale_generation_879555_raw/llama3_1_8b_instruct/shards/shard_36,shard_36_block_36,raw,False,0,8,0,16,0,0,0,False,False,4,none
37,/Users/guanjie/Documents/tokenizer_alignment/results/natural_evidence_v2/status/r4_after_879458_repair_second_family_llama_locked_scale_generation_879555_raw/llama3_1_8b_instruct/shards/shard_37,shard_37_block_37,protected,False,0,8,0,16,0,0,0,False,False,3,all
37,/Users/guanjie/Documents/tokenizer_alignment/results/natural_evidence_v2/status/r4_after_879458_repair_second_family_llama_locked_scale_generation_879555_raw/llama3_1_8b_instruct/shards/shard_37,shard_37_block_37,wrong_key,False,0,8,0,16,0,0,0,False,False,3,all
37,/Users/guanjie/Documents/tokenizer_alignment/results/natural_evidence_v2/status/r4_after_879458_repair_second_family_llama_locked_scale_generation_879555_raw/llama3_1_8b_instruct/shards/shard_37,shard_37_block_37,wrong_payload,False,0,8,0,16,0,0,0,False,False,3,all
37,/Users/guanjie/Documents/tokenizer_alignment/results/natural_evidence_v2/status/r4_after_879458_repair_second_family_llama_locked_scale_generation_879555_raw/llama3_1_8b_instruct/shards/shard_37,shard_37_block_37,raw,False,0,8,0,16,0,0,0,False,False,4,all
37,/Users/guanjie/Documents/tokenizer_alignment/results/natural_evidence_v2/status/r4_after_879458_repair_second_family_llama_locked_scale_generation_879555_raw/llama3_1_8b_instruct/shards/shard_37,shard_37_block_37,protected,False,0,8,0,16,0,0,0,False,False,3,none
37,/Users/guanjie/Documents/tokenizer_alignment/results/natural_evidence_v2/status/r4_after_879458_repair_second_family_llama_locked_scale_generation_879555_raw/llama3_1_8b_instruct/shards/shard_37,shard_37_block_37,wrong_key,False,0,8,0,16,0,0,0,False,False,3,none
37,/Users/guanjie/Documents/tokenizer_alignment/results/natural_evidence_v2/status/r4_after_879458_repair_second_family_llama_locked_scale_generation_879555_raw/llama3_1_8b_instruct/shards/shard_37,shard_37_block_37,wrong_payload,False,0,8,0,16,0,0,0,False,False,3,none
37,/Users/guanjie/Documents/tokenizer_alignment/results/natural_evidence_v2/status/r4_after_879458_repair_second_family_llama_locked_scale_generation_879555_raw/llama3_1_8b_instruct/shards/shard_37,shard_37_block_37,raw,False,0,8,0,16,0,0,0,False,False,4,none
38,/Users/guanjie/Documents/tokenizer_alignment/results/natural_evidence_v2/status/r4_after_879458_repair_second_family_llama_locked_scale_generation_879555_raw/llama3_1_8b_instruct/shards/shard_38,shard_38_block_38,protected,False,0,8,0,16,0,0,0,False,False,0,all
38,/Users/guanjie/Documents/tokenizer_alignment/results/natural_evidence_v2/status/r4_after_879458_repair_second_family_llama_locked_scale_generation_879555_raw/llama3_1_8b_instruct/shards/shard_38,shard_38_block_38,wrong_key,False,0,8,0,16,0,0,0,False,False,0,all
38,/Users/guanjie/Documents/tokenizer_alignment/results/natural_evidence_v2/status/r4_after_879458_repair_second_family_llama_locked_scale_generation_879555_raw/llama3_1_8b_instruct/shards/shard_38,shard_38_block_38,wrong_payload,False,0,8,0,16,0,0,0,False,False,0,all
38,/Users/guanjie/Documents/tokenizer_alignment/results/natural_evidence_v2/status/r4_after_879458_repair_second_family_llama_locked_scale_generation_879555_raw/llama3_1_8b_instruct/shards/shard_38,shard_38_block_38,raw,False,0,8,0,16,0,0,0,False,False,2,all
38,/Users/guanjie/Documents/tokenizer_alignment/results/natural_evidence_v2/status/r4_after_879458_repair_second_family_llama_locked_scale_generation_879555_raw/llama3_1_8b_instruct/shards/shard_38,shard_38_block_38,protected,False,0,8,0,16,0,0,0,False,False,0,none
38,/Users/guanjie/Documents/tokenizer_alignment/results/natural_evidence_v2/status/r4_after_879458_repair_second_family_llama_locked_scale_generation_879555_raw/llama3_1_8b_instruct/shards/shard_38,shard_38_block_38,wrong_key,False,0,8,0,16,0,0,0,False,False,0,none
38,/Users/guanjie/Documents/tokenizer_alignment/results/natural_evidence_v2/status/r4_after_879458_repair_second_family_llama_locked_scale_generation_879555_raw/llama3_1_8b_instruct/shards/shard_38,shard_38_block_38,wrong_payload,False,0,8,0,16,0,0,0,False,False,0,none
38,/Users/guanjie/Documents/tokenizer_alignment/results/natural_evidence_v2/status/r4_after_879458_repair_second_family_llama_locked_scale_generation_879555_raw/llama3_1_8b_instruct/shards/shard_38,shard_38_block_38,raw,False,0,8,0,16,0,0,0,False,False,2,none
39,/Users/guanjie/Documents/tokenizer_alignment/results/natural_evidence_v2/status/r4_after_879458_repair_second_family_llama_locked_scale_generation_879555_raw/llama3_1_8b_instruct/shards/shard_39,shard_39_block_39,protected,False,0,8,0,16,0,0,0,False,False,3,all
39,/Users/guanjie/Documents/tokenizer_alignment/results/natural_evidence_v2/status/r4_after_879458_repair_second_family_llama_locked_scale_generation_879555_raw/llama3_1_8b_instruct/shards/shard_39,shard_39_block_39,wrong_key,False,0,8,0,16,0,0,0,False,False,3,all
39,/Users/guanjie/Documents/tokenizer_alignment/results/natural_evidence_v2/status/r4_after_879458_repair_second_family_llama_locked_scale_generation_879555_raw/llama3_1_8b_instruct/shards/shard_39,shard_39_block_39,wrong_payload,False,0,8,0,16,0,0,0,False,False,3,all
39,/Users/guanjie/Documents/tokenizer_alignment/results/natural_evidence_v2/status/r4_after_879458_repair_second_family_llama_locked_scale_generation_879555_raw/llama3_1_8b_instruct/shards/shard_39,shard_39_block_39,raw,False,0,8,0,16,0,0,0,False,False,1,all
39,/Users/guanjie/Documents/tokenizer_alignment/results/natural_evidence_v2/status/r4_after_879458_repair_second_family_llama_locked_scale_generation_879555_raw/llama3_1_8b_instruct/shards/shard_39,shard_39_block_39,protected,False,0,8,0,16,0,0,0,False,False,3,none
39,/Users/guanjie/Documents/tokenizer_alignment/results/natural_evidence_v2/status/r4_after_879458_repair_second_family_llama_locked_scale_generation_879555_raw/llama3_1_8b_instruct/shards/shard_39,shard_39_block_39,wrong_key,False,0,8,0,16,0,0,0,False,False,3,none
39,/Users/guanjie/Documents/tokenizer_alignment/results/natural_evidence_v2/status/r4_after_879458_repair_second_family_llama_locked_scale_generation_879555_raw/llama3_1_8b_instruct/shards/shard_39,shard_39_block_39,wrong_payload,False,0,8,0,16,0,0,0,False,False,3,none
39,/Users/guanjie/Documents/tokenizer_alignment/results/natural_evidence_v2/status/r4_after_879458_repair_second_family_llama_locked_scale_generation_879555_raw/llama3_1_8b_instruct/shards/shard_39,shard_39_block_39,raw,False,0,8,0,16,0,0,0,False,False,1,none
40,/Users/guanjie/Documents/tokenizer_alignment/results/natural_evidence_v2/status/r4_after_879458_repair_second_family_llama_locked_scale_generation_879555_raw/llama3_1_8b_instruct/shards/shard_40,shard_40_block_40,protected,False,0,8,0,16,0,0,0,False,False,9,all
40,/Users/guanjie/Documents/tokenizer_alignment/results/natural_evidence_v2/status/r4_after_879458_repair_second_family_llama_locked_scale_generation_879555_raw/llama3_1_8b_instruct/shards/shard_40,shard_40_block_40,wrong_key,False,0,8,0,16,0,0,0,False,False,9,all
40,/Users/guanjie/Documents/tokenizer_alignment/results/natural_evidence_v2/status/r4_after_879458_repair_second_family_llama_locked_scale_generation_879555_raw/llama3_1_8b_instruct/shards/shard_40,shard_40_block_40,wrong_payload,False,0,8,0,16,0,0,0,False,False,9,all
40,/Users/guanjie/Documents/tokenizer_alignment/results/natural_evidence_v2/status/r4_after_879458_repair_second_family_llama_locked_scale_generation_879555_raw/llama3_1_8b_instruct/shards/shard_40,shard_40_block_40,raw,False,0,8,0,16,0,0,0,False,False,3,all
40,/Users/guanjie/Documents/tokenizer_alignment/results/natural_evidence_v2/status/r4_after_879458_repair_second_family_llama_locked_scale_generation_879555_raw/llama3_1_8b_instruct/shards/shard_40,shard_40_block_40,protected,False,0,8,0,16,0,0,0,False,False,9,none
40,/Users/guanjie/Documents/tokenizer_alignment/results/natural_evidence_v2/status/r4_after_879458_repair_second_family_llama_locked_scale_generation_879555_raw/llama3_1_8b_instruct/shards/shard_40,shard_40_block_40,wrong_key,False,0,8,0,16,0,0,0,False,False,9,none
40,/Users/guanjie/Documents/tokenizer_alignment/results/natural_evidence_v2/status/r4_after_879458_repair_second_family_llama_locked_scale_generation_879555_raw/llama3_1_8b_instruct/shards/shard_40,shard_40_block_40,wrong_payload,False,0,8,0,16,0,0,0,False,False,9,none
40,/Users/guanjie/Documents/tokenizer_alignment/results/natural_evidence_v2/status/r4_after_879458_repair_second_family_llama_locked_scale_generation_879555_raw/llama3_1_8b_instruct/shards/shard_40,shard_40_block_40,raw,False,0,8,0,16,0,0,0,False,False,3,none
41,/Users/guanjie/Documents/tokenizer_alignment/results/natural_evidence_v2/status/r4_after_879458_repair_second_family_llama_locked_scale_generation_879555_raw/llama3_1_8b_instruct/shards/shard_41,shard_41_block_41,protected,False,0,8,0,16,0,0,0,False,False,4,all
41,/Users/guanjie/Documents/tokenizer_alignment/results/natural_evidence_v2/status/r4_after_879458_repair_second_family_llama_locked_scale_generation_879555_raw/llama3_1_8b_instruct/shards/shard_41,shard_41_block_41,wrong_key,False,0,8,0,16,0,0,0,False,False,4,all
41,/Users/guanjie/Documents/tokenizer_alignment/results/natural_evidence_v2/status/r4_after_879458_repair_second_family_llama_locked_scale_generation_879555_raw/llama3_1_8b_instruct/shards/shard_41,shard_41_block_41,wrong_payload,False,0,8,0,16,0,0,0,False,False,4,all
41,/Users/guanjie/Documents/tokenizer_alignment/results/natural_evidence_v2/status/r4_after_879458_repair_second_family_llama_locked_scale_generation_879555_raw/llama3_1_8b_instruct/shards/shard_41,shard_41_block_41,raw,False,0,8,0,16,0,0,0,False,False,3,all
41,/Users/guanjie/Documents/tokenizer_alignment/results/natural_evidence_v2/status/r4_after_879458_repair_second_family_llama_locked_scale_generation_879555_raw/llama3_1_8b_instruct/shards/shard_41,shard_41_block_41,protected,False,0,8,0,16,0,0,0,False,False,4,none
41,/Users/guanjie/Documents/tokenizer_alignment/results/natural_evidence_v2/status/r4_after_879458_repair_second_family_llama_locked_scale_generation_879555_raw/llama3_1_8b_instruct/shards/shard_41,shard_41_block_41,wrong_key,False,0,8,0,16,0,0,0,False,False,4,none
41,/Users/guanjie/Documents/tokenizer_alignment/results/natural_evidence_v2/status/r4_after_879458_repair_second_family_llama_locked_scale_generation_879555_raw/llama3_1_8b_instruct/shards/shard_41,shard_41_block_41,wrong_payload,False,0,8,0,16,0,0,0,False,False,4,none
41,/Users/guanjie/Documents/tokenizer_alignment/results/natural_evidence_v2/status/r4_after_879458_repair_second_family_llama_locked_scale_generation_879555_raw/llama3_1_8b_instruct/shards/shard_41,shard_41_block_41,raw,False,0,8,0,16,0,0,0,False,False,3,none
42,/Users/guanjie/Documents/tokenizer_alignment/results/natural_evidence_v2/status/r4_after_879458_repair_second_family_llama_locked_scale_generation_879555_raw/llama3_1_8b_instruct/shards/shard_42,shard_42_block_42,protected,False,0,8,0,16,0,0,0,False,False,6,all
42,/Users/guanjie/Documents/tokenizer_alignment/results/natural_evidence_v2/status/r4_after_879458_repair_second_family_llama_locked_scale_generation_879555_raw/llama3_1_8b_instruct/shards/shard_42,shard_42_block_42,wrong_key,False,0,8,0,16,0,0,0,False,False,6,all
42,/Users/guanjie/Documents/tokenizer_alignment/results/natural_evidence_v2/status/r4_after_879458_repair_second_family_llama_locked_scale_generation_879555_raw/llama3_1_8b_instruct/shards/shard_42,shard_42_block_42,wrong_payload,False,0,8,0,16,0,0,0,False,False,6,all
42,/Users/guanjie/Documents/tokenizer_alignment/results/natural_evidence_v2/status/r4_after_879458_repair_second_family_llama_locked_scale_generation_879555_raw/llama3_1_8b_instruct/shards/shard_42,shard_42_block_42,raw,False,0,8,0,16,0,0,0,False,False,4,all
42,/Users/guanjie/Documents/tokenizer_alignment/results/natural_evidence_v2/status/r4_after_879458_repair_second_family_llama_locked_scale_generation_879555_raw/llama3_1_8b_instruct/shards/shard_42,shard_42_block_42,protected,False,0,8,0,16,0,0,0,False,False,6,none
42,/Users/guanjie/Documents/tokenizer_alignment/results/natural_evidence_v2/status/r4_after_879458_repair_second_family_llama_locked_scale_generation_879555_raw/llama3_1_8b_instruct/shards/shard_42,shard_42_block_42,wrong_key,False,0,8,0,16,0,0,0,False,False,6,none
42,/Users/guanjie/Documents/tokenizer_alignment/results/natural_evidence_v2/status/r4_after_879458_repair_second_family_llama_locked_scale_generation_879555_raw/llama3_1_8b_instruct/shards/shard_42,shard_42_block_42,wrong_payload,False,0,8,0,16,0,0,0,False,False,6,none
42,/Users/guanjie/Documents/tokenizer_alignment/results/natural_evidence_v2/status/r4_after_879458_repair_second_family_llama_locked_scale_generation_879555_raw/llama3_1_8b_instruct/shards/shard_42,shard_42_block_42,raw,False,0,8,0,16,0,0,0,False,False,4,none
43,/Users/guanjie/Documents/tokenizer_alignment/results/natural_evidence_v2/status/r4_after_879458_repair_second_family_llama_locked_scale_generation_879555_raw/llama3_1_8b_instruct/shards/shard_43,shard_43_block_43,protected,False,0,8,0,16,0,0,0,False,False,2,all
43,/Users/guanjie/Documents/tokenizer_alignment/results/natural_evidence_v2/status/r4_after_879458_repair_second_family_llama_locked_scale_generation_879555_raw/llama3_1_8b_instruct/shards/shard_43,shard_43_block_43,wrong_key,False,0,8,0,16,0,0,0,False,False,2,all
43,/Users/guanjie/Documents/tokenizer_alignment/results/natural_evidence_v2/status/r4_after_879458_repair_second_family_llama_locked_scale_generation_879555_raw/llama3_1_8b_instruct/shards/shard_43,shard_43_block_43,wrong_payload,False,0,8,0,16,0,0,0,False,False,2,all
43,/Users/guanjie/Documents/tokenizer_alignment/results/natural_evidence_v2/status/r4_after_879458_repair_second_family_llama_locked_scale_generation_879555_raw/llama3_1_8b_instruct/shards/shard_43,shard_43_block_43,raw,False,0,8,0,16,0,0,0,False,False,5,all
43,/Users/guanjie/Documents/tokenizer_alignment/results/natural_evidence_v2/status/r4_after_879458_repair_second_family_llama_locked_scale_generation_879555_raw/llama3_1_8b_instruct/shards/shard_43,shard_43_block_43,protected,False,0,8,0,16,0,0,0,False,False,2,none
43,/Users/guanjie/Documents/tokenizer_alignment/results/natural_evidence_v2/status/r4_after_879458_repair_second_family_llama_locked_scale_generation_879555_raw/llama3_1_8b_instruct/shards/shard_43,shard_43_block_43,wrong_key,False,0,8,0,16,0,0,0,False,False,2,none
43,/Users/guanjie/Documents/tokenizer_alignment/results/natural_evidence_v2/status/r4_after_879458_repair_second_family_llama_locked_scale_generation_879555_raw/llama3_1_8b_instruct/shards/shard_43,shard_43_block_43,wrong_payload,False,0,8,0,16,0,0,0,False,False,2,none
43,/Users/guanjie/Documents/tokenizer_alignment/results/natural_evidence_v2/status/r4_after_879458_repair_second_family_llama_locked_scale_generation_879555_raw/llama3_1_8b_instruct/shards/shard_43,shard_43_block_43,raw,False,0,8,0,16,0,0,0,False,False,5,none
44,/Users/guanjie/Documents/tokenizer_alignment/results/natural_evidence_v2/status/r4_after_879458_repair_second_family_llama_locked_scale_generation_879555_raw/llama3_1_8b_instruct/shards/shard_44,shard_44_block_44,protected,False,0,8,0,16,0,0,0,False,False,2,all
44,/Users/guanjie/Documents/tokenizer_alignment/results/natural_evidence_v2/status/r4_after_879458_repair_second_family_llama_locked_scale_generation_879555_raw/llama3_1_8b_instruct/shards/shard_44,shard_44_block_44,wrong_key,False,0,8,0,16,0,0,0,False,False,2,all
44,/Users/guanjie/Documents/tokenizer_alignment/results/natural_evidence_v2/status/r4_after_879458_repair_second_family_llama_locked_scale_generation_879555_raw/llama3_1_8b_instruct/shards/shard_44,shard_44_block_44,wrong_payload,False,0,8,0,16,0,0,0,False,False,2,all
44,/Users/guanjie/Documents/tokenizer_alignment/results/natural_evidence_v2/status/r4_after_879458_repair_second_family_llama_locked_scale_generation_879555_raw/llama3_1_8b_instruct/shards/shard_44,shard_44_block_44,raw,False,0,8,0,16,0,0,0,False,False,1,all
44,/Users/guanjie/Documents/tokenizer_alignment/results/natural_evidence_v2/status/r4_after_879458_repair_second_family_llama_locked_scale_generation_879555_raw/llama3_1_8b_instruct/shards/shard_44,shard_44_block_44,protected,False,0,8,0,16,0,0,0,False,False,2,none
44,/Users/guanjie/Documents/tokenizer_alignment/results/natural_evidence_v2/status/r4_after_879458_repair_second_family_llama_locked_scale_generation_879555_raw/llama3_1_8b_instruct/shards/shard_44,shard_44_block_44,wrong_key,False,0,8,0,16,0,0,0,False,False,2,none
44,/Users/guanjie/Documents/tokenizer_alignment/results/natural_evidence_v2/status/r4_after_879458_repair_second_family_llama_locked_scale_generation_879555_raw/llama3_1_8b_instruct/shards/shard_44,shard_44_block_44,wrong_payload,False,0,8,0,16,0,0,0,False,False,2,none
44,/Users/guanjie/Documents/tokenizer_alignment/results/natural_evidence_v2/status/r4_after_879458_repair_second_family_llama_locked_scale_generation_879555_raw/llama3_1_8b_instruct/shards/shard_44,shard_44_block_44,raw,False,0,8,0,16,0,0,0,False,False,1,none
45,/Users/guanjie/Documents/tokenizer_alignment/results/natural_evidence_v2/status/r4_after_879458_repair_second_family_llama_locked_scale_generation_879555_raw/llama3_1_8b_instruct/shards/shard_45,shard_45_block_45,protected,False,0,8,0,16,0,0,0,False,False,0,all
45,/Users/guanjie/Documents/tokenizer_alignment/results/natural_evidence_v2/status/r4_after_879458_repair_second_family_llama_locked_scale_generation_879555_raw/llama3_1_8b_instruct/shards/shard_45,shard_45_block_45,wrong_key,False,0,8,0,16,0,0,0,False,False,0,all
45,/Users/guanjie/Documents/tokenizer_alignment/results/natural_evidence_v2/status/r4_after_879458_repair_second_family_llama_locked_scale_generation_879555_raw/llama3_1_8b_instruct/shards/shard_45,shard_45_block_45,wrong_payload,False,0,8,0,16,0,0,0,False,False,0,all
45,/Users/guanjie/Documents/tokenizer_alignment/results/natural_evidence_v2/status/r4_after_879458_repair_second_family_llama_locked_scale_generation_879555_raw/llama3_1_8b_instruct/shards/shard_45,shard_45_block_45,raw,False,0,8,0,16,0,0,0,False,False,0,all
45,/Users/guanjie/Documents/tokenizer_alignment/results/natural_evidence_v2/status/r4_after_879458_repair_second_family_llama_locked_scale_generation_879555_raw/llama3_1_8b_instruct/shards/shard_45,shard_45_block_45,protected,False,0,8,0,16,0,0,0,False,False,0,none
45,/Users/guanjie/Documents/tokenizer_alignment/results/natural_evidence_v2/status/r4_after_879458_repair_second_family_llama_locked_scale_generation_879555_raw/llama3_1_8b_instruct/shards/shard_45,shard_45_block_45,wrong_key,False,0,8,0,16,0,0,0,False,False,0,none
45,/Users/guanjie/Documents/tokenizer_alignment/results/natural_evidence_v2/status/r4_after_879458_repair_second_family_llama_locked_scale_generation_879555_raw/llama3_1_8b_instruct/shards/shard_45,shard_45_block_45,wrong_payload,False,0,8,0,16,0,0,0,False,False,0,none
45,/Users/guanjie/Documents/tokenizer_alignment/results/natural_evidence_v2/status/r4_after_879458_repair_second_family_llama_locked_scale_generation_879555_raw/llama3_1_8b_instruct/shards/shard_45,shard_45_block_45,raw,False,0,8,0,16,0,0,0,False,False,0,none
46,/Users/guanjie/Documents/tokenizer_alignment/results/natural_evidence_v2/status/r4_after_879458_repair_second_family_llama_locked_scale_generation_879555_raw/llama3_1_8b_instruct/shards/shard_46,shard_46_block_46,protected,False,0,8,0,16,0,0,0,False,False,3,all
46,/Users/guanjie/Documents/tokenizer_alignment/results/natural_evidence_v2/status/r4_after_879458_repair_second_family_llama_locked_scale_generation_879555_raw/llama3_1_8b_instruct/shards/shard_46,shard_46_block_46,wrong_key,False,0,8,0,16,0,0,0,False,False,3,all
46,/Users/guanjie/Documents/tokenizer_alignment/results/natural_evidence_v2/status/r4_after_879458_repair_second_family_llama_locked_scale_generation_879555_raw/llama3_1_8b_instruct/shards/shard_46,shard_46_block_46,wrong_payload,False,0,8,0,16,0,0,0,False,False,3,all
46,/Users/guanjie/Documents/tokenizer_alignment/results/natural_evidence_v2/status/r4_after_879458_repair_second_family_llama_locked_scale_generation_879555_raw/llama3_1_8b_instruct/shards/shard_46,shard_46_block_46,raw,False,0,8,0,16,0,0,0,False,False,2,all
46,/Users/guanjie/Documents/tokenizer_alignment/results/natural_evidence_v2/status/r4_after_879458_repair_second_family_llama_locked_scale_generation_879555_raw/llama3_1_8b_instruct/shards/shard_46,shard_46_block_46,protected,False,0,8,0,16,0,0,0,False,False,3,none
46,/Users/guanjie/Documents/tokenizer_alignment/results/natural_evidence_v2/status/r4_after_879458_repair_second_family_llama_locked_scale_generation_879555_raw/llama3_1_8b_instruct/shards/shard_46,shard_46_block_46,wrong_key,False,0,8,0,16,0,0,0,False,False,3,none
46,/Users/guanjie/Documents/tokenizer_alignment/results/natural_evidence_v2/status/r4_after_879458_repair_second_family_llama_locked_scale_generation_879555_raw/llama3_1_8b_instruct/shards/shard_46,shard_46_block_46,wrong_payload,False,0,8,0,16,0,0,0,False,False,3,none
46,/Users/guanjie/Documents/tokenizer_alignment/results/natural_evidence_v2/status/r4_after_879458_repair_second_family_llama_locked_scale_generation_879555_raw/llama3_1_8b_instruct/shards/shard_46,shard_46_block_46,raw,False,0,8,0,16,0,0,0,False,False,2,none
47,/Users/guanjie/Documents/tokenizer_alignment/results/natural_evidence_v2/status/r4_after_879458_repair_second_family_llama_locked_scale_generation_879555_raw/llama3_1_8b_instruct/shards/shard_47,shard_47_block_47,protected,False,0,8,0,16,0,0,0,False,False,0,all
47,/Users/guanjie/Documents/tokenizer_alignment/results/natural_evidence_v2/status/r4_after_879458_repair_second_family_llama_locked_scale_generation_879555_raw/llama3_1_8b_instruct/shards/shard_47,shard_47_block_47,wrong_key,False,0,8,0,16,0,0,0,False,False,0,all
47,/Users/guanjie/Documents/tokenizer_alignment/results/natural_evidence_v2/status/r4_after_879458_repair_second_family_llama_locked_scale_generation_879555_raw/llama3_1_8b_instruct/shards/shard_47,shard_47_block_47,wrong_payload,False,0,8,0,16,0,0,0,False,False,0,all
47,/Users/guanjie/Documents/tokenizer_alignment/results/natural_evidence_v2/status/r4_after_879458_repair_second_family_llama_locked_scale_generation_879555_raw/llama3_1_8b_instruct/shards/shard_47,shard_47_block_47,raw,False,0,8,0,16,0,0,0,False,False,1,all
47,/Users/guanjie/Documents/tokenizer_alignment/results/natural_evidence_v2/status/r4_after_879458_repair_second_family_llama_locked_scale_generation_879555_raw/llama3_1_8b_instruct/shards/shard_47,shard_47_block_47,protected,False,0,8,0,16,0,0,0,False,False,0,none
47,/Users/guanjie/Documents/tokenizer_alignment/results/natural_evidence_v2/status/r4_after_879458_repair_second_family_llama_locked_scale_generation_879555_raw/llama3_1_8b_instruct/shards/shard_47,shard_47_block_47,wrong_key,False,0,8,0,16,0,0,0,False,False,0,none
47,/Users/guanjie/Documents/tokenizer_alignment/results/natural_evidence_v2/status/r4_after_879458_repair_second_family_llama_locked_scale_generation_879555_raw/llama3_1_8b_instruct/shards/shard_47,shard_47_block_47,wrong_payload,False,0,8,0,16,0,0,0,False,False,0,none
47,/Users/guanjie/Documents/tokenizer_alignment/results/natural_evidence_v2/status/r4_after_879458_repair_second_family_llama_locked_scale_generation_879555_raw/llama3_1_8b_instruct/shards/shard_47,shard_47_block_47,raw,False,0,8,0,16,0,0,0,False,False,1,none
48,/Users/guanjie/Documents/tokenizer_alignment/results/natural_evidence_v2/status/r4_after_879458_repair_second_family_llama_locked_scale_generation_879555_raw/llama3_1_8b_instruct/shards/shard_48,shard_48_block_48,protected,False,0,8,0,16,0,0,0,False,False,2,all
48,/Users/guanjie/Documents/tokenizer_alignment/results/natural_evidence_v2/status/r4_after_879458_repair_second_family_llama_locked_scale_generation_879555_raw/llama3_1_8b_instruct/shards/shard_48,shard_48_block_48,wrong_key,False,0,8,0,16,0,0,0,False,False,2,all
48,/Users/guanjie/Documents/tokenizer_alignment/results/natural_evidence_v2/status/r4_after_879458_repair_second_family_llama_locked_scale_generation_879555_raw/llama3_1_8b_instruct/shards/shard_48,shard_48_block_48,wrong_payload,False,0,8,0,16,0,0,0,False,False,2,all
48,/Users/guanjie/Documents/tokenizer_alignment/results/natural_evidence_v2/status/r4_after_879458_repair_second_family_llama_locked_scale_generation_879555_raw/llama3_1_8b_instruct/shards/shard_48,shard_48_block_48,raw,False,0,8,0,16,0,0,0,False,False,1,all
48,/Users/guanjie/Documents/tokenizer_alignment/results/natural_evidence_v2/status/r4_after_879458_repair_second_family_llama_locked_scale_generation_879555_raw/llama3_1_8b_instruct/shards/shard_48,shard_48_block_48,protected,False,0,8,0,16,0,0,0,False,False,2,none
48,/Users/guanjie/Documents/tokenizer_alignment/results/natural_evidence_v2/status/r4_after_879458_repair_second_family_llama_locked_scale_generation_879555_raw/llama3_1_8b_instruct/shards/shard_48,shard_48_block_48,wrong_key,False,0,8,0,16,0,0,0,False,False,2,none
48,/Users/guanjie/Documents/tokenizer_alignment/results/natural_evidence_v2/status/r4_after_879458_repair_second_family_llama_locked_scale_generation_879555_raw/llama3_1_8b_instruct/shards/shard_48,shard_48_block_48,wrong_payload,False,0,8,0,16,0,0,0,False,False,2,none
48,/Users/guanjie/Documents/tokenizer_alignment/results/natural_evidence_v2/status/r4_after_879458_repair_second_family_llama_locked_scale_generation_879555_raw/llama3_1_8b_instruct/shards/shard_48,shard_48_block_48,raw,False,0,8,0,16,0,0,0,False,False,1,none
49,/Users/guanjie/Documents/tokenizer_alignment/results/natural_evidence_v2/status/r4_after_879458_repair_second_family_llama_locked_scale_generation_879555_raw/llama3_1_8b_instruct/shards/shard_49,shard_49_block_49,protected,False,0,8,0,16,0,0,0,False,False,2,all
49,/Users/guanjie/Documents/tokenizer_alignment/results/natural_evidence_v2/status/r4_after_879458_repair_second_family_llama_locked_scale_generation_879555_raw/llama3_1_8b_instruct/shards/shard_49,shard_49_block_49,wrong_key,False,0,8,0,16,0,0,0,False,False,2,all
49,/Users/guanjie/Documents/tokenizer_alignment/results/natural_evidence_v2/status/r4_after_879458_repair_second_family_llama_locked_scale_generation_879555_raw/llama3_1_8b_instruct/shards/shard_49,shard_49_block_49,wrong_payload,False,0,8,0,16,0,0,0,False,False,2,all
49,/Users/guanjie/Documents/tokenizer_alignment/results/natural_evidence_v2/status/r4_after_879458_repair_second_family_llama_locked_scale_generation_879555_raw/llama3_1_8b_instruct/shards/shard_49,shard_49_block_49,raw,False,0,8,0,16,0,0,0,False,False,3,all
49,/Users/guanjie/Documents/tokenizer_alignment/results/natural_evidence_v2/status/r4_after_879458_repair_second_family_llama_locked_scale_generation_879555_raw/llama3_1_8b_instruct/shards/shard_49,shard_49_block_49,protected,False,0,8,0,16,0,0,0,False,False,2,none
49,/Users/guanjie/Documents/tokenizer_alignment/results/natural_evidence_v2/status/r4_after_879458_repair_second_family_llama_locked_scale_generation_879555_raw/llama3_1_8b_instruct/shards/shard_49,shard_49_block_49,wrong_key,False,0,8,0,16,0,0,0,False,False,2,none
49,/Users/guanjie/Documents/tokenizer_alignment/results/natural_evidence_v2/status/r4_after_879458_repair_second_family_llama_locked_scale_generation_879555_raw/llama3_1_8b_instruct/shards/shard_49,shard_49_block_49,wrong_payload,False,0,8,0,16,0,0,0,False,False,2,none
49,/Users/guanjie/Documents/tokenizer_alignment/results/natural_evidence_v2/status/r4_after_879458_repair_second_family_llama_locked_scale_generation_879555_raw/llama3_1_8b_instruct/shards/shard_49,shard_49_block_49,raw,False,0,8,0,16,0,0,0,False,False,3,none
50,/Users/guanjie/Documents/tokenizer_alignment/results/natural_evidence_v2/status/r4_after_879458_repair_second_family_llama_locked_scale_generation_879555_raw/llama3_1_8b_instruct/shards/shard_50,shard_50_block_50,protected,False,0,8,0,16,0,0,0,False,False,2,all
50,/Users/guanjie/Documents/tokenizer_alignment/results/natural_evidence_v2/status/r4_after_879458_repair_second_family_llama_locked_scale_generation_879555_raw/llama3_1_8b_instruct/shards/shard_50,shard_50_block_50,wrong_key,False,0,8,0,16,0,0,0,False,False,2,all
50,/Users/guanjie/Documents/tokenizer_alignment/results/natural_evidence_v2/status/r4_after_879458_repair_second_family_llama_locked_scale_generation_879555_raw/llama3_1_8b_instruct/shards/shard_50,shard_50_block_50,wrong_payload,False,0,8,0,16,0,0,0,False,False,2,all
50,/Users/guanjie/Documents/tokenizer_alignment/results/natural_evidence_v2/status/r4_after_879458_repair_second_family_llama_locked_scale_generation_879555_raw/llama3_1_8b_instruct/shards/shard_50,shard_50_block_50,raw,False,0,8,0,16,0,0,0,False,False,3,all
50,/Users/guanjie/Documents/tokenizer_alignment/results/natural_evidence_v2/status/r4_after_879458_repair_second_family_llama_locked_scale_generation_879555_raw/llama3_1_8b_instruct/shards/shard_50,shard_50_block_50,protected,False,0,8,0,16,0,0,0,False,False,2,none
50,/Users/guanjie/Documents/tokenizer_alignment/results/natural_evidence_v2/status/r4_after_879458_repair_second_family_llama_locked_scale_generation_879555_raw/llama3_1_8b_instruct/shards/shard_50,shard_50_block_50,wrong_key,False,0,8,0,16,0,0,0,False,False,2,none
50,/Users/guanjie/Documents/tokenizer_alignment/results/natural_evidence_v2/status/r4_after_879458_repair_second_family_llama_locked_scale_generation_879555_raw/llama3_1_8b_instruct/shards/shard_50,shard_50_block_50,wrong_payload,False,0,8,0,16,0,0,0,False,False,2,none
50,/Users/guanjie/Documents/tokenizer_alignment/results/natural_evidence_v2/status/r4_after_879458_repair_second_family_llama_locked_scale_generation_879555_raw/llama3_1_8b_instruct/shards/shard_50,shard_50_block_50,raw,False,0,8,0,16,0,0,0,False,False,3,none
51,/Users/guanjie/Documents/tokenizer_alignment/results/natural_evidence_v2/status/r4_after_879458_repair_second_family_llama_locked_scale_generation_879555_raw/llama3_1_8b_instruct/shards/shard_51,shard_51_block_51,protected,False,0,8,0,16,0,0,0,False,False,6,all
51,/Users/guanjie/Documents/tokenizer_alignment/results/natural_evidence_v2/status/r4_after_879458_repair_second_family_llama_locked_scale_generation_879555_raw/llama3_1_8b_instruct/shards/shard_51,shard_51_block_51,wrong_key,False,0,8,0,16,0,0,0,False,False,6,all
51,/Users/guanjie/Documents/tokenizer_alignment/results/natural_evidence_v2/status/r4_after_879458_repair_second_family_llama_locked_scale_generation_879555_raw/llama3_1_8b_instruct/shards/shard_51,shard_51_block_51,wrong_payload,False,0,8,0,16,0,0,0,False,False,6,all
51,/Users/guanjie/Documents/tokenizer_alignment/results/natural_evidence_v2/status/r4_after_879458_repair_second_family_llama_locked_scale_generation_879555_raw/llama3_1_8b_instruct/shards/shard_51,shard_51_block_51,raw,False,0,8,0,16,0,0,0,False,False,7,all
51,/Users/guanjie/Documents/tokenizer_alignment/results/natural_evidence_v2/status/r4_after_879458_repair_second_family_llama_locked_scale_generation_879555_raw/llama3_1_8b_instruct/shards/shard_51,shard_51_block_51,protected,False,0,8,0,16,0,0,0,False,False,6,none
51,/Users/guanjie/Documents/tokenizer_alignment/results/natural_evidence_v2/status/r4_after_879458_repair_second_family_llama_locked_scale_generation_879555_raw/llama3_1_8b_instruct/shards/shard_51,shard_51_block_51,wrong_key,False,0,8,0,16,0,0,0,False,False,6,none
51,/Users/guanjie/Documents/tokenizer_alignment/results/natural_evidence_v2/status/r4_after_879458_repair_second_family_llama_locked_scale_generation_879555_raw/llama3_1_8b_instruct/shards/shard_51,shard_51_block_51,wrong_payload,False,0,8,0,16,0,0,0,False,False,6,none
51,/Users/guanjie/Documents/tokenizer_alignment/results/natural_evidence_v2/status/r4_after_879458_repair_second_family_llama_locked_scale_generation_879555_raw/llama3_1_8b_instruct/shards/shard_51,shard_51_block_51,raw,False,0,8,0,16,0,0,0,False,False,7,none
52,/Users/guanjie/Documents/tokenizer_alignment/results/natural_evidence_v2/status/r4_after_879458_repair_second_family_llama_locked_scale_generation_879555_raw/llama3_1_8b_instruct/shards/shard_52,shard_52_block_52,protected,False,0,8,0,16,0,0,0,False,False,3,all
52,/Users/guanjie/Documents/tokenizer_alignment/results/natural_evidence_v2/status/r4_after_879458_repair_second_family_llama_locked_scale_generation_879555_raw/llama3_1_8b_instruct/shards/shard_52,shard_52_block_52,wrong_key,False,0,8,0,16,0,0,0,False,False,3,all
52,/Users/guanjie/Documents/tokenizer_alignment/results/natural_evidence_v2/status/r4_after_879458_repair_second_family_llama_locked_scale_generation_879555_raw/llama3_1_8b_instruct/shards/shard_52,shard_52_block_52,wrong_payload,False,0,8,0,16,0,0,0,False,False,3,all
52,/Users/guanjie/Documents/tokenizer_alignment/results/natural_evidence_v2/status/r4_after_879458_repair_second_family_llama_locked_scale_generation_879555_raw/llama3_1_8b_instruct/shards/shard_52,shard_52_block_52,raw,False,0,8,0,16,0,0,0,False,False,8,all
52,/Users/guanjie/Documents/tokenizer_alignment/results/natural_evidence_v2/status/r4_after_879458_repair_second_family_llama_locked_scale_generation_879555_raw/llama3_1_8b_instruct/shards/shard_52,shard_52_block_52,protected,False,0,8,0,16,0,0,0,False,False,3,none
52,/Users/guanjie/Documents/tokenizer_alignment/results/natural_evidence_v2/status/r4_after_879458_repair_second_family_llama_locked_scale_generation_879555_raw/llama3_1_8b_instruct/shards/shard_52,shard_52_block_52,wrong_key,False,0,8,0,16,0,0,0,False,False,3,none
52,/Users/guanjie/Documents/tokenizer_alignment/results/natural_evidence_v2/status/r4_after_879458_repair_second_family_llama_locked_scale_generation_879555_raw/llama3_1_8b_instruct/shards/shard_52,shard_52_block_52,wrong_payload,False,0,8,0,16,0,0,0,False,False,3,none
52,/Users/guanjie/Documents/tokenizer_alignment/results/natural_evidence_v2/status/r4_after_879458_repair_second_family_llama_locked_scale_generation_879555_raw/llama3_1_8b_instruct/shards/shard_52,shard_52_block_52,raw,False,0,8,0,16,0,0,0,False,False,8,none
53,/Users/guanjie/Documents/tokenizer_alignment/results/natural_evidence_v2/status/r4_after_879458_repair_second_family_llama_locked_scale_generation_879555_raw/llama3_1_8b_instruct/shards/shard_53,shard_53_block_53,protected,False,0,8,0,16,0,0,0,False,False,2,all
53,/Users/guanjie/Documents/tokenizer_alignment/results/natural_evidence_v2/status/r4_after_879458_repair_second_family_llama_locked_scale_generation_879555_raw/llama3_1_8b_instruct/shards/shard_53,shard_53_block_53,wrong_key,False,0,8,0,16,0,0,0,False,False,2,all
53,/Users/guanjie/Documents/tokenizer_alignment/results/natural_evidence_v2/status/r4_after_879458_repair_second_family_llama_locked_scale_generation_879555_raw/llama3_1_8b_instruct/shards/shard_53,shard_53_block_53,wrong_payload,False,0,8,0,16,0,0,0,False,False,2,all
53,/Users/guanjie/Documents/tokenizer_alignment/results/natural_evidence_v2/status/r4_after_879458_repair_second_family_llama_locked_scale_generation_879555_raw/llama3_1_8b_instruct/shards/shard_53,shard_53_block_53,raw,False,0,8,0,16,0,0,0,False,False,4,all
53,/Users/guanjie/Documents/tokenizer_alignment/results/natural_evidence_v2/status/r4_after_879458_repair_second_family_llama_locked_scale_generation_879555_raw/llama3_1_8b_instruct/shards/shard_53,shard_53_block_53,protected,False,0,8,0,16,0,0,0,False,False,2,none
53,/Users/guanjie/Documents/tokenizer_alignment/results/natural_evidence_v2/status/r4_after_879458_repair_second_family_llama_locked_scale_generation_879555_raw/llama3_1_8b_instruct/shards/shard_53,shard_53_block_53,wrong_key,False,0,8,0,16,0,0,0,False,False,2,none
53,/Users/guanjie/Documents/tokenizer_alignment/results/natural_evidence_v2/status/r4_after_879458_repair_second_family_llama_locked_scale_generation_879555_raw/llama3_1_8b_instruct/shards/shard_53,shard_53_block_53,wrong_payload,False,0,8,0,16,0,0,0,False,False,2,none
53,/Users/guanjie/Documents/tokenizer_alignment/results/natural_evidence_v2/status/r4_after_879458_repair_second_family_llama_locked_scale_generation_879555_raw/llama3_1_8b_instruct/shards/shard_53,shard_53_block_53,raw,False,0,8,0,16,0,0,0,False,False,4,none
54,/Users/guanjie/Documents/tokenizer_alignment/results/natural_evidence_v2/status/r4_after_879458_repair_second_family_llama_locked_scale_generation_879555_raw/llama3_1_8b_instruct/shards/shard_54,shard_54_block_54,protected,False,0,8,0,16,0,0,0,False,False,0,all
54,/Users/guanjie/Documents/tokenizer_alignment/results/natural_evidence_v2/status/r4_after_879458_repair_second_family_llama_locked_scale_generation_879555_raw/llama3_1_8b_instruct/shards/shard_54,shard_54_block_54,wrong_key,False,0,8,0,16,0,0,0,False,False,0,all
54,/Users/guanjie/Documents/tokenizer_alignment/results/natural_evidence_v2/status/r4_after_879458_repair_second_family_llama_locked_scale_generation_879555_raw/llama3_1_8b_instruct/shards/shard_54,shard_54_block_54,wrong_payload,False,0,8,0,16,0,0,0,False,False,0,all
54,/Users/guanjie/Documents/tokenizer_alignment/results/natural_evidence_v2/status/r4_after_879458_repair_second_family_llama_locked_scale_generation_879555_raw/llama3_1_8b_instruct/shards/shard_54,shard_54_block_54,raw,False,0,8,0,16,0,0,0,False,False,1,all
54,/Users/guanjie/Documents/tokenizer_alignment/results/natural_evidence_v2/status/r4_after_879458_repair_second_family_llama_locked_scale_generation_879555_raw/llama3_1_8b_instruct/shards/shard_54,shard_54_block_54,protected,False,0,8,0,16,0,0,0,False,False,0,none
54,/Users/guanjie/Documents/tokenizer_alignment/results/natural_evidence_v2/status/r4_after_879458_repair_second_family_llama_locked_scale_generation_879555_raw/llama3_1_8b_instruct/shards/shard_54,shard_54_block_54,wrong_key,False,0,8,0,16,0,0,0,False,False,0,none
54,/Users/guanjie/Documents/tokenizer_alignment/results/natural_evidence_v2/status/r4_after_879458_repair_second_family_llama_locked_scale_generation_879555_raw/llama3_1_8b_instruct/shards/shard_54,shard_54_block_54,wrong_payload,False,0,8,0,16,0,0,0,False,False,0,none
54,/Users/guanjie/Documents/tokenizer_alignment/results/natural_evidence_v2/status/r4_after_879458_repair_second_family_llama_locked_scale_generation_879555_raw/llama3_1_8b_instruct/shards/shard_54,shard_54_block_54,raw,False,0,8,0,16,0,0,0,False,False,1,none
55,/Users/guanjie/Documents/tokenizer_alignment/results/natural_evidence_v2/status/r4_after_879458_repair_second_family_llama_locked_scale_generation_879555_raw/llama3_1_8b_instruct/shards/shard_55,shard_55_block_55,protected,False,0,8,0,16,0,0,0,False,False,2,all
55,/Users/guanjie/Documents/tokenizer_alignment/results/natural_evidence_v2/status/r4_after_879458_repair_second_family_llama_locked_scale_generation_879555_raw/llama3_1_8b_instruct/shards/shard_55,shard_55_block_55,wrong_key,False,0,8,0,16,0,0,0,False,False,2,all
55,/Users/guanjie/Documents/tokenizer_alignment/results/natural_evidence_v2/status/r4_after_879458_repair_second_family_llama_locked_scale_generation_879555_raw/llama3_1_8b_instruct/shards/shard_55,shard_55_block_55,wrong_payload,False,0,8,0,16,0,0,0,False,False,2,all
55,/Users/guanjie/Documents/tokenizer_alignment/results/natural_evidence_v2/status/r4_after_879458_repair_second_family_llama_locked_scale_generation_879555_raw/llama3_1_8b_instruct/shards/shard_55,shard_55_block_55,raw,False,0,8,0,16,0,0,0,False,False,2,all
55,/Users/guanjie/Documents/tokenizer_alignment/results/natural_evidence_v2/status/r4_after_879458_repair_second_family_llama_locked_scale_generation_879555_raw/llama3_1_8b_instruct/shards/shard_55,shard_55_block_55,protected,False,0,8,0,16,0,0,0,False,False,2,none
55,/Users/guanjie/Documents/tokenizer_alignment/results/natural_evidence_v2/status/r4_after_879458_repair_second_family_llama_locked_scale_generation_879555_raw/llama3_1_8b_instruct/shards/shard_55,shard_55_block_55,wrong_key,False,0,8,0,16,0,0,0,False,False,2,none
55,/Users/guanjie/Documents/tokenizer_alignment/results/natural_evidence_v2/status/r4_after_879458_repair_second_family_llama_locked_scale_generation_879555_raw/llama3_1_8b_instruct/shards/shard_55,shard_55_block_55,wrong_payload,False,0,8,0,16,0,0,0,False,False,2,none
55,/Users/guanjie/Documents/tokenizer_alignment/results/natural_evidence_v2/status/r4_after_879458_repair_second_family_llama_locked_scale_generation_879555_raw/llama3_1_8b_instruct/shards/shard_55,shard_55_block_55,raw,False,0,8,0,16,0,0,0,False,False,2,none
56,/Users/guanjie/Documents/tokenizer_alignment/results/natural_evidence_v2/status/r4_after_879458_repair_second_family_llama_locked_scale_generation_879555_raw/llama3_1_8b_instruct/shards/shard_56,shard_56_block_56,protected,False,0,8,0,16,0,0,0,False,False,0,all
56,/Users/guanjie/Documents/tokenizer_alignment/results/natural_evidence_v2/status/r4_after_879458_repair_second_family_llama_locked_scale_generation_879555_raw/llama3_1_8b_instruct/shards/shard_56,shard_56_block_56,wrong_key,False,0,8,0,16,0,0,0,False,False,0,all
56,/Users/guanjie/Documents/tokenizer_alignment/results/natural_evidence_v2/status/r4_after_879458_repair_second_family_llama_locked_scale_generation_879555_raw/llama3_1_8b_instruct/shards/shard_56,shard_56_block_56,wrong_payload,False,0,8,0,16,0,0,0,False,False,0,all
56,/Users/guanjie/Documents/tokenizer_alignment/results/natural_evidence_v2/status/r4_after_879458_repair_second_family_llama_locked_scale_generation_879555_raw/llama3_1_8b_instruct/shards/shard_56,shard_56_block_56,raw,False,0,8,0,16,0,0,0,False,False,1,all
56,/Users/guanjie/Documents/tokenizer_alignment/results/natural_evidence_v2/status/r4_after_879458_repair_second_family_llama_locked_scale_generation_879555_raw/llama3_1_8b_instruct/shards/shard_56,shard_56_block_56,protected,False,0,8,0,16,0,0,0,False,False,0,none
56,/Users/guanjie/Documents/tokenizer_alignment/results/natural_evidence_v2/status/r4_after_879458_repair_second_family_llama_locked_scale_generation_879555_raw/llama3_1_8b_instruct/shards/shard_56,shard_56_block_56,wrong_key,False,0,8,0,16,0,0,0,False,False,0,none
56,/Users/guanjie/Documents/tokenizer_alignment/results/natural_evidence_v2/status/r4_after_879458_repair_second_family_llama_locked_scale_generation_879555_raw/llama3_1_8b_instruct/shards/shard_56,shard_56_block_56,wrong_payload,False,0,8,0,16,0,0,0,False,False,0,none
56,/Users/guanjie/Documents/tokenizer_alignment/results/natural_evidence_v2/status/r4_after_879458_repair_second_family_llama_locked_scale_generation_879555_raw/llama3_1_8b_instruct/shards/shard_56,shard_56_block_56,raw,False,0,8,0,16,0,0,0,False,False,1,none
57,/Users/guanjie/Documents/tokenizer_alignment/results/natural_evidence_v2/status/r4_after_879458_repair_second_family_llama_locked_scale_generation_879555_raw/llama3_1_8b_instruct/shards/shard_57,shard_57_block_57,protected,False,0,8,0,16,0,0,0,False,False,0,all
57,/Users/guanjie/Documents/tokenizer_alignment/results/natural_evidence_v2/status/r4_after_879458_repair_second_family_llama_locked_scale_generation_879555_raw/llama3_1_8b_instruct/shards/shard_57,shard_57_block_57,wrong_key,False,0,8,0,16,0,0,0,False,False,0,all
57,/Users/guanjie/Documents/tokenizer_alignment/results/natural_evidence_v2/status/r4_after_879458_repair_second_family_llama_locked_scale_generation_879555_raw/llama3_1_8b_instruct/shards/shard_57,shard_57_block_57,wrong_payload,False,0,8,0,16,0,0,0,False,False,0,all
57,/Users/guanjie/Documents/tokenizer_alignment/results/natural_evidence_v2/status/r4_after_879458_repair_second_family_llama_locked_scale_generation_879555_raw/llama3_1_8b_instruct/shards/shard_57,shard_57_block_57,raw,False,0,8,0,16,0,0,0,False,False,1,all
57,/Users/guanjie/Documents/tokenizer_alignment/results/natural_evidence_v2/status/r4_after_879458_repair_second_family_llama_locked_scale_generation_879555_raw/llama3_1_8b_instruct/shards/shard_57,shard_57_block_57,protected,False,0,8,0,16,0,0,0,False,False,0,none
57,/Users/guanjie/Documents/tokenizer_alignment/results/natural_evidence_v2/status/r4_after_879458_repair_second_family_llama_locked_scale_generation_879555_raw/llama3_1_8b_instruct/shards/shard_57,shard_57_block_57,wrong_key,False,0,8,0,16,0,0,0,False,False,0,none
57,/Users/guanjie/Documents/tokenizer_alignment/results/natural_evidence_v2/status/r4_after_879458_repair_second_family_llama_locked_scale_generation_879555_raw/llama3_1_8b_instruct/shards/shard_57,shard_57_block_57,wrong_payload,False,0,8,0,16,0,0,0,False,False,0,none
57,/Users/guanjie/Documents/tokenizer_alignment/results/natural_evidence_v2/status/r4_after_879458_repair_second_family_llama_locked_scale_generation_879555_raw/llama3_1_8b_instruct/shards/shard_57,shard_57_block_57,raw,False,0,8,0,16,0,0,0,False,False,1,none
58,/Users/guanjie/Documents/tokenizer_alignment/results/natural_evidence_v2/status/r4_after_879458_repair_second_family_llama_locked_scale_generation_879555_raw/llama3_1_8b_instruct/shards/shard_58,shard_58_block_58,protected,False,0,8,0,16,0,0,0,False,False,1,all
58,/Users/guanjie/Documents/tokenizer_alignment/results/natural_evidence_v2/status/r4_after_879458_repair_second_family_llama_locked_scale_generation_879555_raw/llama3_1_8b_instruct/shards/shard_58,shard_58_block_58,wrong_key,False,0,8,0,16,0,0,0,False,False,1,all
58,/Users/guanjie/Documents/tokenizer_alignment/results/natural_evidence_v2/status/r4_after_879458_repair_second_family_llama_locked_scale_generation_879555_raw/llama3_1_8b_instruct/shards/shard_58,shard_58_block_58,wrong_payload,False,0,8,0,16,0,0,0,False,False,1,all
58,/Users/guanjie/Documents/tokenizer_alignment/results/natural_evidence_v2/status/r4_after_879458_repair_second_family_llama_locked_scale_generation_879555_raw/llama3_1_8b_instruct/shards/shard_58,shard_58_block_58,raw,False,0,8,0,16,0,0,0,False,False,1,all
58,/Users/guanjie/Documents/tokenizer_alignment/results/natural_evidence_v2/status/r4_after_879458_repair_second_family_llama_locked_scale_generation_879555_raw/llama3_1_8b_instruct/shards/shard_58,shard_58_block_58,protected,False,0,8,0,16,0,0,0,False,False,1,none
58,/Users/guanjie/Documents/tokenizer_alignment/results/natural_evidence_v2/status/r4_after_879458_repair_second_family_llama_locked_scale_generation_879555_raw/llama3_1_8b_instruct/shards/shard_58,shard_58_block_58,wrong_key,False,0,8,0,16,0,0,0,False,False,1,none
58,/Users/guanjie/Documents/tokenizer_alignment/results/natural_evidence_v2/status/r4_after_879458_repair_second_family_llama_locked_scale_generation_879555_raw/llama3_1_8b_instruct/shards/shard_58,shard_58_block_58,wrong_payload,False,0,8,0,16,0,0,0,False,False,1,none
58,/Users/guanjie/Documents/tokenizer_alignment/results/natural_evidence_v2/status/r4_after_879458_repair_second_family_llama_locked_scale_generation_879555_raw/llama3_1_8b_instruct/shards/shard_58,shard_58_block_58,raw,False,0,8,0,16,0,0,0,False,False,1,none
59,/Users/guanjie/Documents/tokenizer_alignment/results/natural_evidence_v2/status/r4_after_879458_repair_second_family_llama_locked_scale_generation_879555_raw/llama3_1_8b_instruct/shards/shard_59,shard_59_block_59,protected,False,0,8,0,16,0,0,0,False,False,3,all
59,/Users/guanjie/Documents/tokenizer_alignment/results/natural_evidence_v2/status/r4_after_879458_repair_second_family_llama_locked_scale_generation_879555_raw/llama3_1_8b_instruct/shards/shard_59,shard_59_block_59,wrong_key,False,0,8,0,16,0,0,0,False,False,3,all
59,/Users/guanjie/Documents/tokenizer_alignment/results/natural_evidence_v2/status/r4_after_879458_repair_second_family_llama_locked_scale_generation_879555_raw/llama3_1_8b_instruct/shards/shard_59,shard_59_block_59,wrong_payload,False,0,8,0,16,0,0,0,False,False,3,all
59,/Users/guanjie/Documents/tokenizer_alignment/results/natural_evidence_v2/status/r4_after_879458_repair_second_family_llama_locked_scale_generation_879555_raw/llama3_1_8b_instruct/shards/shard_59,shard_59_block_59,raw,False,0,8,0,16,0,0,0,False,False,3,all
59,/Users/guanjie/Documents/tokenizer_alignment/results/natural_evidence_v2/status/r4_after_879458_repair_second_family_llama_locked_scale_generation_879555_raw/llama3_1_8b_instruct/shards/shard_59,shard_59_block_59,protected,False,0,8,0,16,0,0,0,False,False,3,none
59,/Users/guanjie/Documents/tokenizer_alignment/results/natural_evidence_v2/status/r4_after_879458_repair_second_family_llama_locked_scale_generation_879555_raw/llama3_1_8b_instruct/shards/shard_59,shard_59_block_59,wrong_key,False,0,8,0,16,0,0,0,False,False,3,none
59,/Users/guanjie/Documents/tokenizer_alignment/results/natural_evidence_v2/status/r4_after_879458_repair_second_family_llama_locked_scale_generation_879555_raw/llama3_1_8b_instruct/shards/shard_59,shard_59_block_59,wrong_payload,False,0,8,0,16,0,0,0,False,False,3,none
59,/Users/guanjie/Documents/tokenizer_alignment/results/natural_evidence_v2/status/r4_after_879458_repair_second_family_llama_locked_scale_generation_879555_raw/llama3_1_8b_instruct/shards/shard_59,shard_59_block_59,raw,False,0,8,0,16,0,0,0,False,False,3,none
60,/Users/guanjie/Documents/tokenizer_alignment/results/natural_evidence_v2/status/r4_after_879458_repair_second_family_llama_locked_scale_generation_879555_raw/llama3_1_8b_instruct/shards/shard_60,shard_60_block_60,protected,False,0,8,0,16,0,0,0,False,False,3,all
60,/Users/guanjie/Documents/tokenizer_alignment/results/natural_evidence_v2/status/r4_after_879458_repair_second_family_llama_locked_scale_generation_879555_raw/llama3_1_8b_instruct/shards/shard_60,shard_60_block_60,wrong_key,False,0,8,0,16,0,0,0,False,False,3,all
60,/Users/guanjie/Documents/tokenizer_alignment/results/natural_evidence_v2/status/r4_after_879458_repair_second_family_llama_locked_scale_generation_879555_raw/llama3_1_8b_instruct/shards/shard_60,shard_60_block_60,wrong_payload,False,0,8,0,16,0,0,0,False,False,3,all
60,/Users/guanjie/Documents/tokenizer_alignment/results/natural_evidence_v2/status/r4_after_879458_repair_second_family_llama_locked_scale_generation_879555_raw/llama3_1_8b_instruct/shards/shard_60,shard_60_block_60,raw,False,0,8,0,16,0,0,0,False,False,2,all
60,/Users/guanjie/Documents/tokenizer_alignment/results/natural_evidence_v2/status/r4_after_879458_repair_second_family_llama_locked_scale_generation_879555_raw/llama3_1_8b_instruct/shards/shard_60,shard_60_block_60,protected,False,0,8,0,16,0,0,0,False,False,3,none
60,/Users/guanjie/Documents/tokenizer_alignment/results/natural_evidence_v2/status/r4_after_879458_repair_second_family_llama_locked_scale_generation_879555_raw/llama3_1_8b_instruct/shards/shard_60,shard_60_block_60,wrong_key,False,0,8,0,16,0,0,0,False,False,3,none
60,/Users/guanjie/Documents/tokenizer_alignment/results/natural_evidence_v2/status/r4_after_879458_repair_second_family_llama_locked_scale_generation_879555_raw/llama3_1_8b_instruct/shards/shard_60,shard_60_block_60,wrong_payload,False,0,8,0,16,0,0,0,False,False,3,none
60,/Users/guanjie/Documents/tokenizer_alignment/results/natural_evidence_v2/status/r4_after_879458_repair_second_family_llama_locked_scale_generation_879555_raw/llama3_1_8b_instruct/shards/shard_60,shard_60_block_60,raw,False,0,8,0,16,0,0,0,False,False,2,none
61,/Users/guanjie/Documents/tokenizer_alignment/results/natural_evidence_v2/status/r4_after_879458_repair_second_family_llama_locked_scale_generation_879555_raw/llama3_1_8b_instruct/shards/shard_61,shard_61_block_61,protected,False,0,8,0,16,0,0,0,False,False,1,all
61,/Users/guanjie/Documents/tokenizer_alignment/results/natural_evidence_v2/status/r4_after_879458_repair_second_family_llama_locked_scale_generation_879555_raw/llama3_1_8b_instruct/shards/shard_61,shard_61_block_61,wrong_key,False,0,8,0,16,0,0,0,False,False,1,all
61,/Users/guanjie/Documents/tokenizer_alignment/results/natural_evidence_v2/status/r4_after_879458_repair_second_family_llama_locked_scale_generation_879555_raw/llama3_1_8b_instruct/shards/shard_61,shard_61_block_61,wrong_payload,False,0,8,0,16,0,0,0,False,False,1,all
61,/Users/guanjie/Documents/tokenizer_alignment/results/natural_evidence_v2/status/r4_after_879458_repair_second_family_llama_locked_scale_generation_879555_raw/llama3_1_8b_instruct/shards/shard_61,shard_61_block_61,raw,False,0,8,0,16,0,0,0,False,False,2,all
61,/Users/guanjie/Documents/tokenizer_alignment/results/natural_evidence_v2/status/r4_after_879458_repair_second_family_llama_locked_scale_generation_879555_raw/llama3_1_8b_instruct/shards/shard_61,shard_61_block_61,protected,False,0,8,0,16,0,0,0,False,False,1,none
61,/Users/guanjie/Documents/tokenizer_alignment/results/natural_evidence_v2/status/r4_after_879458_repair_second_family_llama_locked_scale_generation_879555_raw/llama3_1_8b_instruct/shards/shard_61,shard_61_block_61,wrong_key,False,0,8,0,16,0,0,0,False,False,1,none
61,/Users/guanjie/Documents/tokenizer_alignment/results/natural_evidence_v2/status/r4_after_879458_repair_second_family_llama_locked_scale_generation_879555_raw/llama3_1_8b_instruct/shards/shard_61,shard_61_block_61,wrong_payload,False,0,8,0,16,0,0,0,False,False,1,none
61,/Users/guanjie/Documents/tokenizer_alignment/results/natural_evidence_v2/status/r4_after_879458_repair_second_family_llama_locked_scale_generation_879555_raw/llama3_1_8b_instruct/shards/shard_61,shard_61_block_61,raw,False,0,8,0,16,0,0,0,False,False,2,none
62,/Users/guanjie/Documents/tokenizer_alignment/results/natural_evidence_v2/status/r4_after_879458_repair_second_family_llama_locked_scale_generation_879555_raw/llama3_1_8b_instruct/shards/shard_62,shard_62_block_62,protected,False,0,8,0,16,0,0,0,False,False,4,all
62,/Users/guanjie/Documents/tokenizer_alignment/results/natural_evidence_v2/status/r4_after_879458_repair_second_family_llama_locked_scale_generation_879555_raw/llama3_1_8b_instruct/shards/shard_62,shard_62_block_62,wrong_key,False,0,8,0,16,0,0,0,False,False,4,all
62,/Users/guanjie/Documents/tokenizer_alignment/results/natural_evidence_v2/status/r4_after_879458_repair_second_family_llama_locked_scale_generation_879555_raw/llama3_1_8b_instruct/shards/shard_62,shard_62_block_62,wrong_payload,False,0,8,0,16,0,0,0,False,False,4,all
62,/Users/guanjie/Documents/tokenizer_alignment/results/natural_evidence_v2/status/r4_after_879458_repair_second_family_llama_locked_scale_generation_879555_raw/llama3_1_8b_instruct/shards/shard_62,shard_62_block_62,raw,False,0,8,0,16,0,0,0,False,False,1,all
62,/Users/guanjie/Documents/tokenizer_alignment/results/natural_evidence_v2/status/r4_after_879458_repair_second_family_llama_locked_scale_generation_879555_raw/llama3_1_8b_instruct/shards/shard_62,shard_62_block_62,protected,False,0,8,0,16,0,0,0,False,False,4,none
62,/Users/guanjie/Documents/tokenizer_alignment/results/natural_evidence_v2/status/r4_after_879458_repair_second_family_llama_locked_scale_generation_879555_raw/llama3_1_8b_instruct/shards/shard_62,shard_62_block_62,wrong_key,False,0,8,0,16,0,0,0,False,False,4,none
62,/Users/guanjie/Documents/tokenizer_alignment/results/natural_evidence_v2/status/r4_after_879458_repair_second_family_llama_locked_scale_generation_879555_raw/llama3_1_8b_instruct/shards/shard_62,shard_62_block_62,wrong_payload,False,0,8,0,16,0,0,0,False,False,4,none
62,/Users/guanjie/Documents/tokenizer_alignment/results/natural_evidence_v2/status/r4_after_879458_repair_second_family_llama_locked_scale_generation_879555_raw/llama3_1_8b_instruct/shards/shard_62,shard_62_block_62,raw,False,0,8,0,16,0,0,0,False,False,1,none
63,/Users/guanjie/Documents/tokenizer_alignment/results/natural_evidence_v2/status/r4_after_879458_repair_second_family_llama_locked_scale_generation_879555_raw/llama3_1_8b_instruct/shards/shard_63,shard_63_block_63,protected,False,0,8,0,16,0,0,0,False,False,1,all
63,/Users/guanjie/Documents/tokenizer_alignment/results/natural_evidence_v2/status/r4_after_879458_repair_second_family_llama_locked_scale_generation_879555_raw/llama3_1_8b_instruct/shards/shard_63,shard_63_block_63,wrong_key,False,0,8,0,16,0,0,0,False,False,1,all
63,/Users/guanjie/Documents/tokenizer_alignment/results/natural_evidence_v2/status/r4_after_879458_repair_second_family_llama_locked_scale_generation_879555_raw/llama3_1_8b_instruct/shards/shard_63,shard_63_block_63,wrong_payload,False,0,8,0,16,0,0,0,False,False,1,all
63,/Users/guanjie/Documents/tokenizer_alignment/results/natural_evidence_v2/status/r4_after_879458_repair_second_family_llama_locked_scale_generation_879555_raw/llama3_1_8b_instruct/shards/shard_63,shard_63_block_63,raw,False,0,8,0,16,0,0,0,False,False,4,all
63,/Users/guanjie/Documents/tokenizer_alignment/results/natural_evidence_v2/status/r4_after_879458_repair_second_family_llama_locked_scale_generation_879555_raw/llama3_1_8b_instruct/shards/shard_63,shard_63_block_63,protected,False,0,8,0,16,0,0,0,False,False,1,none
63,/Users/guanjie/Documents/tokenizer_alignment/results/natural_evidence_v2/status/r4_after_879458_repair_second_family_llama_locked_scale_generation_879555_raw/llama3_1_8b_instruct/shards/shard_63,shard_63_block_63,wrong_key,False,0,8,0,16,0,0,0,False,False,1,none
63,/Users/guanjie/Documents/tokenizer_alignment/results/natural_evidence_v2/status/r4_after_879458_repair_second_family_llama_locked_scale_generation_879555_raw/llama3_1_8b_instruct/shards/shard_63,shard_63_block_63,wrong_payload,False,0,8,0,16,0,0,0,False,False,1,none
63,/Users/guanjie/Documents/tokenizer_alignment/results/natural_evidence_v2/status/r4_after_879458_repair_second_family_llama_locked_scale_generation_879555_raw/llama3_1_8b_instruct/shards/shard_63,shard_63_block_63,raw,False,0,8,0,16,0,0,0,False,False,4,none
64,/Users/guanjie/Documents/tokenizer_alignment/results/natural_evidence_v2/status/r4_after_879458_repair_second_family_llama_locked_scale_generation_879555_raw/llama3_1_8b_instruct/shards/shard_64,shard_64_block_64,protected,False,0,8,0,16,0,0,0,False,False,4,all
64,/Users/guanjie/Documents/tokenizer_alignment/results/natural_evidence_v2/status/r4_after_879458_repair_second_family_llama_locked_scale_generation_879555_raw/llama3_1_8b_instruct/shards/shard_64,shard_64_block_64,wrong_key,False,0,8,0,16,0,0,0,False,False,4,all
64,/Users/guanjie/Documents/tokenizer_alignment/results/natural_evidence_v2/status/r4_after_879458_repair_second_family_llama_locked_scale_generation_879555_raw/llama3_1_8b_instruct/shards/shard_64,shard_64_block_64,wrong_payload,False,0,8,0,16,0,0,0,False,False,4,all
64,/Users/guanjie/Documents/tokenizer_alignment/results/natural_evidence_v2/status/r4_after_879458_repair_second_family_llama_locked_scale_generation_879555_raw/llama3_1_8b_instruct/shards/shard_64,shard_64_block_64,raw,False,0,8,0,16,0,0,0,False,False,2,all
64,/Users/guanjie/Documents/tokenizer_alignment/results/natural_evidence_v2/status/r4_after_879458_repair_second_family_llama_locked_scale_generation_879555_raw/llama3_1_8b_instruct/shards/shard_64,shard_64_block_64,protected,False,0,8,0,16,0,0,0,False,False,4,none
64,/Users/guanjie/Documents/tokenizer_alignment/results/natural_evidence_v2/status/r4_after_879458_repair_second_family_llama_locked_scale_generation_879555_raw/llama3_1_8b_instruct/shards/shard_64,shard_64_block_64,wrong_key,False,0,8,0,16,0,0,0,False,False,4,none
64,/Users/guanjie/Documents/tokenizer_alignment/results/natural_evidence_v2/status/r4_after_879458_repair_second_family_llama_locked_scale_generation_879555_raw/llama3_1_8b_instruct/shards/shard_64,shard_64_block_64,wrong_payload,False,0,8,0,16,0,0,0,False,False,4,none
64,/Users/guanjie/Documents/tokenizer_alignment/results/natural_evidence_v2/status/r4_after_879458_repair_second_family_llama_locked_scale_generation_879555_raw/llama3_1_8b_instruct/shards/shard_64,shard_64_block_64,raw,False,0,8,0,16,0,0,0,False,False,2,none
65,/Users/guanjie/Documents/tokenizer_alignment/results/natural_evidence_v2/status/r4_after_879458_repair_second_family_llama_locked_scale_generation_879555_raw/llama3_1_8b_instruct/shards/shard_65,shard_65_block_65,protected,False,0,8,0,16,0,0,0,False,False,2,all
65,/Users/guanjie/Documents/tokenizer_alignment/results/natural_evidence_v2/status/r4_after_879458_repair_second_family_llama_locked_scale_generation_879555_raw/llama3_1_8b_instruct/shards/shard_65,shard_65_block_65,wrong_key,False,0,8,0,16,0,0,0,False,False,2,all
65,/Users/guanjie/Documents/tokenizer_alignment/results/natural_evidence_v2/status/r4_after_879458_repair_second_family_llama_locked_scale_generation_879555_raw/llama3_1_8b_instruct/shards/shard_65,shard_65_block_65,wrong_payload,False,0,8,0,16,0,0,0,False,False,2,all
65,/Users/guanjie/Documents/tokenizer_alignment/results/natural_evidence_v2/status/r4_after_879458_repair_second_family_llama_locked_scale_generation_879555_raw/llama3_1_8b_instruct/shards/shard_65,shard_65_block_65,raw,False,0,8,0,16,0,0,0,False,False,0,all
65,/Users/guanjie/Documents/tokenizer_alignment/results/natural_evidence_v2/status/r4_after_879458_repair_second_family_llama_locked_scale_generation_879555_raw/llama3_1_8b_instruct/shards/shard_65,shard_65_block_65,protected,False,0,8,0,16,0,0,0,False,False,2,none
65,/Users/guanjie/Documents/tokenizer_alignment/results/natural_evidence_v2/status/r4_after_879458_repair_second_family_llama_locked_scale_generation_879555_raw/llama3_1_8b_instruct/shards/shard_65,shard_65_block_65,wrong_key,False,0,8,0,16,0,0,0,False,False,2,none
65,/Users/guanjie/Documents/tokenizer_alignment/results/natural_evidence_v2/status/r4_after_879458_repair_second_family_llama_locked_scale_generation_879555_raw/llama3_1_8b_instruct/shards/shard_65,shard_65_block_65,wrong_payload,False,0,8,0,16,0,0,0,False,False,2,none
65,/Users/guanjie/Documents/tokenizer_alignment/results/natural_evidence_v2/status/r4_after_879458_repair_second_family_llama_locked_scale_generation_879555_raw/llama3_1_8b_instruct/shards/shard_65,shard_65_block_65,raw,False,0,8,0,16,0,0,0,False,False,0,none
66,/Users/guanjie/Documents/tokenizer_alignment/results/natural_evidence_v2/status/r4_after_879458_repair_second_family_llama_locked_scale_generation_879555_raw/llama3_1_8b_instruct/shards/shard_66,shard_66_block_66,protected,False,0,8,0,16,0,0,0,False,False,1,all
66,/Users/guanjie/Documents/tokenizer_alignment/results/natural_evidence_v2/status/r4_after_879458_repair_second_family_llama_locked_scale_generation_879555_raw/llama3_1_8b_instruct/shards/shard_66,shard_66_block_66,wrong_key,False,0,8,0,16,0,0,0,False,False,1,all
66,/Users/guanjie/Documents/tokenizer_alignment/results/natural_evidence_v2/status/r4_after_879458_repair_second_family_llama_locked_scale_generation_879555_raw/llama3_1_8b_instruct/shards/shard_66,shard_66_block_66,wrong_payload,False,0,8,0,16,0,0,0,False,False,1,all
66,/Users/guanjie/Documents/tokenizer_alignment/results/natural_evidence_v2/status/r4_after_879458_repair_second_family_llama_locked_scale_generation_879555_raw/llama3_1_8b_instruct/shards/shard_66,shard_66_block_66,raw,False,0,8,0,16,0,0,0,False,False,2,all
66,/Users/guanjie/Documents/tokenizer_alignment/results/natural_evidence_v2/status/r4_after_879458_repair_second_family_llama_locked_scale_generation_879555_raw/llama3_1_8b_instruct/shards/shard_66,shard_66_block_66,protected,False,0,8,0,16,0,0,0,False,False,1,none
66,/Users/guanjie/Documents/tokenizer_alignment/results/natural_evidence_v2/status/r4_after_879458_repair_second_family_llama_locked_scale_generation_879555_raw/llama3_1_8b_instruct/shards/shard_66,shard_66_block_66,wrong_key,False,0,8,0,16,0,0,0,False,False,1,none
66,/Users/guanjie/Documents/tokenizer_alignment/results/natural_evidence_v2/status/r4_after_879458_repair_second_family_llama_locked_scale_generation_879555_raw/llama3_1_8b_instruct/shards/shard_66,shard_66_block_66,wrong_payload,False,0,8,0,16,0,0,0,False,False,1,none
66,/Users/guanjie/Documents/tokenizer_alignment/results/natural_evidence_v2/status/r4_after_879458_repair_second_family_llama_locked_scale_generation_879555_raw/llama3_1_8b_instruct/shards/shard_66,shard_66_block_66,raw,False,0,8,0,16,0,0,0,False,False,2,none
67,/Users/guanjie/Documents/tokenizer_alignment/results/natural_evidence_v2/status/r4_after_879458_repair_second_family_llama_locked_scale_generation_879555_raw/llama3_1_8b_instruct/shards/shard_67,shard_67_block_67,protected,False,0,8,0,16,0,0,0,False,False,3,all
67,/Users/guanjie/Documents/tokenizer_alignment/results/natural_evidence_v2/status/r4_after_879458_repair_second_family_llama_locked_scale_generation_879555_raw/llama3_1_8b_instruct/shards/shard_67,shard_67_block_67,wrong_key,False,0,8,0,16,0,0,0,False,False,3,all
67,/Users/guanjie/Documents/tokenizer_alignment/results/natural_evidence_v2/status/r4_after_879458_repair_second_family_llama_locked_scale_generation_879555_raw/llama3_1_8b_instruct/shards/shard_67,shard_67_block_67,wrong_payload,False,0,8,0,16,0,0,0,False,False,3,all
67,/Users/guanjie/Documents/tokenizer_alignment/results/natural_evidence_v2/status/r4_after_879458_repair_second_family_llama_locked_scale_generation_879555_raw/llama3_1_8b_instruct/shards/shard_67,shard_67_block_67,raw,False,0,8,0,16,0,0,0,False,False,3,all
67,/Users/guanjie/Documents/tokenizer_alignment/results/natural_evidence_v2/status/r4_after_879458_repair_second_family_llama_locked_scale_generation_879555_raw/llama3_1_8b_instruct/shards/shard_67,shard_67_block_67,protected,False,0,8,0,16,0,0,0,False,False,3,none
67,/Users/guanjie/Documents/tokenizer_alignment/results/natural_evidence_v2/status/r4_after_879458_repair_second_family_llama_locked_scale_generation_879555_raw/llama3_1_8b_instruct/shards/shard_67,shard_67_block_67,wrong_key,False,0,8,0,16,0,0,0,False,False,3,none
67,/Users/guanjie/Documents/tokenizer_alignment/results/natural_evidence_v2/status/r4_after_879458_repair_second_family_llama_locked_scale_generation_879555_raw/llama3_1_8b_instruct/shards/shard_67,shard_67_block_67,wrong_payload,False,0,8,0,16,0,0,0,False,False,3,none
67,/Users/guanjie/Documents/tokenizer_alignment/results/natural_evidence_v2/status/r4_after_879458_repair_second_family_llama_locked_scale_generation_879555_raw/llama3_1_8b_instruct/shards/shard_67,shard_67_block_67,raw,False,0,8,0,16,0,0,0,False,False,3,none
68,/Users/guanjie/Documents/tokenizer_alignment/results/natural_evidence_v2/status/r4_after_879458_repair_second_family_llama_locked_scale_generation_879555_raw/llama3_1_8b_instruct/shards/shard_68,shard_68_block_68,protected,False,0,8,0,16,0,0,0,False,False,6,all
68,/Users/guanjie/Documents/tokenizer_alignment/results/natural_evidence_v2/status/r4_after_879458_repair_second_family_llama_locked_scale_generation_879555_raw/llama3_1_8b_instruct/shards/shard_68,shard_68_block_68,wrong_key,False,0,8,0,16,0,0,0,False,False,6,all
68,/Users/guanjie/Documents/tokenizer_alignment/results/natural_evidence_v2/status/r4_after_879458_repair_second_family_llama_locked_scale_generation_879555_raw/llama3_1_8b_instruct/shards/shard_68,shard_68_block_68,wrong_payload,False,0,8,0,16,0,0,0,False,False,6,all
68,/Users/guanjie/Documents/tokenizer_alignment/results/natural_evidence_v2/status/r4_after_879458_repair_second_family_llama_locked_scale_generation_879555_raw/llama3_1_8b_instruct/shards/shard_68,shard_68_block_68,raw,False,0,8,0,16,0,0,0,False,False,1,all
68,/Users/guanjie/Documents/tokenizer_alignment/results/natural_evidence_v2/status/r4_after_879458_repair_second_family_llama_locked_scale_generation_879555_raw/llama3_1_8b_instruct/shards/shard_68,shard_68_block_68,protected,False,0,8,0,16,0,0,0,False,False,6,none
68,/Users/guanjie/Documents/tokenizer_alignment/results/natural_evidence_v2/status/r4_after_879458_repair_second_family_llama_locked_scale_generation_879555_raw/llama3_1_8b_instruct/shards/shard_68,shard_68_block_68,wrong_key,False,0,8,0,16,0,0,0,False,False,6,none
68,/Users/guanjie/Documents/tokenizer_alignment/results/natural_evidence_v2/status/r4_after_879458_repair_second_family_llama_locked_scale_generation_879555_raw/llama3_1_8b_instruct/shards/shard_68,shard_68_block_68,wrong_payload,False,0,8,0,16,0,0,0,False,False,6,none
68,/Users/guanjie/Documents/tokenizer_alignment/results/natural_evidence_v2/status/r4_after_879458_repair_second_family_llama_locked_scale_generation_879555_raw/llama3_1_8b_instruct/shards/shard_68,shard_68_block_68,raw,False,0,8,0,16,0,0,0,False,False,1,none
69,/Users/guanjie/Documents/tokenizer_alignment/results/natural_evidence_v2/status/r4_after_879458_repair_second_family_llama_locked_scale_generation_879555_raw/llama3_1_8b_instruct/shards/shard_69,shard_69_block_69,protected,False,0,8,0,16,0,0,0,False,False,0,all
69,/Users/guanjie/Documents/tokenizer_alignment/results/natural_evidence_v2/status/r4_after_879458_repair_second_family_llama_locked_scale_generation_879555_raw/llama3_1_8b_instruct/shards/shard_69,shard_69_block_69,wrong_key,False,0,8,0,16,0,0,0,False,False,0,all
69,/Users/guanjie/Documents/tokenizer_alignment/results/natural_evidence_v2/status/r4_after_879458_repair_second_family_llama_locked_scale_generation_879555_raw/llama3_1_8b_instruct/shards/shard_69,shard_69_block_69,wrong_payload,False,0,8,0,16,0,0,0,False,False,0,all
69,/Users/guanjie/Documents/tokenizer_alignment/results/natural_evidence_v2/status/r4_after_879458_repair_second_family_llama_locked_scale_generation_879555_raw/llama3_1_8b_instruct/shards/shard_69,shard_69_block_69,raw,False,0,8,0,16,0,0,0,False,False,2,all
69,/Users/guanjie/Documents/tokenizer_alignment/results/natural_evidence_v2/status/r4_after_879458_repair_second_family_llama_locked_scale_generation_879555_raw/llama3_1_8b_instruct/shards/shard_69,shard_69_block_69,protected,False,0,8,0,16,0,0,0,False,False,0,none
69,/Users/guanjie/Documents/tokenizer_alignment/results/natural_evidence_v2/status/r4_after_879458_repair_second_family_llama_locked_scale_generation_879555_raw/llama3_1_8b_instruct/shards/shard_69,shard_69_block_69,wrong_key,False,0,8,0,16,0,0,0,False,False,0,none
69,/Users/guanjie/Documents/tokenizer_alignment/results/natural_evidence_v2/status/r4_after_879458_repair_second_family_llama_locked_scale_generation_879555_raw/llama3_1_8b_instruct/shards/shard_69,shard_69_block_69,wrong_payload,False,0,8,0,16,0,0,0,False,False,0,none
69,/Users/guanjie/Documents/tokenizer_alignment/results/natural_evidence_v2/status/r4_after_879458_repair_second_family_llama_locked_scale_generation_879555_raw/llama3_1_8b_instruct/shards/shard_69,shard_69_block_69,raw,False,0,8,0,16,0,0,0,False,False,2,none
70,/Users/guanjie/Documents/tokenizer_alignment/results/natural_evidence_v2/status/r4_after_879458_repair_second_family_llama_locked_scale_generation_879555_raw/llama3_1_8b_instruct/shards/shard_70,shard_70_block_70,protected,False,0,8,0,16,0,0,0,False,False,1,all
70,/Users/guanjie/Documents/tokenizer_alignment/results/natural_evidence_v2/status/r4_after_879458_repair_second_family_llama_locked_scale_generation_879555_raw/llama3_1_8b_instruct/shards/shard_70,shard_70_block_70,wrong_key,False,0,8,0,16,0,0,0,False,False,1,all
70,/Users/guanjie/Documents/tokenizer_alignment/results/natural_evidence_v2/status/r4_after_879458_repair_second_family_llama_locked_scale_generation_879555_raw/llama3_1_8b_instruct/shards/shard_70,shard_70_block_70,wrong_payload,False,0,8,0,16,0,0,0,False,False,1,all
70,/Users/guanjie/Documents/tokenizer_alignment/results/natural_evidence_v2/status/r4_after_879458_repair_second_family_llama_locked_scale_generation_879555_raw/llama3_1_8b_instruct/shards/shard_70,shard_70_block_70,raw,False,0,8,0,16,0,0,0,False,False,1,all
70,/Users/guanjie/Documents/tokenizer_alignment/results/natural_evidence_v2/status/r4_after_879458_repair_second_family_llama_locked_scale_generation_879555_raw/llama3_1_8b_instruct/shards/shard_70,shard_70_block_70,protected,False,0,8,0,16,0,0,0,False,False,1,none
70,/Users/guanjie/Documents/tokenizer_alignment/results/natural_evidence_v2/status/r4_after_879458_repair_second_family_llama_locked_scale_generation_879555_raw/llama3_1_8b_instruct/shards/shard_70,shard_70_block_70,wrong_key,False,0,8,0,16,0,0,0,False,False,1,none
70,/Users/guanjie/Documents/tokenizer_alignment/results/natural_evidence_v2/status/r4_after_879458_repair_second_family_llama_locked_scale_generation_879555_raw/llama3_1_8b_instruct/shards/shard_70,shard_70_block_70,wrong_payload,False,0,8,0,16,0,0,0,False,False,1,none
70,/Users/guanjie/Documents/tokenizer_alignment/results/natural_evidence_v2/status/r4_after_879458_repair_second_family_llama_locked_scale_generation_879555_raw/llama3_1_8b_instruct/shards/shard_70,shard_70_block_70,raw,False,0,8,0,16,0,0,0,False,False,1,none
71,/Users/guanjie/Documents/tokenizer_alignment/results/natural_evidence_v2/status/r4_after_879458_repair_second_family_llama_locked_scale_generation_879555_raw/llama3_1_8b_instruct/shards/shard_71,shard_71_block_71,protected,False,0,8,0,16,0,0,0,False,False,4,all
71,/Users/guanjie/Documents/tokenizer_alignment/results/natural_evidence_v2/status/r4_after_879458_repair_second_family_llama_locked_scale_generation_879555_raw/llama3_1_8b_instruct/shards/shard_71,shard_71_block_71,wrong_key,False,0,8,0,16,0,0,0,False,False,4,all
71,/Users/guanjie/Documents/tokenizer_alignment/results/natural_evidence_v2/status/r4_after_879458_repair_second_family_llama_locked_scale_generation_879555_raw/llama3_1_8b_instruct/shards/shard_71,shard_71_block_71,wrong_payload,False,0,8,0,16,0,0,0,False,False,4,all
71,/Users/guanjie/Documents/tokenizer_alignment/results/natural_evidence_v2/status/r4_after_879458_repair_second_family_llama_locked_scale_generation_879555_raw/llama3_1_8b_instruct/shards/shard_71,shard_71_block_71,raw,False,0,8,0,16,0,0,0,False,False,1,all
71,/Users/guanjie/Documents/tokenizer_alignment/results/natural_evidence_v2/status/r4_after_879458_repair_second_family_llama_locked_scale_generation_879555_raw/llama3_1_8b_instruct/shards/shard_71,shard_71_block_71,protected,False,0,8,0,16,0,0,0,False,False,4,none
71,/Users/guanjie/Documents/tokenizer_alignment/results/natural_evidence_v2/status/r4_after_879458_repair_second_family_llama_locked_scale_generation_879555_raw/llama3_1_8b_instruct/shards/shard_71,shard_71_block_71,wrong_key,False,0,8,0,16,0,0,0,False,False,4,none
71,/Users/guanjie/Documents/tokenizer_alignment/results/natural_evidence_v2/status/r4_after_879458_repair_second_family_llama_locked_scale_generation_879555_raw/llama3_1_8b_instruct/shards/shard_71,shard_71_block_71,wrong_payload,False,0,8,0,16,0,0,0,False,False,4,none
71,/Users/guanjie/Documents/tokenizer_alignment/results/natural_evidence_v2/status/r4_after_879458_repair_second_family_llama_locked_scale_generation_879555_raw/llama3_1_8b_instruct/shards/shard_71,shard_71_block_71,raw,False,0,8,0,16,0,0,0,False,False,1,none
72,/Users/guanjie/Documents/tokenizer_alignment/results/natural_evidence_v2/status/r4_after_879458_repair_second_family_llama_locked_scale_generation_879555_raw/llama3_1_8b_instruct/shards/shard_72,shard_72_block_72,protected,False,0,8,0,16,0,0,0,False,False,2,all
72,/Users/guanjie/Documents/tokenizer_alignment/results/natural_evidence_v2/status/r4_after_879458_repair_second_family_llama_locked_scale_generation_879555_raw/llama3_1_8b_instruct/shards/shard_72,shard_72_block_72,wrong_key,False,0,8,0,16,0,0,0,False,False,2,all
72,/Users/guanjie/Documents/tokenizer_alignment/results/natural_evidence_v2/status/r4_after_879458_repair_second_family_llama_locked_scale_generation_879555_raw/llama3_1_8b_instruct/shards/shard_72,shard_72_block_72,wrong_payload,False,0,8,0,16,0,0,0,False,False,2,all
72,/Users/guanjie/Documents/tokenizer_alignment/results/natural_evidence_v2/status/r4_after_879458_repair_second_family_llama_locked_scale_generation_879555_raw/llama3_1_8b_instruct/shards/shard_72,shard_72_block_72,raw,False,0,8,0,16,0,0,0,False,False,5,all
72,/Users/guanjie/Documents/tokenizer_alignment/results/natural_evidence_v2/status/r4_after_879458_repair_second_family_llama_locked_scale_generation_879555_raw/llama3_1_8b_instruct/shards/shard_72,shard_72_block_72,protected,False,0,8,0,16,0,0,0,False,False,2,none
72,/Users/guanjie/Documents/tokenizer_alignment/results/natural_evidence_v2/status/r4_after_879458_repair_second_family_llama_locked_scale_generation_879555_raw/llama3_1_8b_instruct/shards/shard_72,shard_72_block_72,wrong_key,False,0,8,0,16,0,0,0,False,False,2,none
72,/Users/guanjie/Documents/tokenizer_alignment/results/natural_evidence_v2/status/r4_after_879458_repair_second_family_llama_locked_scale_generation_879555_raw/llama3_1_8b_instruct/shards/shard_72,shard_72_block_72,wrong_payload,False,0,8,0,16,0,0,0,False,False,2,none
72,/Users/guanjie/Documents/tokenizer_alignment/results/natural_evidence_v2/status/r4_after_879458_repair_second_family_llama_locked_scale_generation_879555_raw/llama3_1_8b_instruct/shards/shard_72,shard_72_block_72,raw,False,0,8,0,16,0,0,0,False,False,5,none
73,/Users/guanjie/Documents/tokenizer_alignment/results/natural_evidence_v2/status/r4_after_879458_repair_second_family_llama_locked_scale_generation_879555_raw/llama3_1_8b_instruct/shards/shard_73,shard_73_block_73,protected,False,0,8,0,16,0,0,0,False,False,2,all
73,/Users/guanjie/Documents/tokenizer_alignment/results/natural_evidence_v2/status/r4_after_879458_repair_second_family_llama_locked_scale_generation_879555_raw/llama3_1_8b_instruct/shards/shard_73,shard_73_block_73,wrong_key,False,0,8,0,16,0,0,0,False,False,2,all
73,/Users/guanjie/Documents/tokenizer_alignment/results/natural_evidence_v2/status/r4_after_879458_repair_second_family_llama_locked_scale_generation_879555_raw/llama3_1_8b_instruct/shards/shard_73,shard_73_block_73,wrong_payload,False,0,8,0,16,0,0,0,False,False,2,all
73,/Users/guanjie/Documents/tokenizer_alignment/results/natural_evidence_v2/status/r4_after_879458_repair_second_family_llama_locked_scale_generation_879555_raw/llama3_1_8b_instruct/shards/shard_73,shard_73_block_73,raw,False,0,8,0,16,0,0,0,False,False,2,all
73,/Users/guanjie/Documents/tokenizer_alignment/results/natural_evidence_v2/status/r4_after_879458_repair_second_family_llama_locked_scale_generation_879555_raw/llama3_1_8b_instruct/shards/shard_73,shard_73_block_73,protected,False,0,8,0,16,0,0,0,False,False,2,none
73,/Users/guanjie/Documents/tokenizer_alignment/results/natural_evidence_v2/status/r4_after_879458_repair_second_family_llama_locked_scale_generation_879555_raw/llama3_1_8b_instruct/shards/shard_73,shard_73_block_73,wrong_key,False,0,8,0,16,0,0,0,False,False,2,none
73,/Users/guanjie/Documents/tokenizer_alignment/results/natural_evidence_v2/status/r4_after_879458_repair_second_family_llama_locked_scale_generation_879555_raw/llama3_1_8b_instruct/shards/shard_73,shard_73_block_73,wrong_payload,False,0,8,0,16,0,0,0,False,False,2,none
73,/Users/guanjie/Documents/tokenizer_alignment/results/natural_evidence_v2/status/r4_after_879458_repair_second_family_llama_locked_scale_generation_879555_raw/llama3_1_8b_instruct/shards/shard_73,shard_73_block_73,raw,False,0,8,0,16,0,0,0,False,False,2,none
74,/Users/guanjie/Documents/tokenizer_alignment/results/natural_evidence_v2/status/r4_after_879458_repair_second_family_llama_locked_scale_generation_879555_raw/llama3_1_8b_instruct/shards/shard_74,shard_74_block_74,protected,False,0,8,0,16,0,0,0,False,False,2,all
74,/Users/guanjie/Documents/tokenizer_alignment/results/natural_evidence_v2/status/r4_after_879458_repair_second_family_llama_locked_scale_generation_879555_raw/llama3_1_8b_instruct/shards/shard_74,shard_74_block_74,wrong_key,False,0,8,0,16,0,0,0,False,False,2,all
74,/Users/guanjie/Documents/tokenizer_alignment/results/natural_evidence_v2/status/r4_after_879458_repair_second_family_llama_locked_scale_generation_879555_raw/llama3_1_8b_instruct/shards/shard_74,shard_74_block_74,wrong_payload,False,0,8,0,16,0,0,0,False,False,2,all
74,/Users/guanjie/Documents/tokenizer_alignment/results/natural_evidence_v2/status/r4_after_879458_repair_second_family_llama_locked_scale_generation_879555_raw/llama3_1_8b_instruct/shards/shard_74,shard_74_block_74,raw,False,0,8,0,16,0,0,0,False,False,2,all
74,/Users/guanjie/Documents/tokenizer_alignment/results/natural_evidence_v2/status/r4_after_879458_repair_second_family_llama_locked_scale_generation_879555_raw/llama3_1_8b_instruct/shards/shard_74,shard_74_block_74,protected,False,0,8,0,16,0,0,0,False,False,2,none
74,/Users/guanjie/Documents/tokenizer_alignment/results/natural_evidence_v2/status/r4_after_879458_repair_second_family_llama_locked_scale_generation_879555_raw/llama3_1_8b_instruct/shards/shard_74,shard_74_block_74,wrong_key,False,0,8,0,16,0,0,0,False,False,2,none
74,/Users/guanjie/Documents/tokenizer_alignment/results/natural_evidence_v2/status/r4_after_879458_repair_second_family_llama_locked_scale_generation_879555_raw/llama3_1_8b_instruct/shards/shard_74,shard_74_block_74,wrong_payload,False,0,8,0,16,0,0,0,False,False,2,none
74,/Users/guanjie/Documents/tokenizer_alignment/results/natural_evidence_v2/status/r4_after_879458_repair_second_family_llama_locked_scale_generation_879555_raw/llama3_1_8b_instruct/shards/shard_74,shard_74_block_74,raw,False,0,8,0,16,0,0,0,False,False,2,none
75,/Users/guanjie/Documents/tokenizer_alignment/results/natural_evidence_v2/status/r4_after_879458_repair_second_family_llama_locked_scale_generation_879555_raw/llama3_1_8b_instruct/shards/shard_75,shard_75_block_75,protected,False,0,8,0,16,0,0,0,False,False,2,all
75,/Users/guanjie/Documents/tokenizer_alignment/results/natural_evidence_v2/status/r4_after_879458_repair_second_family_llama_locked_scale_generation_879555_raw/llama3_1_8b_instruct/shards/shard_75,shard_75_block_75,wrong_key,False,0,8,0,16,0,0,0,False,False,2,all
75,/Users/guanjie/Documents/tokenizer_alignment/results/natural_evidence_v2/status/r4_after_879458_repair_second_family_llama_locked_scale_generation_879555_raw/llama3_1_8b_instruct/shards/shard_75,shard_75_block_75,wrong_payload,False,0,8,0,16,0,0,0,False,False,2,all
75,/Users/guanjie/Documents/tokenizer_alignment/results/natural_evidence_v2/status/r4_after_879458_repair_second_family_llama_locked_scale_generation_879555_raw/llama3_1_8b_instruct/shards/shard_75,shard_75_block_75,raw,False,0,8,0,16,0,0,0,False,False,3,all
75,/Users/guanjie/Documents/tokenizer_alignment/results/natural_evidence_v2/status/r4_after_879458_repair_second_family_llama_locked_scale_generation_879555_raw/llama3_1_8b_instruct/shards/shard_75,shard_75_block_75,protected,False,0,8,0,16,0,0,0,False,False,2,none
75,/Users/guanjie/Documents/tokenizer_alignment/results/natural_evidence_v2/status/r4_after_879458_repair_second_family_llama_locked_scale_generation_879555_raw/llama3_1_8b_instruct/shards/shard_75,shard_75_block_75,wrong_key,False,0,8,0,16,0,0,0,False,False,2,none
75,/Users/guanjie/Documents/tokenizer_alignment/results/natural_evidence_v2/status/r4_after_879458_repair_second_family_llama_locked_scale_generation_879555_raw/llama3_1_8b_instruct/shards/shard_75,shard_75_block_75,wrong_payload,False,0,8,0,16,0,0,0,False,False,2,none
75,/Users/guanjie/Documents/tokenizer_alignment/results/natural_evidence_v2/status/r4_after_879458_repair_second_family_llama_locked_scale_generation_879555_raw/llama3_1_8b_instruct/shards/shard_75,shard_75_block_75,raw,False,0,8,0,16,0,0,0,False,False,3,none
76,/Users/guanjie/Documents/tokenizer_alignment/results/natural_evidence_v2/status/r4_after_879458_repair_second_family_llama_locked_scale_generation_879555_raw/llama3_1_8b_instruct/shards/shard_76,shard_76_block_76,protected,False,0,8,0,16,0,0,0,False,False,4,all
76,/Users/guanjie/Documents/tokenizer_alignment/results/natural_evidence_v2/status/r4_after_879458_repair_second_family_llama_locked_scale_generation_879555_raw/llama3_1_8b_instruct/shards/shard_76,shard_76_block_76,wrong_key,False,0,8,0,16,0,0,0,False,False,4,all
76,/Users/guanjie/Documents/tokenizer_alignment/results/natural_evidence_v2/status/r4_after_879458_repair_second_family_llama_locked_scale_generation_879555_raw/llama3_1_8b_instruct/shards/shard_76,shard_76_block_76,wrong_payload,False,0,8,0,16,0,0,0,False,False,4,all
76,/Users/guanjie/Documents/tokenizer_alignment/results/natural_evidence_v2/status/r4_after_879458_repair_second_family_llama_locked_scale_generation_879555_raw/llama3_1_8b_instruct/shards/shard_76,shard_76_block_76,raw,False,0,8,0,16,0,0,0,False,False,6,all
76,/Users/guanjie/Documents/tokenizer_alignment/results/natural_evidence_v2/status/r4_after_879458_repair_second_family_llama_locked_scale_generation_879555_raw/llama3_1_8b_instruct/shards/shard_76,shard_76_block_76,protected,False,0,8,0,16,0,0,0,False,False,4,none
76,/Users/guanjie/Documents/tokenizer_alignment/results/natural_evidence_v2/status/r4_after_879458_repair_second_family_llama_locked_scale_generation_879555_raw/llama3_1_8b_instruct/shards/shard_76,shard_76_block_76,wrong_key,False,0,8,0,16,0,0,0,False,False,4,none
76,/Users/guanjie/Documents/tokenizer_alignment/results/natural_evidence_v2/status/r4_after_879458_repair_second_family_llama_locked_scale_generation_879555_raw/llama3_1_8b_instruct/shards/shard_76,shard_76_block_76,wrong_payload,False,0,8,0,16,0,0,0,False,False,4,none
76,/Users/guanjie/Documents/tokenizer_alignment/results/natural_evidence_v2/status/r4_after_879458_repair_second_family_llama_locked_scale_generation_879555_raw/llama3_1_8b_instruct/shards/shard_76,shard_76_block_76,raw,False,0,8,0,16,0,0,0,False,False,6,none
77,/Users/guanjie/Documents/tokenizer_alignment/results/natural_evidence_v2/status/r4_after_879458_repair_second_family_llama_locked_scale_generation_879555_raw/llama3_1_8b_instruct/shards/shard_77,shard_77_block_77,protected,False,0,8,0,16,0,0,0,False,False,1,all
77,/Users/guanjie/Documents/tokenizer_alignment/results/natural_evidence_v2/status/r4_after_879458_repair_second_family_llama_locked_scale_generation_879555_raw/llama3_1_8b_instruct/shards/shard_77,shard_77_block_77,wrong_key,False,0,8,0,16,0,0,0,False,False,1,all
77,/Users/guanjie/Documents/tokenizer_alignment/results/natural_evidence_v2/status/r4_after_879458_repair_second_family_llama_locked_scale_generation_879555_raw/llama3_1_8b_instruct/shards/shard_77,shard_77_block_77,wrong_payload,False,0,8,0,16,0,0,0,False,False,1,all
77,/Users/guanjie/Documents/tokenizer_alignment/results/natural_evidence_v2/status/r4_after_879458_repair_second_family_llama_locked_scale_generation_879555_raw/llama3_1_8b_instruct/shards/shard_77,shard_77_block_77,raw,False,0,8,0,16,0,0,0,False,False,2,all
77,/Users/guanjie/Documents/tokenizer_alignment/results/natural_evidence_v2/status/r4_after_879458_repair_second_family_llama_locked_scale_generation_879555_raw/llama3_1_8b_instruct/shards/shard_77,shard_77_block_77,protected,False,0,8,0,16,0,0,0,False,False,1,none
77,/Users/guanjie/Documents/tokenizer_alignment/results/natural_evidence_v2/status/r4_after_879458_repair_second_family_llama_locked_scale_generation_879555_raw/llama3_1_8b_instruct/shards/shard_77,shard_77_block_77,wrong_key,False,0,8,0,16,0,0,0,False,False,1,none
77,/Users/guanjie/Documents/tokenizer_alignment/results/natural_evidence_v2/status/r4_after_879458_repair_second_family_llama_locked_scale_generation_879555_raw/llama3_1_8b_instruct/shards/shard_77,shard_77_block_77,wrong_payload,False,0,8,0,16,0,0,0,False,False,1,none
77,/Users/guanjie/Documents/tokenizer_alignment/results/natural_evidence_v2/status/r4_after_879458_repair_second_family_llama_locked_scale_generation_879555_raw/llama3_1_8b_instruct/shards/shard_77,shard_77_block_77,raw,False,0,8,0,16,0,0,0,False,False,2,none
78,/Users/guanjie/Documents/tokenizer_alignment/results/natural_evidence_v2/status/r4_after_879458_repair_second_family_llama_locked_scale_generation_879555_raw/llama3_1_8b_instruct/shards/shard_78,shard_78_block_78,protected,False,0,8,0,16,0,0,0,False,False,0,all
78,/Users/guanjie/Documents/tokenizer_alignment/results/natural_evidence_v2/status/r4_after_879458_repair_second_family_llama_locked_scale_generation_879555_raw/llama3_1_8b_instruct/shards/shard_78,shard_78_block_78,wrong_key,False,0,8,0,16,0,0,0,False,False,0,all
78,/Users/guanjie/Documents/tokenizer_alignment/results/natural_evidence_v2/status/r4_after_879458_repair_second_family_llama_locked_scale_generation_879555_raw/llama3_1_8b_instruct/shards/shard_78,shard_78_block_78,wrong_payload,False,0,8,0,16,0,0,0,False,False,0,all
78,/Users/guanjie/Documents/tokenizer_alignment/results/natural_evidence_v2/status/r4_after_879458_repair_second_family_llama_locked_scale_generation_879555_raw/llama3_1_8b_instruct/shards/shard_78,shard_78_block_78,raw,False,0,8,0,16,0,0,0,False,False,1,all
78,/Users/guanjie/Documents/tokenizer_alignment/results/natural_evidence_v2/status/r4_after_879458_repair_second_family_llama_locked_scale_generation_879555_raw/llama3_1_8b_instruct/shards/shard_78,shard_78_block_78,protected,False,0,8,0,16,0,0,0,False,False,0,none
78,/Users/guanjie/Documents/tokenizer_alignment/results/natural_evidence_v2/status/r4_after_879458_repair_second_family_llama_locked_scale_generation_879555_raw/llama3_1_8b_instruct/shards/shard_78,shard_78_block_78,wrong_key,False,0,8,0,16,0,0,0,False,False,0,none
78,/Users/guanjie/Documents/tokenizer_alignment/results/natural_evidence_v2/status/r4_after_879458_repair_second_family_llama_locked_scale_generation_879555_raw/llama3_1_8b_instruct/shards/shard_78,shard_78_block_78,wrong_payload,False,0,8,0,16,0,0,0,False,False,0,none
78,/Users/guanjie/Documents/tokenizer_alignment/results/natural_evidence_v2/status/r4_after_879458_repair_second_family_llama_locked_scale_generation_879555_raw/llama3_1_8b_instruct/shards/shard_78,shard_78_block_78,raw,False,0,8,0,16,0,0,0,False,False,1,none
79,/Users/guanjie/Documents/tokenizer_alignment/results/natural_evidence_v2/status/r4_after_879458_repair_second_family_llama_locked_scale_generation_879555_raw/llama3_1_8b_instruct/shards/shard_79,shard_79_block_79,protected,False,0,8,0,16,0,0,0,False,False,6,all
79,/Users/guanjie/Documents/tokenizer_alignment/results/natural_evidence_v2/status/r4_after_879458_repair_second_family_llama_locked_scale_generation_879555_raw/llama3_1_8b_instruct/shards/shard_79,shard_79_block_79,wrong_key,False,0,8,0,16,0,0,0,False,False,6,all
79,/Users/guanjie/Documents/tokenizer_alignment/results/natural_evidence_v2/status/r4_after_879458_repair_second_family_llama_locked_scale_generation_879555_raw/llama3_1_8b_instruct/shards/shard_79,shard_79_block_79,wrong_payload,False,0,8,0,16,0,0,0,False,False,6,all
79,/Users/guanjie/Documents/tokenizer_alignment/results/natural_evidence_v2/status/r4_after_879458_repair_second_family_llama_locked_scale_generation_879555_raw/llama3_1_8b_instruct/shards/shard_79,shard_79_block_79,raw,False,0,8,0,16,0,0,0,False,False,1,all
79,/Users/guanjie/Documents/tokenizer_alignment/results/natural_evidence_v2/status/r4_after_879458_repair_second_family_llama_locked_scale_generation_879555_raw/llama3_1_8b_instruct/shards/shard_79,shard_79_block_79,protected,False,0,8,0,16,0,0,0,False,False,6,none
79,/Users/guanjie/Documents/tokenizer_alignment/results/natural_evidence_v2/status/r4_after_879458_repair_second_family_llama_locked_scale_generation_879555_raw/llama3_1_8b_instruct/shards/shard_79,shard_79_block_79,wrong_key,False,0,8,0,16,0,0,0,False,False,6,none
79,/Users/guanjie/Documents/tokenizer_alignment/results/natural_evidence_v2/status/r4_after_879458_repair_second_family_llama_locked_scale_generation_879555_raw/llama3_1_8b_instruct/shards/shard_79,shard_79_block_79,wrong_payload,False,0,8,0,16,0,0,0,False,False,6,none
79,/Users/guanjie/Documents/tokenizer_alignment/results/natural_evidence_v2/status/r4_after_879458_repair_second_family_llama_locked_scale_generation_879555_raw/llama3_1_8b_instruct/shards/shard_79,shard_79_block_79,raw,False,0,8,0,16,0,0,0,False,False,1,none
80,/Users/guanjie/Documents/tokenizer_alignment/results/natural_evidence_v2/status/r4_after_879458_repair_second_family_llama_locked_scale_generation_879555_raw/llama3_1_8b_instruct/shards/shard_80,shard_80_block_80,protected,False,0,8,0,16,0,0,0,False,False,3,all
80,/Users/guanjie/Documents/tokenizer_alignment/results/natural_evidence_v2/status/r4_after_879458_repair_second_family_llama_locked_scale_generation_879555_raw/llama3_1_8b_instruct/shards/shard_80,shard_80_block_80,wrong_key,False,0,8,0,16,0,0,0,False,False,3,all
80,/Users/guanjie/Documents/tokenizer_alignment/results/natural_evidence_v2/status/r4_after_879458_repair_second_family_llama_locked_scale_generation_879555_raw/llama3_1_8b_instruct/shards/shard_80,shard_80_block_80,wrong_payload,False,0,8,0,16,0,0,0,False,False,3,all
80,/Users/guanjie/Documents/tokenizer_alignment/results/natural_evidence_v2/status/r4_after_879458_repair_second_family_llama_locked_scale_generation_879555_raw/llama3_1_8b_instruct/shards/shard_80,shard_80_block_80,raw,False,0,8,0,16,0,0,0,False,False,2,all
80,/Users/guanjie/Documents/tokenizer_alignment/results/natural_evidence_v2/status/r4_after_879458_repair_second_family_llama_locked_scale_generation_879555_raw/llama3_1_8b_instruct/shards/shard_80,shard_80_block_80,protected,False,0,8,0,16,0,0,0,False,False,3,none
80,/Users/guanjie/Documents/tokenizer_alignment/results/natural_evidence_v2/status/r4_after_879458_repair_second_family_llama_locked_scale_generation_879555_raw/llama3_1_8b_instruct/shards/shard_80,shard_80_block_80,wrong_key,False,0,8,0,16,0,0,0,False,False,3,none
80,/Users/guanjie/Documents/tokenizer_alignment/results/natural_evidence_v2/status/r4_after_879458_repair_second_family_llama_locked_scale_generation_879555_raw/llama3_1_8b_instruct/shards/shard_80,shard_80_block_80,wrong_payload,False,0,8,0,16,0,0,0,False,False,3,none
80,/Users/guanjie/Documents/tokenizer_alignment/results/natural_evidence_v2/status/r4_after_879458_repair_second_family_llama_locked_scale_generation_879555_raw/llama3_1_8b_instruct/shards/shard_80,shard_80_block_80,raw,False,0,8,0,16,0,0,0,False,False,2,none
81,/Users/guanjie/Documents/tokenizer_alignment/results/natural_evidence_v2/status/r4_after_879458_repair_second_family_llama_locked_scale_generation_879555_raw/llama3_1_8b_instruct/shards/shard_81,shard_81_block_81,protected,False,0,8,0,16,0,0,0,False,False,3,all
81,/Users/guanjie/Documents/tokenizer_alignment/results/natural_evidence_v2/status/r4_after_879458_repair_second_family_llama_locked_scale_generation_879555_raw/llama3_1_8b_instruct/shards/shard_81,shard_81_block_81,wrong_key,False,0,8,0,16,0,0,0,False,False,3,all
81,/Users/guanjie/Documents/tokenizer_alignment/results/natural_evidence_v2/status/r4_after_879458_repair_second_family_llama_locked_scale_generation_879555_raw/llama3_1_8b_instruct/shards/shard_81,shard_81_block_81,wrong_payload,False,0,8,0,16,0,0,0,False,False,3,all
81,/Users/guanjie/Documents/tokenizer_alignment/results/natural_evidence_v2/status/r4_after_879458_repair_second_family_llama_locked_scale_generation_879555_raw/llama3_1_8b_instruct/shards/shard_81,shard_81_block_81,raw,False,0,8,0,16,0,0,0,False,False,5,all
81,/Users/guanjie/Documents/tokenizer_alignment/results/natural_evidence_v2/status/r4_after_879458_repair_second_family_llama_locked_scale_generation_879555_raw/llama3_1_8b_instruct/shards/shard_81,shard_81_block_81,protected,False,0,8,0,16,0,0,0,False,False,3,none
81,/Users/guanjie/Documents/tokenizer_alignment/results/natural_evidence_v2/status/r4_after_879458_repair_second_family_llama_locked_scale_generation_879555_raw/llama3_1_8b_instruct/shards/shard_81,shard_81_block_81,wrong_key,False,0,8,0,16,0,0,0,False,False,3,none
81,/Users/guanjie/Documents/tokenizer_alignment/results/natural_evidence_v2/status/r4_after_879458_repair_second_family_llama_locked_scale_generation_879555_raw/llama3_1_8b_instruct/shards/shard_81,shard_81_block_81,wrong_payload,False,0,8,0,16,0,0,0,False,False,3,none
81,/Users/guanjie/Documents/tokenizer_alignment/results/natural_evidence_v2/status/r4_after_879458_repair_second_family_llama_locked_scale_generation_879555_raw/llama3_1_8b_instruct/shards/shard_81,shard_81_block_81,raw,False,0,8,0,16,0,0,0,False,False,5,none
82,/Users/guanjie/Documents/tokenizer_alignment/results/natural_evidence_v2/status/r4_after_879458_repair_second_family_llama_locked_scale_generation_879555_raw/llama3_1_8b_instruct/shards/shard_82,shard_82_block_82,protected,False,0,8,0,16,0,0,0,False,False,6,all
82,/Users/guanjie/Documents/tokenizer_alignment/results/natural_evidence_v2/status/r4_after_879458_repair_second_family_llama_locked_scale_generation_879555_raw/llama3_1_8b_instruct/shards/shard_82,shard_82_block_82,wrong_key,False,0,8,0,16,0,0,0,False,False,6,all
82,/Users/guanjie/Documents/tokenizer_alignment/results/natural_evidence_v2/status/r4_after_879458_repair_second_family_llama_locked_scale_generation_879555_raw/llama3_1_8b_instruct/shards/shard_82,shard_82_block_82,wrong_payload,False,0,8,0,16,0,0,0,False,False,6,all
82,/Users/guanjie/Documents/tokenizer_alignment/results/natural_evidence_v2/status/r4_after_879458_repair_second_family_llama_locked_scale_generation_879555_raw/llama3_1_8b_instruct/shards/shard_82,shard_82_block_82,raw,False,0,8,0,16,0,0,0,False,False,1,all
82,/Users/guanjie/Documents/tokenizer_alignment/results/natural_evidence_v2/status/r4_after_879458_repair_second_family_llama_locked_scale_generation_879555_raw/llama3_1_8b_instruct/shards/shard_82,shard_82_block_82,protected,False,0,8,0,16,0,0,0,False,False,6,none
82,/Users/guanjie/Documents/tokenizer_alignment/results/natural_evidence_v2/status/r4_after_879458_repair_second_family_llama_locked_scale_generation_879555_raw/llama3_1_8b_instruct/shards/shard_82,shard_82_block_82,wrong_key,False,0,8,0,16,0,0,0,False,False,6,none
82,/Users/guanjie/Documents/tokenizer_alignment/results/natural_evidence_v2/status/r4_after_879458_repair_second_family_llama_locked_scale_generation_879555_raw/llama3_1_8b_instruct/shards/shard_82,shard_82_block_82,wrong_payload,False,0,8,0,16,0,0,0,False,False,6,none
82,/Users/guanjie/Documents/tokenizer_alignment/results/natural_evidence_v2/status/r4_after_879458_repair_second_family_llama_locked_scale_generation_879555_raw/llama3_1_8b_instruct/shards/shard_82,shard_82_block_82,raw,False,0,8,0,16,0,0,0,False,False,1,none
83,/Users/guanjie/Documents/tokenizer_alignment/results/natural_evidence_v2/status/r4_after_879458_repair_second_family_llama_locked_scale_generation_879555_raw/llama3_1_8b_instruct/shards/shard_83,shard_83_block_83,protected,False,0,8,0,16,0,0,0,False,False,3,all
83,/Users/guanjie/Documents/tokenizer_alignment/results/natural_evidence_v2/status/r4_after_879458_repair_second_family_llama_locked_scale_generation_879555_raw/llama3_1_8b_instruct/shards/shard_83,shard_83_block_83,wrong_key,False,0,8,0,16,0,0,0,False,False,3,all
83,/Users/guanjie/Documents/tokenizer_alignment/results/natural_evidence_v2/status/r4_after_879458_repair_second_family_llama_locked_scale_generation_879555_raw/llama3_1_8b_instruct/shards/shard_83,shard_83_block_83,wrong_payload,False,0,8,0,16,0,0,0,False,False,3,all
83,/Users/guanjie/Documents/tokenizer_alignment/results/natural_evidence_v2/status/r4_after_879458_repair_second_family_llama_locked_scale_generation_879555_raw/llama3_1_8b_instruct/shards/shard_83,shard_83_block_83,raw,False,0,8,0,16,0,0,0,False,False,3,all
83,/Users/guanjie/Documents/tokenizer_alignment/results/natural_evidence_v2/status/r4_after_879458_repair_second_family_llama_locked_scale_generation_879555_raw/llama3_1_8b_instruct/shards/shard_83,shard_83_block_83,protected,False,0,8,0,16,0,0,0,False,False,3,none
83,/Users/guanjie/Documents/tokenizer_alignment/results/natural_evidence_v2/status/r4_after_879458_repair_second_family_llama_locked_scale_generation_879555_raw/llama3_1_8b_instruct/shards/shard_83,shard_83_block_83,wrong_key,False,0,8,0,16,0,0,0,False,False,3,none
83,/Users/guanjie/Documents/tokenizer_alignment/results/natural_evidence_v2/status/r4_after_879458_repair_second_family_llama_locked_scale_generation_879555_raw/llama3_1_8b_instruct/shards/shard_83,shard_83_block_83,wrong_payload,False,0,8,0,16,0,0,0,False,False,3,none
83,/Users/guanjie/Documents/tokenizer_alignment/results/natural_evidence_v2/status/r4_after_879458_repair_second_family_llama_locked_scale_generation_879555_raw/llama3_1_8b_instruct/shards/shard_83,shard_83_block_83,raw,False,0,8,0,16,0,0,0,False,False,3,none
84,/Users/guanjie/Documents/tokenizer_alignment/results/natural_evidence_v2/status/r4_after_879458_repair_second_family_llama_locked_scale_generation_879555_raw/llama3_1_8b_instruct/shards/shard_84,shard_84_block_84,protected,False,0,8,0,16,0,0,0,False,False,2,all
84,/Users/guanjie/Documents/tokenizer_alignment/results/natural_evidence_v2/status/r4_after_879458_repair_second_family_llama_locked_scale_generation_879555_raw/llama3_1_8b_instruct/shards/shard_84,shard_84_block_84,wrong_key,False,0,8,0,16,0,0,0,False,False,2,all
84,/Users/guanjie/Documents/tokenizer_alignment/results/natural_evidence_v2/status/r4_after_879458_repair_second_family_llama_locked_scale_generation_879555_raw/llama3_1_8b_instruct/shards/shard_84,shard_84_block_84,wrong_payload,False,0,8,0,16,0,0,0,False,False,2,all
84,/Users/guanjie/Documents/tokenizer_alignment/results/natural_evidence_v2/status/r4_after_879458_repair_second_family_llama_locked_scale_generation_879555_raw/llama3_1_8b_instruct/shards/shard_84,shard_84_block_84,raw,False,0,8,0,16,0,0,0,False,False,2,all
84,/Users/guanjie/Documents/tokenizer_alignment/results/natural_evidence_v2/status/r4_after_879458_repair_second_family_llama_locked_scale_generation_879555_raw/llama3_1_8b_instruct/shards/shard_84,shard_84_block_84,protected,False,0,8,0,16,0,0,0,False,False,2,none
84,/Users/guanjie/Documents/tokenizer_alignment/results/natural_evidence_v2/status/r4_after_879458_repair_second_family_llama_locked_scale_generation_879555_raw/llama3_1_8b_instruct/shards/shard_84,shard_84_block_84,wrong_key,False,0,8,0,16,0,0,0,False,False,2,none
84,/Users/guanjie/Documents/tokenizer_alignment/results/natural_evidence_v2/status/r4_after_879458_repair_second_family_llama_locked_scale_generation_879555_raw/llama3_1_8b_instruct/shards/shard_84,shard_84_block_84,wrong_payload,False,0,8,0,16,0,0,0,False,False,2,none
84,/Users/guanjie/Documents/tokenizer_alignment/results/natural_evidence_v2/status/r4_after_879458_repair_second_family_llama_locked_scale_generation_879555_raw/llama3_1_8b_instruct/shards/shard_84,shard_84_block_84,raw,False,0,8,0,16,0,0,0,False,False,2,none
85,/Users/guanjie/Documents/tokenizer_alignment/results/natural_evidence_v2/status/r4_after_879458_repair_second_family_llama_locked_scale_generation_879555_raw/llama3_1_8b_instruct/shards/shard_85,shard_85_block_85,protected,False,0,8,0,16,0,0,0,False,False,6,all
85,/Users/guanjie/Documents/tokenizer_alignment/results/natural_evidence_v2/status/r4_after_879458_repair_second_family_llama_locked_scale_generation_879555_raw/llama3_1_8b_instruct/shards/shard_85,shard_85_block_85,wrong_key,False,0,8,0,16,0,0,0,False,False,6,all
85,/Users/guanjie/Documents/tokenizer_alignment/results/natural_evidence_v2/status/r4_after_879458_repair_second_family_llama_locked_scale_generation_879555_raw/llama3_1_8b_instruct/shards/shard_85,shard_85_block_85,wrong_payload,False,0,8,0,16,0,0,0,False,False,6,all
85,/Users/guanjie/Documents/tokenizer_alignment/results/natural_evidence_v2/status/r4_after_879458_repair_second_family_llama_locked_scale_generation_879555_raw/llama3_1_8b_instruct/shards/shard_85,shard_85_block_85,raw,False,0,8,0,16,0,0,0,False,False,3,all
85,/Users/guanjie/Documents/tokenizer_alignment/results/natural_evidence_v2/status/r4_after_879458_repair_second_family_llama_locked_scale_generation_879555_raw/llama3_1_8b_instruct/shards/shard_85,shard_85_block_85,protected,False,0,8,0,16,0,0,0,False,False,6,none
85,/Users/guanjie/Documents/tokenizer_alignment/results/natural_evidence_v2/status/r4_after_879458_repair_second_family_llama_locked_scale_generation_879555_raw/llama3_1_8b_instruct/shards/shard_85,shard_85_block_85,wrong_key,False,0,8,0,16,0,0,0,False,False,6,none
85,/Users/guanjie/Documents/tokenizer_alignment/results/natural_evidence_v2/status/r4_after_879458_repair_second_family_llama_locked_scale_generation_879555_raw/llama3_1_8b_instruct/shards/shard_85,shard_85_block_85,wrong_payload,False,0,8,0,16,0,0,0,False,False,6,none
85,/Users/guanjie/Documents/tokenizer_alignment/results/natural_evidence_v2/status/r4_after_879458_repair_second_family_llama_locked_scale_generation_879555_raw/llama3_1_8b_instruct/shards/shard_85,shard_85_block_85,raw,False,0,8,0,16,0,0,0,False,False,3,none
86,/Users/guanjie/Documents/tokenizer_alignment/results/natural_evidence_v2/status/r4_after_879458_repair_second_family_llama_locked_scale_generation_879555_raw/llama3_1_8b_instruct/shards/shard_86,shard_86_block_86,protected,False,0,8,0,16,0,0,0,False,False,4,all
86,/Users/guanjie/Documents/tokenizer_alignment/results/natural_evidence_v2/status/r4_after_879458_repair_second_family_llama_locked_scale_generation_879555_raw/llama3_1_8b_instruct/shards/shard_86,shard_86_block_86,wrong_key,False,0,8,0,16,0,0,0,False,False,4,all
86,/Users/guanjie/Documents/tokenizer_alignment/results/natural_evidence_v2/status/r4_after_879458_repair_second_family_llama_locked_scale_generation_879555_raw/llama3_1_8b_instruct/shards/shard_86,shard_86_block_86,wrong_payload,False,0,8,0,16,0,0,0,False,False,4,all
86,/Users/guanjie/Documents/tokenizer_alignment/results/natural_evidence_v2/status/r4_after_879458_repair_second_family_llama_locked_scale_generation_879555_raw/llama3_1_8b_instruct/shards/shard_86,shard_86_block_86,raw,False,0,8,0,16,0,0,0,False,False,3,all
86,/Users/guanjie/Documents/tokenizer_alignment/results/natural_evidence_v2/status/r4_after_879458_repair_second_family_llama_locked_scale_generation_879555_raw/llama3_1_8b_instruct/shards/shard_86,shard_86_block_86,protected,False,0,8,0,16,0,0,0,False,False,4,none
86,/Users/guanjie/Documents/tokenizer_alignment/results/natural_evidence_v2/status/r4_after_879458_repair_second_family_llama_locked_scale_generation_879555_raw/llama3_1_8b_instruct/shards/shard_86,shard_86_block_86,wrong_key,False,0,8,0,16,0,0,0,False,False,4,none
86,/Users/guanjie/Documents/tokenizer_alignment/results/natural_evidence_v2/status/r4_after_879458_repair_second_family_llama_locked_scale_generation_879555_raw/llama3_1_8b_instruct/shards/shard_86,shard_86_block_86,wrong_payload,False,0,8,0,16,0,0,0,False,False,4,none
86,/Users/guanjie/Documents/tokenizer_alignment/results/natural_evidence_v2/status/r4_after_879458_repair_second_family_llama_locked_scale_generation_879555_raw/llama3_1_8b_instruct/shards/shard_86,shard_86_block_86,raw,False,0,8,0,16,0,0,0,False,False,3,none
87,/Users/guanjie/Documents/tokenizer_alignment/results/natural_evidence_v2/status/r4_after_879458_repair_second_family_llama_locked_scale_generation_879555_raw/llama3_1_8b_instruct/shards/shard_87,shard_87_block_87,protected,False,0,8,0,16,0,0,0,False,False,2,all
87,/Users/guanjie/Documents/tokenizer_alignment/results/natural_evidence_v2/status/r4_after_879458_repair_second_family_llama_locked_scale_generation_879555_raw/llama3_1_8b_instruct/shards/shard_87,shard_87_block_87,wrong_key,False,0,8,0,16,0,0,0,False,False,2,all
87,/Users/guanjie/Documents/tokenizer_alignment/results/natural_evidence_v2/status/r4_after_879458_repair_second_family_llama_locked_scale_generation_879555_raw/llama3_1_8b_instruct/shards/shard_87,shard_87_block_87,wrong_payload,False,0,8,0,16,0,0,0,False,False,2,all
87,/Users/guanjie/Documents/tokenizer_alignment/results/natural_evidence_v2/status/r4_after_879458_repair_second_family_llama_locked_scale_generation_879555_raw/llama3_1_8b_instruct/shards/shard_87,shard_87_block_87,raw,False,0,8,0,16,0,0,0,False,False,5,all
87,/Users/guanjie/Documents/tokenizer_alignment/results/natural_evidence_v2/status/r4_after_879458_repair_second_family_llama_locked_scale_generation_879555_raw/llama3_1_8b_instruct/shards/shard_87,shard_87_block_87,protected,False,0,8,0,16,0,0,0,False,False,2,none
87,/Users/guanjie/Documents/tokenizer_alignment/results/natural_evidence_v2/status/r4_after_879458_repair_second_family_llama_locked_scale_generation_879555_raw/llama3_1_8b_instruct/shards/shard_87,shard_87_block_87,wrong_key,False,0,8,0,16,0,0,0,False,False,2,none
87,/Users/guanjie/Documents/tokenizer_alignment/results/natural_evidence_v2/status/r4_after_879458_repair_second_family_llama_locked_scale_generation_879555_raw/llama3_1_8b_instruct/shards/shard_87,shard_87_block_87,wrong_payload,False,0,8,0,16,0,0,0,False,False,2,none
87,/Users/guanjie/Documents/tokenizer_alignment/results/natural_evidence_v2/status/r4_after_879458_repair_second_family_llama_locked_scale_generation_879555_raw/llama3_1_8b_instruct/shards/shard_87,shard_87_block_87,raw,False,0,8,0,16,0,0,0,False,False,5,none
88,/Users/guanjie/Documents/tokenizer_alignment/results/natural_evidence_v2/status/r4_after_879458_repair_second_family_llama_locked_scale_generation_879555_raw/llama3_1_8b_instruct/shards/shard_88,shard_88_block_88,protected,False,0,8,0,16,0,0,0,False,False,1,all
88,/Users/guanjie/Documents/tokenizer_alignment/results/natural_evidence_v2/status/r4_after_879458_repair_second_family_llama_locked_scale_generation_879555_raw/llama3_1_8b_instruct/shards/shard_88,shard_88_block_88,wrong_key,False,0,8,0,16,0,0,0,False,False,1,all
88,/Users/guanjie/Documents/tokenizer_alignment/results/natural_evidence_v2/status/r4_after_879458_repair_second_family_llama_locked_scale_generation_879555_raw/llama3_1_8b_instruct/shards/shard_88,shard_88_block_88,wrong_payload,False,0,8,0,16,0,0,0,False,False,1,all
88,/Users/guanjie/Documents/tokenizer_alignment/results/natural_evidence_v2/status/r4_after_879458_repair_second_family_llama_locked_scale_generation_879555_raw/llama3_1_8b_instruct/shards/shard_88,shard_88_block_88,raw,False,0,8,0,16,0,0,0,False,False,2,all
88,/Users/guanjie/Documents/tokenizer_alignment/results/natural_evidence_v2/status/r4_after_879458_repair_second_family_llama_locked_scale_generation_879555_raw/llama3_1_8b_instruct/shards/shard_88,shard_88_block_88,protected,False,0,8,0,16,0,0,0,False,False,1,none
88,/Users/guanjie/Documents/tokenizer_alignment/results/natural_evidence_v2/status/r4_after_879458_repair_second_family_llama_locked_scale_generation_879555_raw/llama3_1_8b_instruct/shards/shard_88,shard_88_block_88,wrong_key,False,0,8,0,16,0,0,0,False,False,1,none
88,/Users/guanjie/Documents/tokenizer_alignment/results/natural_evidence_v2/status/r4_after_879458_repair_second_family_llama_locked_scale_generation_879555_raw/llama3_1_8b_instruct/shards/shard_88,shard_88_block_88,wrong_payload,False,0,8,0,16,0,0,0,False,False,1,none
88,/Users/guanjie/Documents/tokenizer_alignment/results/natural_evidence_v2/status/r4_after_879458_repair_second_family_llama_locked_scale_generation_879555_raw/llama3_1_8b_instruct/shards/shard_88,shard_88_block_88,raw,False,0,8,0,16,0,0,0,False,False,2,none
89,/Users/guanjie/Documents/tokenizer_alignment/results/natural_evidence_v2/status/r4_after_879458_repair_second_family_llama_locked_scale_generation_879555_raw/llama3_1_8b_instruct/shards/shard_89,shard_89_block_89,protected,False,0,8,0,16,0,0,0,False,False,0,all
89,/Users/guanjie/Documents/tokenizer_alignment/results/natural_evidence_v2/status/r4_after_879458_repair_second_family_llama_locked_scale_generation_879555_raw/llama3_1_8b_instruct/shards/shard_89,shard_89_block_89,wrong_key,False,0,8,0,16,0,0,0,False,False,0,all
89,/Users/guanjie/Documents/tokenizer_alignment/results/natural_evidence_v2/status/r4_after_879458_repair_second_family_llama_locked_scale_generation_879555_raw/llama3_1_8b_instruct/shards/shard_89,shard_89_block_89,wrong_payload,False,0,8,0,16,0,0,0,False,False,0,all
89,/Users/guanjie/Documents/tokenizer_alignment/results/natural_evidence_v2/status/r4_after_879458_repair_second_family_llama_locked_scale_generation_879555_raw/llama3_1_8b_instruct/shards/shard_89,shard_89_block_89,raw,False,0,8,0,16,0,0,0,False,False,2,all
89,/Users/guanjie/Documents/tokenizer_alignment/results/natural_evidence_v2/status/r4_after_879458_repair_second_family_llama_locked_scale_generation_879555_raw/llama3_1_8b_instruct/shards/shard_89,shard_89_block_89,protected,False,0,8,0,16,0,0,0,False,False,0,none
89,/Users/guanjie/Documents/tokenizer_alignment/results/natural_evidence_v2/status/r4_after_879458_repair_second_family_llama_locked_scale_generation_879555_raw/llama3_1_8b_instruct/shards/shard_89,shard_89_block_89,wrong_key,False,0,8,0,16,0,0,0,False,False,0,none
89,/Users/guanjie/Documents/tokenizer_alignment/results/natural_evidence_v2/status/r4_after_879458_repair_second_family_llama_locked_scale_generation_879555_raw/llama3_1_8b_instruct/shards/shard_89,shard_89_block_89,wrong_payload,False,0,8,0,16,0,0,0,False,False,0,none
89,/Users/guanjie/Documents/tokenizer_alignment/results/natural_evidence_v2/status/r4_after_879458_repair_second_family_llama_locked_scale_generation_879555_raw/llama3_1_8b_instruct/shards/shard_89,shard_89_block_89,raw,False,0,8,0,16,0,0,0,False,False,2,none
90,/Users/guanjie/Documents/tokenizer_alignment/results/natural_evidence_v2/status/r4_after_879458_repair_second_family_llama_locked_scale_generation_879555_raw/llama3_1_8b_instruct/shards/shard_90,shard_90_block_90,protected,False,0,8,0,16,0,0,0,False,False,9,all
90,/Users/guanjie/Documents/tokenizer_alignment/results/natural_evidence_v2/status/r4_after_879458_repair_second_family_llama_locked_scale_generation_879555_raw/llama3_1_8b_instruct/shards/shard_90,shard_90_block_90,wrong_key,False,0,8,0,16,0,0,0,False,False,9,all
90,/Users/guanjie/Documents/tokenizer_alignment/results/natural_evidence_v2/status/r4_after_879458_repair_second_family_llama_locked_scale_generation_879555_raw/llama3_1_8b_instruct/shards/shard_90,shard_90_block_90,wrong_payload,False,0,8,0,16,0,0,0,False,False,9,all
90,/Users/guanjie/Documents/tokenizer_alignment/results/natural_evidence_v2/status/r4_after_879458_repair_second_family_llama_locked_scale_generation_879555_raw/llama3_1_8b_instruct/shards/shard_90,shard_90_block_90,raw,False,0,8,0,16,0,0,0,False,False,9,all
90,/Users/guanjie/Documents/tokenizer_alignment/results/natural_evidence_v2/status/r4_after_879458_repair_second_family_llama_locked_scale_generation_879555_raw/llama3_1_8b_instruct/shards/shard_90,shard_90_block_90,protected,False,0,8,0,16,0,0,0,False,False,9,none
90,/Users/guanjie/Documents/tokenizer_alignment/results/natural_evidence_v2/status/r4_after_879458_repair_second_family_llama_locked_scale_generation_879555_raw/llama3_1_8b_instruct/shards/shard_90,shard_90_block_90,wrong_key,False,0,8,0,16,0,0,0,False,False,9,none
90,/Users/guanjie/Documents/tokenizer_alignment/results/natural_evidence_v2/status/r4_after_879458_repair_second_family_llama_locked_scale_generation_879555_raw/llama3_1_8b_instruct/shards/shard_90,shard_90_block_90,wrong_payload,False,0,8,0,16,0,0,0,False,False,9,none
90,/Users/guanjie/Documents/tokenizer_alignment/results/natural_evidence_v2/status/r4_after_879458_repair_second_family_llama_locked_scale_generation_879555_raw/llama3_1_8b_instruct/shards/shard_90,shard_90_block_90,raw,False,0,8,0,16,0,0,0,False,False,9,none
91,/Users/guanjie/Documents/tokenizer_alignment/results/natural_evidence_v2/status/r4_after_879458_repair_second_family_llama_locked_scale_generation_879555_raw/llama3_1_8b_instruct/shards/shard_91,shard_91_block_91,protected,False,0,8,0,16,0,0,0,False,False,9,all
91,/Users/guanjie/Documents/tokenizer_alignment/results/natural_evidence_v2/status/r4_after_879458_repair_second_family_llama_locked_scale_generation_879555_raw/llama3_1_8b_instruct/shards/shard_91,shard_91_block_91,wrong_key,False,0,8,0,16,0,0,0,False,False,9,all
91,/Users/guanjie/Documents/tokenizer_alignment/results/natural_evidence_v2/status/r4_after_879458_repair_second_family_llama_locked_scale_generation_879555_raw/llama3_1_8b_instruct/shards/shard_91,shard_91_block_91,wrong_payload,False,0,8,0,16,0,0,0,False,False,9,all
91,/Users/guanjie/Documents/tokenizer_alignment/results/natural_evidence_v2/status/r4_after_879458_repair_second_family_llama_locked_scale_generation_879555_raw/llama3_1_8b_instruct/shards/shard_91,shard_91_block_91,raw,False,0,8,0,16,0,0,0,False,False,12,all
91,/Users/guanjie/Documents/tokenizer_alignment/results/natural_evidence_v2/status/r4_after_879458_repair_second_family_llama_locked_scale_generation_879555_raw/llama3_1_8b_instruct/shards/shard_91,shard_91_block_91,protected,False,0,8,0,16,0,0,0,False,False,9,none
91,/Users/guanjie/Documents/tokenizer_alignment/results/natural_evidence_v2/status/r4_after_879458_repair_second_family_llama_locked_scale_generation_879555_raw/llama3_1_8b_instruct/shards/shard_91,shard_91_block_91,wrong_key,False,0,8,0,16,0,0,0,False,False,9,none
91,/Users/guanjie/Documents/tokenizer_alignment/results/natural_evidence_v2/status/r4_after_879458_repair_second_family_llama_locked_scale_generation_879555_raw/llama3_1_8b_instruct/shards/shard_91,shard_91_block_91,wrong_payload,False,0,8,0,16,0,0,0,False,False,9,none
91,/Users/guanjie/Documents/tokenizer_alignment/results/natural_evidence_v2/status/r4_after_879458_repair_second_family_llama_locked_scale_generation_879555_raw/llama3_1_8b_instruct/shards/shard_91,shard_91_block_91,raw,False,0,8,0,16,0,0,0,False,False,12,none
92,/Users/guanjie/Documents/tokenizer_alignment/results/natural_evidence_v2/status/r4_after_879458_repair_second_family_llama_locked_scale_generation_879555_raw/llama3_1_8b_instruct/shards/shard_92,shard_92_block_92,protected,False,0,8,0,16,0,0,0,False,False,9,all
92,/Users/guanjie/Documents/tokenizer_alignment/results/natural_evidence_v2/status/r4_after_879458_repair_second_family_llama_locked_scale_generation_879555_raw/llama3_1_8b_instruct/shards/shard_92,shard_92_block_92,wrong_key,False,0,8,0,16,0,0,0,False,False,9,all
92,/Users/guanjie/Documents/tokenizer_alignment/results/natural_evidence_v2/status/r4_after_879458_repair_second_family_llama_locked_scale_generation_879555_raw/llama3_1_8b_instruct/shards/shard_92,shard_92_block_92,wrong_payload,False,0,8,0,16,0,0,0,False,False,9,all
92,/Users/guanjie/Documents/tokenizer_alignment/results/natural_evidence_v2/status/r4_after_879458_repair_second_family_llama_locked_scale_generation_879555_raw/llama3_1_8b_instruct/shards/shard_92,shard_92_block_92,raw,False,0,8,0,16,0,0,0,False,False,2,all
92,/Users/guanjie/Documents/tokenizer_alignment/results/natural_evidence_v2/status/r4_after_879458_repair_second_family_llama_locked_scale_generation_879555_raw/llama3_1_8b_instruct/shards/shard_92,shard_92_block_92,protected,False,0,8,0,16,0,0,0,False,False,9,none
92,/Users/guanjie/Documents/tokenizer_alignment/results/natural_evidence_v2/status/r4_after_879458_repair_second_family_llama_locked_scale_generation_879555_raw/llama3_1_8b_instruct/shards/shard_92,shard_92_block_92,wrong_key,False,0,8,0,16,0,0,0,False,False,9,none
92,/Users/guanjie/Documents/tokenizer_alignment/results/natural_evidence_v2/status/r4_after_879458_repair_second_family_llama_locked_scale_generation_879555_raw/llama3_1_8b_instruct/shards/shard_92,shard_92_block_92,wrong_payload,False,0,8,0,16,0,0,0,False,False,9,none
92,/Users/guanjie/Documents/tokenizer_alignment/results/natural_evidence_v2/status/r4_after_879458_repair_second_family_llama_locked_scale_generation_879555_raw/llama3_1_8b_instruct/shards/shard_92,shard_92_block_92,raw,False,0,8,0,16,0,0,0,False,False,2,none
93,/Users/guanjie/Documents/tokenizer_alignment/results/natural_evidence_v2/status/r4_after_879458_repair_second_family_llama_locked_scale_generation_879555_raw/llama3_1_8b_instruct/shards/shard_93,shard_93_block_93,protected,False,0,8,0,16,0,0,0,False,False,9,all
93,/Users/guanjie/Documents/tokenizer_alignment/results/natural_evidence_v2/status/r4_after_879458_repair_second_family_llama_locked_scale_generation_879555_raw/llama3_1_8b_instruct/shards/shard_93,shard_93_block_93,wrong_key,False,0,8,0,16,0,0,0,False,False,9,all
93,/Users/guanjie/Documents/tokenizer_alignment/results/natural_evidence_v2/status/r4_after_879458_repair_second_family_llama_locked_scale_generation_879555_raw/llama3_1_8b_instruct/shards/shard_93,shard_93_block_93,wrong_payload,False,0,8,0,16,0,0,0,False,False,9,all
93,/Users/guanjie/Documents/tokenizer_alignment/results/natural_evidence_v2/status/r4_after_879458_repair_second_family_llama_locked_scale_generation_879555_raw/llama3_1_8b_instruct/shards/shard_93,shard_93_block_93,raw,False,0,8,0,16,0,0,0,False,False,4,all
93,/Users/guanjie/Documents/tokenizer_alignment/results/natural_evidence_v2/status/r4_after_879458_repair_second_family_llama_locked_scale_generation_879555_raw/llama3_1_8b_instruct/shards/shard_93,shard_93_block_93,protected,False,0,8,0,16,0,0,0,False,False,9,none
93,/Users/guanjie/Documents/tokenizer_alignment/results/natural_evidence_v2/status/r4_after_879458_repair_second_family_llama_locked_scale_generation_879555_raw/llama3_1_8b_instruct/shards/shard_93,shard_93_block_93,wrong_key,False,0,8,0,16,0,0,0,False,False,9,none
93,/Users/guanjie/Documents/tokenizer_alignment/results/natural_evidence_v2/status/r4_after_879458_repair_second_family_llama_locked_scale_generation_879555_raw/llama3_1_8b_instruct/shards/shard_93,shard_93_block_93,wrong_payload,False,0,8,0,16,0,0,0,False,False,9,none
93,/Users/guanjie/Documents/tokenizer_alignment/results/natural_evidence_v2/status/r4_after_879458_repair_second_family_llama_locked_scale_generation_879555_raw/llama3_1_8b_instruct/shards/shard_93,shard_93_block_93,raw,False,0,8,0,16,0,0,0,False,False,4,none
94,/Users/guanjie/Documents/tokenizer_alignment/results/natural_evidence_v2/status/r4_after_879458_repair_second_family_llama_locked_scale_generation_879555_raw/llama3_1_8b_instruct/shards/shard_94,shard_94_block_94,protected,False,0,8,0,16,0,0,0,False,False,8,all
94,/Users/guanjie/Documents/tokenizer_alignment/results/natural_evidence_v2/status/r4_after_879458_repair_second_family_llama_locked_scale_generation_879555_raw/llama3_1_8b_instruct/shards/shard_94,shard_94_block_94,wrong_key,False,0,8,0,16,0,0,0,False,False,8,all
94,/Users/guanjie/Documents/tokenizer_alignment/results/natural_evidence_v2/status/r4_after_879458_repair_second_family_llama_locked_scale_generation_879555_raw/llama3_1_8b_instruct/shards/shard_94,shard_94_block_94,wrong_payload,False,0,8,0,16,0,0,0,False,False,8,all
94,/Users/guanjie/Documents/tokenizer_alignment/results/natural_evidence_v2/status/r4_after_879458_repair_second_family_llama_locked_scale_generation_879555_raw/llama3_1_8b_instruct/shards/shard_94,shard_94_block_94,raw,False,0,8,0,16,0,0,0,False,False,4,all
94,/Users/guanjie/Documents/tokenizer_alignment/results/natural_evidence_v2/status/r4_after_879458_repair_second_family_llama_locked_scale_generation_879555_raw/llama3_1_8b_instruct/shards/shard_94,shard_94_block_94,protected,False,0,8,0,16,0,0,0,False,False,8,none
94,/Users/guanjie/Documents/tokenizer_alignment/results/natural_evidence_v2/status/r4_after_879458_repair_second_family_llama_locked_scale_generation_879555_raw/llama3_1_8b_instruct/shards/shard_94,shard_94_block_94,wrong_key,False,0,8,0,16,0,0,0,False,False,8,none
94,/Users/guanjie/Documents/tokenizer_alignment/results/natural_evidence_v2/status/r4_after_879458_repair_second_family_llama_locked_scale_generation_879555_raw/llama3_1_8b_instruct/shards/shard_94,shard_94_block_94,wrong_payload,False,0,8,0,16,0,0,0,False,False,8,none
94,/Users/guanjie/Documents/tokenizer_alignment/results/natural_evidence_v2/status/r4_after_879458_repair_second_family_llama_locked_scale_generation_879555_raw/llama3_1_8b_instruct/shards/shard_94,shard_94_block_94,raw,False,0,8,0,16,0,0,0,False,False,4,none
95,/Users/guanjie/Documents/tokenizer_alignment/results/natural_evidence_v2/status/r4_after_879458_repair_second_family_llama_locked_scale_generation_879555_raw/llama3_1_8b_instruct/shards/shard_95,shard_95_block_95,protected,False,0,8,0,16,0,0,0,False,False,10,all
95,/Users/guanjie/Documents/tokenizer_alignment/results/natural_evidence_v2/status/r4_after_879458_repair_second_family_llama_locked_scale_generation_879555_raw/llama3_1_8b_instruct/shards/shard_95,shard_95_block_95,wrong_key,False,0,8,0,16,0,0,0,False,False,10,all
95,/Users/guanjie/Documents/tokenizer_alignment/results/natural_evidence_v2/status/r4_after_879458_repair_second_family_llama_locked_scale_generation_879555_raw/llama3_1_8b_instruct/shards/shard_95,shard_95_block_95,wrong_payload,False,0,8,0,16,0,0,0,False,False,10,all
95,/Users/guanjie/Documents/tokenizer_alignment/results/natural_evidence_v2/status/r4_after_879458_repair_second_family_llama_locked_scale_generation_879555_raw/llama3_1_8b_instruct/shards/shard_95,shard_95_block_95,raw,False,0,8,0,16,0,0,0,False,False,8,all
95,/Users/guanjie/Documents/tokenizer_alignment/results/natural_evidence_v2/status/r4_after_879458_repair_second_family_llama_locked_scale_generation_879555_raw/llama3_1_8b_instruct/shards/shard_95,shard_95_block_95,protected,False,0,8,0,16,0,0,0,False,False,10,none
95,/Users/guanjie/Documents/tokenizer_alignment/results/natural_evidence_v2/status/r4_after_879458_repair_second_family_llama_locked_scale_generation_879555_raw/llama3_1_8b_instruct/shards/shard_95,shard_95_block_95,wrong_key,False,0,8,0,16,0,0,0,False,False,10,none
95,/Users/guanjie/Documents/tokenizer_alignment/results/natural_evidence_v2/status/r4_after_879458_repair_second_family_llama_locked_scale_generation_879555_raw/llama3_1_8b_instruct/shards/shard_95,shard_95_block_95,wrong_payload,False,0,8,0,16,0,0,0,False,False,10,none
95,/Users/guanjie/Documents/tokenizer_alignment/results/natural_evidence_v2/status/r4_after_879458_repair_second_family_llama_locked_scale_generation_879555_raw/llama3_1_8b_instruct/shards/shard_95,shard_95_block_95,raw,False,0,8,0,16,0,0,0,False,False,8,none
