{
  "condition_plan": [
    "base",
    "protected_gain_0",
    "protected_gain_0_5",
    "protected_gain_1",
    "protected_gain_1_5",
    "protected_gain_2",
    "protected_gain_3",
    "protected_gain_4",
    "task_only"
  ],
  "condition_summary": {
    "base": {
      "mean_target_margin": 0.0011152352326640885,
      "mean_target_mass": 0.010443259145989078,
      "median_target_margin": 9.254756878362969e-05,
      "row_count": 4096,
      "target_surface_rank1_rate": 0.5419921875
    },
    "protected_gain_0": {
      "mean_target_margin": 0.0011152352326640885,
      "mean_target_mass": 0.010443259145989078,
      "median_target_margin": 9.254756878362969e-05,
      "row_count": 4096,
      "target_surface_rank1_rate": 0.5419921875
    },
    "protected_gain_0_5": {
      "mean_target_margin": -0.018386645032265392,
      "mean_target_mass": 0.01923984053615868,
      "median_target_margin": 0.00010526832193136215,
      "row_count": 4096,
      "target_surface_rank1_rate": 0.50927734375
    },
    "protected_gain_1": {
      "mean_target_margin": -0.025175772974805,
      "mean_target_mass": 0.016745425913413214,
      "median_target_margin": -9.987642988562584e-05,
      "row_count": 4096,
      "target_surface_rank1_rate": 0.482666015625
    },
    "protected_gain_1_5": {
      "mean_target_margin": -0.024924323340528076,
      "mean_target_mass": 0.014971939032008663,
      "median_target_margin": -0.00023006374249234796,
      "row_count": 4096,
      "target_surface_rank1_rate": 0.45458984375
    },
    "protected_gain_2": {
      "mean_target_margin": -0.022943925863359027,
      "mean_target_mass": 0.013361848540014876,
      "median_target_margin": -0.0002966029569506645,
      "row_count": 4096,
      "target_surface_rank1_rate": 0.431884765625
    },
    "protected_gain_3": {
      "mean_target_margin": -0.01860642843394089,
      "mean_target_mass": 0.010687618746970884,
      "median_target_margin": -0.00039413984632119536,
      "row_count": 4096,
      "target_surface_rank1_rate": 0.373779296875
    },
    "protected_gain_4": {
      "mean_target_margin": -0.01535214335005719,
      "mean_target_mass": 0.008850594024607972,
      "median_target_margin": -0.0003914873523171991,
      "row_count": 4096,
      "target_surface_rank1_rate": 0.364990234375
    },
    "task_only": {
      "mean_target_margin": 0.0003730486526591925,
      "mean_target_mass": 0.005524020421530015,
      "median_target_margin": 6.013862019926819e-06,
      "row_count": 4096,
      "target_surface_rank1_rate": 0.566650390625
    }
  },
  "controller_applies_only_to_protected_conditions": true,
  "controller_condition_set": "standard",
  "controller_config": {
    "bonus_nats": 0.0,
    "max_kl_budget": null,
    "max_target_mass": null,
    "mode": "disabled",
    "penalty_nats": 0.0
  },
  "controller_enabled": false,
  "controller_only_summary": {},
  "far_aggregation_started": false,
  "gain_sweep_summary": {
    "protected_gain_0": {
      "lift_vs_base": 0.0,
      "lift_vs_task_only": 0.004919238724459063,
      "mean_target_mass": 0.010443259145989078,
      "median_target_margin": 9.254756878362969e-05,
      "target_surface_rank1_rate": 0.5419921875
    },
    "protected_gain_0_5": {
      "lift_vs_base": 0.008796581390169603,
      "lift_vs_task_only": 0.013715820114628666,
      "mean_target_mass": 0.01923984053615868,
      "median_target_margin": 0.00010526832193136215,
      "target_surface_rank1_rate": 0.50927734375
    },
    "protected_gain_1": {
      "lift_vs_base": 0.006302166767424136,
      "lift_vs_task_only": 0.0112214054918832,
      "mean_target_mass": 0.016745425913413214,
      "median_target_margin": -9.987642988562584e-05,
      "target_surface_rank1_rate": 0.482666015625
    },
    "protected_gain_1_5": {
      "lift_vs_base": 0.004528679886019585,
      "lift_vs_task_only": 0.009447918610478648,
      "mean_target_mass": 0.014971939032008663,
      "median_target_margin": -0.00023006374249234796,
      "target_surface_rank1_rate": 0.45458984375
    },
    "protected_gain_2": {
      "lift_vs_base": 0.0029185893940257973,
      "lift_vs_task_only": 0.00783782811848486,
      "mean_target_mass": 0.013361848540014876,
      "median_target_margin": -0.0002966029569506645,
      "target_surface_rank1_rate": 0.431884765625
    },
    "protected_gain_3": {
      "lift_vs_base": 0.00024435960098180554,
      "lift_vs_task_only": 0.005163598325440869,
      "mean_target_mass": 0.010687618746970884,
      "median_target_margin": -0.00039413984632119536,
      "target_surface_rank1_rate": 0.373779296875
    },
    "protected_gain_4": {
      "lift_vs_base": -0.0015926651213811066,
      "lift_vs_task_only": 0.0033265736030779567,
      "mean_target_mass": 0.008850594024607972,
      "median_target_margin": -0.0003914873523171991,
      "target_surface_rank1_rate": 0.364990234375
    }
  },
  "llama_started": false,
  "model_generation_started": false,
  "model_scoring_started": true,
  "observed_lifts": {
    "protected_target_surface_mass_lift_vs_base": NaN,
    "protected_target_surface_mass_lift_vs_task_only": NaN,
    "task_only_target_surface_mass_lift_vs_base": -0.004919238724459063
  },
  "paper_claim_allowed": false,
  "protected_adapter_gains": [
    0.0,
    0.5,
    1.0,
    1.5,
    2.0,
    3.0,
    4.0
  ],
  "schema_name": "natural_evidence_v2_r4_teacher_forced_surface_mass_summary_v1",
  "score_row_count": 4096,
  "scored_row_count": 36864,
  "teacher_forced_surface_gate_pass": false,
  "teacher_forced_surface_gate_status": "FAIL",
  "teacher_forced_surface_gate_targets": {
    "protected_median_target_margin": ">0",
    "protected_target_surface_mass_lift_vs_base": ">=+0.15",
    "protected_target_surface_mass_lift_vs_task_only": ">=+0.10",
    "protected_target_surface_rank1_rate": ">=0.70",
    "task_only_target_surface_mass_lift_vs_base": "<+0.05 diagnostic cap"
  },
  "training_started": false
}
