{
  "condition_plan": [
    "base",
    "task_only",
    "controlled_base",
    "wrong_key_controlled_base",
    "wrong_payload_controlled_base"
  ],
  "condition_summary": {
    "base": {
      "mean_target_margin": -0.03741329548562078,
      "mean_target_mass": 0.00483183704383805,
      "median_target_margin": -0.00652075739344582,
      "row_count": 8192,
      "target_surface_rank1_rate": 0.251953125
    },
    "controlled_base": {
      "mean_target_margin": -0.029339054832504985,
      "mean_target_mass": 0.012734405832276252,
      "median_target_margin": -0.003060495451791212,
      "row_count": 8192,
      "target_surface_rank1_rate": 0.41796875
    },
    "task_only": {
      "mean_target_margin": -0.04970936047813623,
      "mean_target_mass": 0.0016724278486419664,
      "median_target_margin": -0.0027600459288805723,
      "row_count": 8192,
      "target_surface_rank1_rate": 0.19921875
    },
    "wrong_key_controlled_base": {
      "mean_target_margin": -0.054217874207255434,
      "mean_target_mass": 0.008698406563624417,
      "median_target_margin": -0.01170885399915278,
      "row_count": 8192,
      "target_surface_rank1_rate": 0.268310546875
    },
    "wrong_payload_controlled_base": {
      "mean_target_margin": -0.07822927297329585,
      "mean_target_mass": 0.00469258742648293,
      "median_target_margin": -0.02515698908973718,
      "row_count": 8192,
      "target_surface_rank1_rate": 0.123046875
    }
  },
  "controller_applies_only_to_protected_conditions": false,
  "controller_condition_set": "controller_only_controls",
  "controller_config": {
    "bonus_nats": 1.0,
    "max_kl_budget": 0.05,
    "max_target_mass": 0.35,
    "mode": "additive",
    "penalty_nats": 0.0
  },
  "controller_enabled": true,
  "controller_only_summary": {
    "controlled_base_lift_vs_base": 0.007902568788438202,
    "controlled_base_lift_vs_task_only": 0.011061977983634286,
    "controlled_base_mean_target_mass": 0.012734405832276252,
    "controlled_base_median_target_margin": -0.003060495451791212,
    "controlled_base_rank1_rate": 0.41796875,
    "controlled_basic_gate_pass": false,
    "overall_selective_gate_pass": false,
    "wrong_key_basic_gate_pass": false,
    "wrong_key_lift_vs_base": 0.003866569519786367,
    "wrong_key_mean_target_mass": 0.008698406563624417,
    "wrong_key_rank1_rate": 0.268310546875,
    "wrong_payload_basic_gate_pass": false,
    "wrong_payload_lift_vs_base": -0.00013924961735511943,
    "wrong_payload_mean_target_mass": 0.00469258742648293,
    "wrong_payload_rank1_rate": 0.123046875
  },
  "far_aggregation_started": false,
  "gain_sweep_summary": {},
  "llama_started": false,
  "model_generation_started": false,
  "model_scoring_started": true,
  "observed_lifts": {
    "protected_target_surface_mass_lift_vs_base": NaN,
    "protected_target_surface_mass_lift_vs_task_only": NaN,
    "task_only_target_surface_mass_lift_vs_base": -0.0031594091951960834
  },
  "paper_claim_allowed": false,
  "protected_adapter_gains": [
    1.0
  ],
  "schema_name": "natural_evidence_v2_r4_teacher_forced_surface_mass_summary_v1",
  "score_row_count": 8192,
  "scored_row_count": 40960,
  "teacher_forced_surface_gate_pass": false,
  "teacher_forced_surface_gate_status": "FAIL",
  "teacher_forced_surface_gate_targets": {
    "protected_median_target_margin": ">0",
    "protected_target_surface_mass_lift_vs_base": ">=+0.15",
    "protected_target_surface_mass_lift_vs_task_only": ">=+0.10",
    "protected_target_surface_rank1_rate": ">=0.70",
    "task_only_target_surface_mass_lift_vs_base": "<+0.05 diagnostic cap"
  },
  "training_started": false
}
