assistant_prefix_model_text,target_surface_label,protected_mean_target_mass,base_mean_target_mass,task_only_mean_target_mass,lift_vs_base,lift_vs_task_only
A practical next move is:,Create a short summary,0.16356488165911287,0.010948905420264055,0.0043249780253091785,0.15261597623884882,0.1592399036338037
A practical next move is:,Create a simple timeline,0.16231721360236406,0.005714277513135357,0.001962155585328418,0.1566029360892287,0.16035505801703565
A useful action is:,Prepare a note,0.15076337521895766,0.0012197791277230863,0.00017447631252842655,0.14954359609123458,0.15058889890642924
A useful action is:,Prepare questions,0.1490388783859089,0.001444386114229701,0.00022810147140184256,0.1475944922716792,0.14881077691450706
