{
  "arm_summary": {
    "protected": {
      "blocks": 29,
      "distinct_coordinates_mean": 1.793103448275862,
      "dry_run_accepts": 0,
      "keyed_score_mean": 0.7241379310344828,
      "observed_events_mean": 4.448275862068965,
      "observed_events_median": 3.0,
      "specificity_margin_mean": 3.6551724137931036,
      "specificity_margin_min": 0.0
    },
    "raw": {
      "blocks": 31,
      "distinct_coordinates_mean": 1.7741935483870968,
      "dry_run_accepts": 0,
      "keyed_score_mean": 2.096774193548387,
      "observed_events_mean": 3.5806451612903225,
      "observed_events_median": 3.0,
      "specificity_margin_mean": 2.129032258064516,
      "specificity_margin_min": -2.0
    },
    "task_only": {
      "blocks": 26,
      "distinct_coordinates_mean": 1.7307692307692308,
      "dry_run_accepts": 0,
      "keyed_score_mean": 1.3846153846153846,
      "observed_events_mean": 3.3846153846153846,
      "observed_events_median": 2.0,
      "specificity_margin_mean": 1.5384615384615385,
      "specificity_margin_min": -2.0
    },
    "wrong_key": {
      "blocks": 29,
      "distinct_coordinates_mean": 1.793103448275862,
      "dry_run_accepts": 0,
      "keyed_score_mean": -4.172413793103448,
      "observed_events_mean": 4.448275862068965,
      "observed_events_median": 3.0,
      "specificity_margin_mean": -7.793103448275862,
      "specificity_margin_min": -38.0
    },
    "wrong_payload": {
      "blocks": 29,
      "distinct_coordinates_mean": 1.7586206896551724,
      "dry_run_accepts": 0,
      "keyed_score_mean": -3.0689655172413794,
      "observed_events_mean": 4.448275862068965,
      "observed_events_median": 3.0,
      "specificity_margin_mean": -6.689655172413793,
      "specificity_margin_min": -32.0
    }
  },
  "audit_key_commitment": "7e40040e4cdc79a46210283a55cb9c70c2d7d4d63204b0a3a174f4ee23b93f05",
  "condition_coverage": [
    {
      "condition": "protected",
      "mean_events_per_row": 0.06298828125,
      "median_events_per_row": 0.0,
      "row_support_rate": 0.05712890625,
      "rows": 2048,
      "rows_with_support_events": 117,
      "total_support_events": 129
    },
    {
      "condition": "raw",
      "mean_events_per_row": 0.05419921875,
      "median_events_per_row": 0.0,
      "row_support_rate": 0.05224609375,
      "rows": 2048,
      "rows_with_support_events": 107,
      "total_support_events": 111
    },
    {
      "condition": "task_only",
      "mean_events_per_row": 0.04296875,
      "median_events_per_row": 0.0,
      "row_support_rate": 0.0419921875,
      "rows": 2048,
      "rows_with_support_events": 86,
      "total_support_events": 88
    }
  ],
  "diagnostic_only": true,
  "generated_rows": 6144,
  "generation_allowed": false,
  "generation_dir": "/Users/guanjie/Documents/tokenizer_alignment/results/natural_evidence_v2/status/r4_positive_event_bank_dev_diagnostic_859277",
  "interpretation": "Support-window contract increases support diagnostics but does not recover protected accept-like blocks in this dry-run.",
  "package_dir": "/Users/guanjie/Documents/tokenizer_alignment/results/natural_evidence_v2/precommit/r4_positive_selectivity_repair_package_20260514_2158",
  "paper_claim_allowed": false,
  "positive_reclassification_allowed": false,
  "post_hoc_phrase_mining_allowed": false,
  "schema_name": "natural_evidence_v2_r4_positive_support_window_coverage_dry_run_v1",
  "slurm_allowed": false,
  "status": "FAIL_SUPPORT_WINDOW_DRY_RUN_NO_PROTECTED_ACCEPTS_NO_COMPUTE",
  "wrong_key_commitment": "eda780722d2b3273ba85012e3658bada97a8401b52376e60a794c413465d982e"
}
